solid OpenSCAD_Model
  facet normal -0.911751 -0.0193561 -0.410288
    outer loop
      vertex -18.3478 -0.332568 1.12202
      vertex -18.75 0 2
      vertex -17.85 0 0
    endloop
  endfacet
  facet normal -0.911751 0.0193562 -0.410288
    outer loop
      vertex -17.85 0 0
      vertex -18.75 0 2
      vertex -18.7374 0.592802 2
    endloop
  endfacet
  facet normal -0.999775 0.0212249 0
    outer loop
      vertex -18.7374 0.592802 2
      vertex -18.75 0 2
      vertex -18.75 0 2.8
    endloop
  endfacet
  facet normal -0.999775 -0.0212249 0
    outer loop
      vertex -18.75 0 2.8
      vertex -18.75 0 2
      vertex -18.7374 -0.592802 2
    endloop
  endfacet
  facet normal -0.911751 -0.0193562 -0.410288
    outer loop
      vertex -18.7374 -0.592802 2
      vertex -18.75 0 2
      vertex -18.3478 -0.332568 1.12202
    endloop
  endfacet
  facet normal -0.616584 -0.637161 -0.462438
    outer loop
      vertex -17.7857 -1.51379 2
      vertex -18.7374 -0.592802 2
      vertex -18.3478 -0.332568 1.12202
    endloop
  endfacet
  facet normal -0.616584 -0.637161 -0.462438
    outer loop
      vertex -17.85 0 0
      vertex -17.7857 -1.51379 2
      vertex -18.3478 -0.332568 1.12202
    endloop
  endfacet
  facet normal -0.668398 0.582576 0.462438
    outer loop
      vertex -18.3462 -1.56149 1.25
      vertex -17.7857 -1.51379 2
      vertex -17.85 0 0
    endloop
  endfacet
  facet normal -0.668398 0.582576 0.462438
    outer loop
      vertex -18.3462 -1.56149 1.25
      vertex -17.85 0 0
      vertex -18.0432 -0.584469 0.457001
    endloop
  endfacet
  facet normal -0.668398 0.582576 0.462438
    outer loop
      vertex -18.229 -1.17779 0.93591
      vertex -18.0432 -0.584469 0.457001
      vertex -18.1043 -0.76906 0.601334
    endloop
  endfacet
  facet normal -0.668398 0.582576 0.462438
    outer loop
      vertex -18.3462 -1.56149 1.25
      vertex -18.0432 -0.584469 0.457001
      vertex -18.229 -1.17779 0.93591
    endloop
  endfacet
  facet normal -0.911751 -0.0193561 -0.410288
    outer loop
      vertex -17.8339 -0.757575 0
      vertex -18.0432 -0.584469 0.457001
      vertex -17.85 0 0
    endloop
  endfacet
  facet normal 0 0 -1
    outer loop
      vertex -17.85 0 0
      vertex -17.8339 0.757575 0
      vertex -17.8339 -0.757575 0
    endloop
  endfacet
  facet normal 0 0 -1
    outer loop
      vertex -17.8339 -0.757575 0
      vertex -17.8339 0.757575 0
      vertex -17.7857 1.51379 0
    endloop
  endfacet
  facet normal 0 0 -1
    outer loop
      vertex -17.8339 -0.757575 0
      vertex -17.7857 1.51379 0
      vertex -17.7054 2.26727 0
    endloop
  endfacet
  facet normal 0 0 -1
    outer loop
      vertex -17.8339 -0.757575 0
      vertex -17.7054 2.26727 0
      vertex -17.5932 3.01666 0
    endloop
  endfacet
  facet normal 0 0 -1
    outer loop
      vertex -17.8339 -0.757575 0
      vertex -17.5932 3.01666 0
      vertex -17.4494 3.76062 0
    endloop
  endfacet
  facet normal 0 0 -1
    outer loop
      vertex -17.8339 -0.757575 0
      vertex -17.4494 3.76062 0
      vertex -17.274 4.49781 0
    endloop
  endfacet
  facet normal 0 0 -1
    outer loop
      vertex -17.8339 -0.757575 0
      vertex -17.274 4.49781 0
      vertex -17.0676 5.22689 0
    endloop
  endfacet
  facet normal 0 0 -1
    outer loop
      vertex -17.8339 -0.757575 0
      vertex -17.0676 5.22689 0
      vertex -16.8304 5.94654 0
    endloop
  endfacet
  facet normal 0 0 -1
    outer loop
      vertex -17.8339 -0.757575 0
      vertex -16.8304 5.94654 0
      vertex -16.5628 6.65549 0
    endloop
  endfacet
  facet normal 0 0 -1
    outer loop
      vertex -17.8339 -0.757575 0
      vertex -16.5628 6.65549 0
      vertex -16.2654 7.35244 0
    endloop
  endfacet
  facet normal 0 0 -1
    outer loop
      vertex -17.8339 -0.757575 0
      vertex -16.2654 7.35244 0
      vertex -15.9387 8.03614 0
    endloop
  endfacet
  facet normal 0 0 -1
    outer loop
      vertex -17.8339 -0.757575 0
      vertex -15.9387 8.03614 0
      vertex -15.5833 8.70535 0
    endloop
  endfacet
  facet normal 0 0 -1
    outer loop
      vertex -17.8339 -0.757575 0
      vertex -15.5833 8.70535 0
      vertex -15.1998 9.35888 0
    endloop
  endfacet
  facet normal 0 0 -1
    outer loop
      vertex -17.8339 -0.757575 0
      vertex -15.1998 9.35888 0
      vertex -14.7889 9.99555 0
    endloop
  endfacet
  facet normal 0 0 -1
    outer loop
      vertex -17.8339 -0.757575 0
      vertex -14.7889 9.99555 0
      vertex -14.3513 10.6142 0
    endloop
  endfacet
  facet normal 0 0 -1
    outer loop
      vertex -17.8339 -0.757575 0
      vertex -14.3513 10.6142 0
      vertex -13.8879 11.2137 0
    endloop
  endfacet
  facet normal 0 0 -1
    outer loop
      vertex -17.8339 -0.757575 0
      vertex -13.8879 11.2137 0
      vertex -13.3995 11.793 0
    endloop
  endfacet
  facet normal 0 0 -1
    outer loop
      vertex -17.8339 -0.757575 0
      vertex -13.3995 11.793 0
      vertex -12.8869 12.3511 0
    endloop
  endfacet
  facet normal 0 0 -1
    outer loop
      vertex -17.8339 -0.757575 0
      vertex -12.8869 12.3511 0
      vertex -12.3511 12.8869 0
    endloop
  endfacet
  facet normal 0 0 -1
    outer loop
      vertex -17.8339 -0.757575 0
      vertex -12.3511 12.8869 0
      vertex -11.793 13.3995 0
    endloop
  endfacet
  facet normal 0 0 -1
    outer loop
      vertex -17.8339 -0.757575 0
      vertex -11.793 13.3995 0
      vertex -11.2137 13.8879 0
    endloop
  endfacet
  facet normal 0 0 -1
    outer loop
      vertex -17.8339 -0.757575 0
      vertex -11.2137 13.8879 0
      vertex -10.6142 14.3513 0
    endloop
  endfacet
  facet normal 0 0 -1
    outer loop
      vertex -17.8339 -0.757575 0
      vertex -10.6142 14.3513 0
      vertex -9.99555 14.7889 0
    endloop
  endfacet
  facet normal 0 0 -1
    outer loop
      vertex -17.8339 -0.757575 0
      vertex -9.99555 14.7889 0
      vertex -9.35888 15.1998 0
    endloop
  endfacet
  facet normal 0 0 -1
    outer loop
      vertex -17.8339 -0.757575 0
      vertex -9.35888 15.1998 0
      vertex -8.70535 15.5833 0
    endloop
  endfacet
  facet normal 0 0 -1
    outer loop
      vertex -17.8339 -0.757575 0
      vertex -8.70535 15.5833 0
      vertex -8.03614 15.9387 0
    endloop
  endfacet
  facet normal 0 0 -1
    outer loop
      vertex -17.8339 -0.757575 0
      vertex -8.03614 15.9387 0
      vertex -7.35244 16.2654 0
    endloop
  endfacet
  facet normal 0 0 -1
    outer loop
      vertex -17.8339 -0.757575 0
      vertex -7.35244 16.2654 0
      vertex -6.65549 16.5628 0
    endloop
  endfacet
  facet normal 0 0 -1
    outer loop
      vertex -17.8339 -0.757575 0
      vertex -6.65549 16.5628 0
      vertex -5.94654 16.8304 0
    endloop
  endfacet
  facet normal 0 0 -1
    outer loop
      vertex -17.8339 -0.757575 0
      vertex -5.94654 16.8304 0
      vertex -5.22689 17.0676 0
    endloop
  endfacet
  facet normal 0 0 -1
    outer loop
      vertex -17.8339 -0.757575 0
      vertex -5.22689 17.0676 0
      vertex -4.49781 17.274 0
    endloop
  endfacet
  facet normal 0 0 -1
    outer loop
      vertex -17.8339 -0.757575 0
      vertex -4.49781 17.274 0
      vertex -3.76062 17.4494 0
    endloop
  endfacet
  facet normal 0 0 -1
    outer loop
      vertex -17.8339 -0.757575 0
      vertex -3.76062 17.4494 0
      vertex -3.01666 17.5932 0
    endloop
  endfacet
  facet normal 0 0 -1
    outer loop
      vertex -17.8339 -0.757575 0
      vertex -3.01666 17.5932 0
      vertex -2.26727 17.7054 0
    endloop
  endfacet
  facet normal 0 0 -1
    outer loop
      vertex -17.8339 -0.757575 0
      vertex -2.26727 17.7054 0
      vertex -1.51379 17.7857 0
    endloop
  endfacet
  facet normal 0 0 -1
    outer loop
      vertex -17.8339 -0.757575 0
      vertex -1.51379 17.7857 0
      vertex -0.757575 17.8339 0
    endloop
  endfacet
  facet normal 0 0 -1
    outer loop
      vertex -17.8339 -0.757575 0
      vertex -0.757575 17.8339 0
      vertex 0 17.85 0
    endloop
  endfacet
  facet normal 0 0 -1
    outer loop
      vertex -17.8339 -0.757575 0
      vertex 0 17.85 0
      vertex 0.757575 17.8339 0
    endloop
  endfacet
  facet normal 0 0 -1
    outer loop
      vertex -17.8339 -0.757575 0
      vertex 0.757575 17.8339 0
      vertex 1.51379 17.7857 0
    endloop
  endfacet
  facet normal 0 0 -1
    outer loop
      vertex -17.8339 -0.757575 0
      vertex 1.51379 17.7857 0
      vertex 2.26727 17.7054 0
    endloop
  endfacet
  facet normal 0 0 -1
    outer loop
      vertex -17.8339 -0.757575 0
      vertex 2.26727 17.7054 0
      vertex 3.01666 17.5932 0
    endloop
  endfacet
  facet normal 0 0 -1
    outer loop
      vertex -17.8339 -0.757575 0
      vertex 3.01666 17.5932 0
      vertex 3.76062 17.4494 0
    endloop
  endfacet
  facet normal 0 0 -1
    outer loop
      vertex -17.8339 -0.757575 0
      vertex 3.76062 17.4494 0
      vertex 4.49781 17.274 0
    endloop
  endfacet
  facet normal 0 0 -1
    outer loop
      vertex -17.8339 -0.757575 0
      vertex 4.49781 17.274 0
      vertex 5.22689 17.0676 0
    endloop
  endfacet
  facet normal 0 0 -1
    outer loop
      vertex -17.8339 -0.757575 0
      vertex 5.22689 17.0676 0
      vertex 5.94654 16.8304 0
    endloop
  endfacet
  facet normal 0 0 -1
    outer loop
      vertex -17.8339 -0.757575 0
      vertex 5.94654 16.8304 0
      vertex 6.65549 16.5628 0
    endloop
  endfacet
  facet normal 0 0 -1
    outer loop
      vertex -17.8339 -0.757575 0
      vertex 6.65549 16.5628 0
      vertex 7.35244 16.2654 0
    endloop
  endfacet
  facet normal 0 0 -1
    outer loop
      vertex -17.8339 -0.757575 0
      vertex 7.35244 16.2654 0
      vertex 8.03614 15.9387 0
    endloop
  endfacet
  facet normal 0 0 -1
    outer loop
      vertex -17.8339 -0.757575 0
      vertex 8.03614 15.9387 0
      vertex 8.70535 15.5833 0
    endloop
  endfacet
  facet normal 0 0 -1
    outer loop
      vertex -17.8339 -0.757575 0
      vertex 8.70535 15.5833 0
      vertex 9.35888 15.1998 0
    endloop
  endfacet
  facet normal 0 0 -1
    outer loop
      vertex -17.8339 -0.757575 0
      vertex 9.35888 15.1998 0
      vertex 9.99555 14.7889 0
    endloop
  endfacet
  facet normal 0 0 -1
    outer loop
      vertex -17.8339 -0.757575 0
      vertex 9.99555 14.7889 0
      vertex 10.6142 14.3513 0
    endloop
  endfacet
  facet normal 0 0 -1
    outer loop
      vertex -17.8339 -0.757575 0
      vertex 10.6142 14.3513 0
      vertex 11.2137 13.8879 0
    endloop
  endfacet
  facet normal 0 0 -1
    outer loop
      vertex -17.8339 -0.757575 0
      vertex 11.2137 13.8879 0
      vertex 11.793 13.3995 0
    endloop
  endfacet
  facet normal 0 0 -1
    outer loop
      vertex -17.8339 -0.757575 0
      vertex 11.793 13.3995 0
      vertex 12.3511 12.8869 0
    endloop
  endfacet
  facet normal 0 0 -1
    outer loop
      vertex -17.8339 -0.757575 0
      vertex 12.3511 12.8869 0
      vertex 12.8869 12.3511 0
    endloop
  endfacet
  facet normal 0 0 -1
    outer loop
      vertex -17.8339 -0.757575 0
      vertex 12.8869 12.3511 0
      vertex 13.3995 11.793 0
    endloop
  endfacet
  facet normal 0 0 -1
    outer loop
      vertex -17.8339 -0.757575 0
      vertex 13.3995 11.793 0
      vertex 13.8879 11.2137 0
    endloop
  endfacet
  facet normal 0 0 -1
    outer loop
      vertex -17.8339 -0.757575 0
      vertex 13.8879 11.2137 0
      vertex 14.3513 10.6142 0
    endloop
  endfacet
  facet normal 0 0 -1
    outer loop
      vertex -17.8339 -0.757575 0
      vertex 14.3513 10.6142 0
      vertex 14.7889 9.99555 0
    endloop
  endfacet
  facet normal 0 0 -1
    outer loop
      vertex -17.8339 -0.757575 0
      vertex 14.7889 9.99555 0
      vertex 15.1998 9.35888 0
    endloop
  endfacet
  facet normal 0 0 -1
    outer loop
      vertex -17.8339 -0.757575 0
      vertex 15.1998 9.35888 0
      vertex 15.5833 8.70535 0
    endloop
  endfacet
  facet normal 0 0 -1
    outer loop
      vertex -17.8339 -0.757575 0
      vertex 15.5833 8.70535 0
      vertex 15.9387 8.03614 0
    endloop
  endfacet
  facet normal 0 0 -1
    outer loop
      vertex -17.8339 -0.757575 0
      vertex 15.9387 8.03614 0
      vertex 16.2654 7.35244 0
    endloop
  endfacet
  facet normal 0 0 -1
    outer loop
      vertex 0.988854 3.04338 0
      vertex 16.5628 6.65549 0
      vertex 16.8304 5.94654 0
    endloop
  endfacet
  facet normal 0 0 -1
    outer loop
      vertex 1.6 2.77128 0
      vertex 16.8304 5.94654 0
      vertex 17.0676 5.22689 0
    endloop
  endfacet
  facet normal 0 0 -1
    outer loop
      vertex 2.14122 2.37806 0
      vertex 17.0676 5.22689 0
      vertex 17.274 4.49781 0
    endloop
  endfacet
  facet normal 0 0 -1
    outer loop
      vertex 2.58885 1.88091 0
      vertex 17.274 4.49781 0
      vertex 17.4494 3.76062 0
    endloop
  endfacet
  facet normal 0 0 -1
    outer loop
      vertex 2.92334 1.30156 0
      vertex 17.5932 3.01666 0
      vertex 17.7054 2.26727 0
    endloop
  endfacet
  facet normal 0 0 -1
    outer loop
      vertex 3.13007 0.665317 0
      vertex 17.7054 2.26727 0
      vertex 17.7857 1.51379 0
    endloop
  endfacet
  facet normal 0 0 -1
    outer loop
      vertex 3.2 0 0
      vertex 17.8339 0.757575 0
      vertex 17.85 0 0
    endloop
  endfacet
  facet normal 0 0 -1
    outer loop
      vertex 3.13007 -0.665317 0
      vertex 17.85 0 0
      vertex 17.8339 -0.757575 0
    endloop
  endfacet
  facet normal 0 0 -1
    outer loop
      vertex 2.92334 -1.30156 0
      vertex 17.7857 -1.51379 0
      vertex 17.7054 -2.26727 0
    endloop
  endfacet
  facet normal 0 0 -1
    outer loop
      vertex 2.58885 -1.88091 0
      vertex 17.7054 -2.26727 0
      vertex 17.5932 -3.01666 0
    endloop
  endfacet
  facet normal 0 0 -1
    outer loop
      vertex 2.14122 -2.37806 0
      vertex 17.5932 -3.01666 0
      vertex 17.4494 -3.76062 0
    endloop
  endfacet
  facet normal 0 0 -1
    outer loop
      vertex 1.6 -2.77128 0
      vertex 17.4494 -3.76062 0
      vertex 17.274 -4.49781 0
    endloop
  endfacet
  facet normal 0 0 -1
    outer loop
      vertex 0.988854 -3.04338 0
      vertex 17.274 -4.49781 0
      vertex 17.0676 -5.22689 0
    endloop
  endfacet
  facet normal 0 0 -1
    outer loop
      vertex -17.8339 -0.757575 0
      vertex 16.8304 -5.94654 0
      vertex 16.5628 -6.65549 0
    endloop
  endfacet
  facet normal 0 0 -1
    outer loop
      vertex -17.8339 -0.757575 0
      vertex 16.5628 -6.65549 0
      vertex 16.2654 -7.35244 0
    endloop
  endfacet
  facet normal 0 0 -1
    outer loop
      vertex -17.8339 -0.757575 0
      vertex 16.2654 -7.35244 0
      vertex 15.9387 -8.03614 0
    endloop
  endfacet
  facet normal 0 0 -1
    outer loop
      vertex -17.8339 -0.757575 0
      vertex 15.9387 -8.03614 0
      vertex 15.5833 -8.70535 0
    endloop
  endfacet
  facet normal 0 0 -1
    outer loop
      vertex -17.8339 -0.757575 0
      vertex 15.5833 -8.70535 0
      vertex 15.1998 -9.35888 0
    endloop
  endfacet
  facet normal 0 0 -1
    outer loop
      vertex -17.8339 -0.757575 0
      vertex 15.1998 -9.35888 0
      vertex 14.7889 -9.99555 0
    endloop
  endfacet
  facet normal 0 0 -1
    outer loop
      vertex -17.8339 -0.757575 0
      vertex 14.7889 -9.99555 0
      vertex 14.3513 -10.6142 0
    endloop
  endfacet
  facet normal 0 0 -1
    outer loop
      vertex -17.8339 -0.757575 0
      vertex 14.3513 -10.6142 0
      vertex 13.8879 -11.2137 0
    endloop
  endfacet
  facet normal 0 0 -1
    outer loop
      vertex -17.8339 -0.757575 0
      vertex 13.8879 -11.2137 0
      vertex 13.3995 -11.793 0
    endloop
  endfacet
  facet normal 0 0 -1
    outer loop
      vertex -17.8339 -0.757575 0
      vertex 13.3995 -11.793 0
      vertex 12.8869 -12.3511 0
    endloop
  endfacet
  facet normal 0 0 -1
    outer loop
      vertex -17.8339 -0.757575 0
      vertex 12.8869 -12.3511 0
      vertex 12.3511 -12.8869 0
    endloop
  endfacet
  facet normal 0 0 -1
    outer loop
      vertex -17.8339 -0.757575 0
      vertex 12.3511 -12.8869 0
      vertex 11.793 -13.3995 0
    endloop
  endfacet
  facet normal 0 0 -1
    outer loop
      vertex -17.8339 -0.757575 0
      vertex 11.793 -13.3995 0
      vertex 11.2137 -13.8879 0
    endloop
  endfacet
  facet normal 0 0 -1
    outer loop
      vertex -17.8339 -0.757575 0
      vertex 11.2137 -13.8879 0
      vertex 10.6142 -14.3513 0
    endloop
  endfacet
  facet normal 0 0 -1
    outer loop
      vertex -17.8339 -0.757575 0
      vertex 10.6142 -14.3513 0
      vertex 9.99555 -14.7889 0
    endloop
  endfacet
  facet normal 0 0 -1
    outer loop
      vertex -17.8339 -0.757575 0
      vertex 9.99555 -14.7889 0
      vertex 9.35888 -15.1998 0
    endloop
  endfacet
  facet normal 0 0 -1
    outer loop
      vertex -17.8339 -0.757575 0
      vertex 9.35888 -15.1998 0
      vertex 8.70535 -15.5833 0
    endloop
  endfacet
  facet normal 0 0 -1
    outer loop
      vertex -17.8339 -0.757575 0
      vertex 8.70535 -15.5833 0
      vertex 8.03614 -15.9387 0
    endloop
  endfacet
  facet normal 0 0 -1
    outer loop
      vertex -17.8339 -0.757575 0
      vertex 8.03614 -15.9387 0
      vertex 7.35244 -16.2654 0
    endloop
  endfacet
  facet normal 0 0 -1
    outer loop
      vertex -17.8339 -0.757575 0
      vertex 7.35244 -16.2654 0
      vertex 6.65549 -16.5628 0
    endloop
  endfacet
  facet normal 0 0 -1
    outer loop
      vertex -17.8339 -0.757575 0
      vertex 6.65549 -16.5628 0
      vertex 5.94654 -16.8304 0
    endloop
  endfacet
  facet normal 0 0 -1
    outer loop
      vertex -17.8339 -0.757575 0
      vertex 5.94654 -16.8304 0
      vertex 5.22689 -17.0676 0
    endloop
  endfacet
  facet normal 0 0 -1
    outer loop
      vertex -17.8339 -0.757575 0
      vertex 5.22689 -17.0676 0
      vertex 4.49781 -17.274 0
    endloop
  endfacet
  facet normal 0 0 -1
    outer loop
      vertex -17.8339 -0.757575 0
      vertex 4.49781 -17.274 0
      vertex 3.76062 -17.4494 0
    endloop
  endfacet
  facet normal 0 0 -1
    outer loop
      vertex -17.8339 -0.757575 0
      vertex 3.76062 -17.4494 0
      vertex 3.01666 -17.5932 0
    endloop
  endfacet
  facet normal 0 0 -1
    outer loop
      vertex -17.8339 -0.757575 0
      vertex 3.01666 -17.5932 0
      vertex 2.26727 -17.7054 0
    endloop
  endfacet
  facet normal 0 0 -1
    outer loop
      vertex -17.8339 -0.757575 0
      vertex 2.26727 -17.7054 0
      vertex 1.51379 -17.7857 0
    endloop
  endfacet
  facet normal 0 0 -1
    outer loop
      vertex -17.8339 -0.757575 0
      vertex 1.51379 -17.7857 0
      vertex 0.757575 -17.8339 0
    endloop
  endfacet
  facet normal 0 0 -1
    outer loop
      vertex -17.8339 -0.757575 0
      vertex 0.757575 -17.8339 0
      vertex 0 -17.85 0
    endloop
  endfacet
  facet normal 0 0 -1
    outer loop
      vertex -17.8339 -0.757575 0
      vertex 0 -17.85 0
      vertex -0.757575 -17.8339 0
    endloop
  endfacet
  facet normal 0 0 -1
    outer loop
      vertex -17.8339 -0.757575 0
      vertex -0.757575 -17.8339 0
      vertex -1.51379 -17.7857 0
    endloop
  endfacet
  facet normal 0 0 -1
    outer loop
      vertex -17.8339 -0.757575 0
      vertex -1.51379 -17.7857 0
      vertex -2.26727 -17.7054 0
    endloop
  endfacet
  facet normal 0 0 -1
    outer loop
      vertex -17.8339 -0.757575 0
      vertex -2.26727 -17.7054 0
      vertex -3.01666 -17.5932 0
    endloop
  endfacet
  facet normal 0 0 -1
    outer loop
      vertex -17.8339 -0.757575 0
      vertex -3.01666 -17.5932 0
      vertex -3.76062 -17.4494 0
    endloop
  endfacet
  facet normal 0 0 -1
    outer loop
      vertex -17.8339 -0.757575 0
      vertex -3.76062 -17.4494 0
      vertex -4.49781 -17.274 0
    endloop
  endfacet
  facet normal 0 0 -1
    outer loop
      vertex -17.8339 -0.757575 0
      vertex -4.49781 -17.274 0
      vertex -5.22689 -17.0676 0
    endloop
  endfacet
  facet normal 0 0 -1
    outer loop
      vertex -17.8339 -0.757575 0
      vertex -5.22689 -17.0676 0
      vertex -5.94654 -16.8304 0
    endloop
  endfacet
  facet normal 0 0 -1
    outer loop
      vertex -17.8339 -0.757575 0
      vertex -5.94654 -16.8304 0
      vertex -6.65549 -16.5628 0
    endloop
  endfacet
  facet normal 0 0 -1
    outer loop
      vertex -17.8339 -0.757575 0
      vertex -6.65549 -16.5628 0
      vertex -7.35244 -16.2654 0
    endloop
  endfacet
  facet normal 0 0 -1
    outer loop
      vertex -17.8339 -0.757575 0
      vertex -7.35244 -16.2654 0
      vertex -8.03614 -15.9387 0
    endloop
  endfacet
  facet normal 0 0 -1
    outer loop
      vertex -17.8339 -0.757575 0
      vertex -8.03614 -15.9387 0
      vertex -8.70535 -15.5833 0
    endloop
  endfacet
  facet normal 0 0 -1
    outer loop
      vertex -17.8339 -0.757575 0
      vertex -8.70535 -15.5833 0
      vertex -9.35888 -15.1998 0
    endloop
  endfacet
  facet normal 0 0 -1
    outer loop
      vertex -17.8339 -0.757575 0
      vertex -9.35888 -15.1998 0
      vertex -9.99555 -14.7889 0
    endloop
  endfacet
  facet normal 0 0 -1
    outer loop
      vertex -17.8339 -0.757575 0
      vertex -9.99555 -14.7889 0
      vertex -10.6142 -14.3513 0
    endloop
  endfacet
  facet normal 0 0 -1
    outer loop
      vertex -17.8339 -0.757575 0
      vertex -10.6142 -14.3513 0
      vertex -11.2137 -13.8879 0
    endloop
  endfacet
  facet normal 0 0 -1
    outer loop
      vertex -17.8339 -0.757575 0
      vertex -11.2137 -13.8879 0
      vertex -11.793 -13.3995 0
    endloop
  endfacet
  facet normal 0 0 -1
    outer loop
      vertex -17.8339 -0.757575 0
      vertex -11.793 -13.3995 0
      vertex -12.3511 -12.8869 0
    endloop
  endfacet
  facet normal 0 0 -1
    outer loop
      vertex -17.8339 -0.757575 0
      vertex -12.3511 -12.8869 0
      vertex -12.8869 -12.3511 0
    endloop
  endfacet
  facet normal 0 0 -1
    outer loop
      vertex -17.8339 -0.757575 0
      vertex -12.8869 -12.3511 0
      vertex -13.3995 -11.793 0
    endloop
  endfacet
  facet normal 0 0 -1
    outer loop
      vertex -17.8339 -0.757575 0
      vertex -13.3995 -11.793 0
      vertex -13.8879 -11.2137 0
    endloop
  endfacet
  facet normal 0 0 -1
    outer loop
      vertex -17.8339 -0.757575 0
      vertex -13.8879 -11.2137 0
      vertex -14.3513 -10.6142 0
    endloop
  endfacet
  facet normal 0 0 -1
    outer loop
      vertex -17.8339 -0.757575 0
      vertex -14.3513 -10.6142 0
      vertex -14.7889 -9.99555 0
    endloop
  endfacet
  facet normal 0 0 -1
    outer loop
      vertex -17.8339 -0.757575 0
      vertex -14.7889 -9.99555 0
      vertex -15.1998 -9.35888 0
    endloop
  endfacet
  facet normal 0 0 -1
    outer loop
      vertex -17.8339 -0.757575 0
      vertex -15.1998 -9.35888 0
      vertex -15.5833 -8.70535 0
    endloop
  endfacet
  facet normal 0 0 -1
    outer loop
      vertex -17.8339 -0.757575 0
      vertex -15.5833 -8.70535 0
      vertex -15.9387 -8.03614 0
    endloop
  endfacet
  facet normal 0 0 -1
    outer loop
      vertex -17.8339 -0.757575 0
      vertex -15.9387 -8.03614 0
      vertex -16.2654 -7.35244 0
    endloop
  endfacet
  facet normal 0 0 -1
    outer loop
      vertex -17.8339 -0.757575 0
      vertex -16.2654 -7.35244 0
      vertex -16.5628 -6.65549 0
    endloop
  endfacet
  facet normal 0 0 -1
    outer loop
      vertex -17.8339 -0.757575 0
      vertex -16.5628 -6.65549 0
      vertex -16.8304 -5.94654 0
    endloop
  endfacet
  facet normal 0 0 -1
    outer loop
      vertex -17.8339 -0.757575 0
      vertex -16.8304 -5.94654 0
      vertex -17.0676 -5.22689 0
    endloop
  endfacet
  facet normal 0 0 -1
    outer loop
      vertex -17.8339 -0.757575 0
      vertex -17.0676 -5.22689 0
      vertex -17.274 -4.49781 0
    endloop
  endfacet
  facet normal 0 0 -1
    outer loop
      vertex -17.8339 -0.757575 0
      vertex -17.274 -4.49781 0
      vertex -17.4494 -3.76062 0
    endloop
  endfacet
  facet normal 0 0 -1
    outer loop
      vertex -17.8339 -0.757575 0
      vertex -17.4494 -3.76062 0
      vertex -17.5932 -3.01666 0
    endloop
  endfacet
  facet normal 0 0 -1
    outer loop
      vertex -17.8339 -0.757575 0
      vertex -17.5932 -3.01666 0
      vertex -17.7054 -2.26727 0
    endloop
  endfacet
  facet normal 0 0 -1
    outer loop
      vertex -17.8339 -0.757575 0
      vertex -17.7054 -2.26727 0
      vertex -17.7857 -1.51379 0
    endloop
  endfacet
  facet normal 0 0 -1
    outer loop
      vertex -0.988854 -3.04338 0
      vertex -17.8339 -0.757575 0
      vertex -1.5 -2.8158 0
    endloop
  endfacet
  facet normal 0 0 -1
    outer loop
      vertex 0.988854 -3.04338 0
      vertex 17.0676 -5.22689 0
      vertex 0.334491 -3.18247 0
    endloop
  endfacet
  facet normal 0 0 -1
    outer loop
      vertex -17.8339 -0.757575 0
      vertex -0.988854 -3.04338 0
      vertex -0.334491 -3.18247 0
    endloop
  endfacet
  facet normal 0 0 -1
    outer loop
      vertex -17.8339 -0.757575 0
      vertex -0.334491 -3.18247 0
      vertex 16.8304 -5.94654 0
    endloop
  endfacet
  facet normal 0 0 -1
    outer loop
      vertex 0.334491 -3.18247 0
      vertex 16.8304 -5.94654 0
      vertex -0.334491 -3.18247 0
    endloop
  endfacet
  facet normal 0 0 -1
    outer loop
      vertex 0.334491 -3.18247 0
      vertex 17.0676 -5.22689 0
      vertex 16.8304 -5.94654 0
    endloop
  endfacet
  facet normal 0 0 -1
    outer loop
      vertex -0.334491 3.18247 0
      vertex 16.5628 6.65549 0
      vertex 0.334491 3.18247 0
    endloop
  endfacet
  facet normal 0 0 -1
    outer loop
      vertex 1.6 -2.77128 0
      vertex 17.274 -4.49781 0
      vertex 0.988854 -3.04338 0
    endloop
  endfacet
  facet normal 0 0 -1
    outer loop
      vertex -0.988854 3.04338 0
      vertex 16.2654 7.35244 0
      vertex -0.334491 3.18247 0
    endloop
  endfacet
  facet normal 0 0 -1
    outer loop
      vertex -1.5 -2.8158 0
      vertex -17.8339 -0.757575 0
      vertex -1.5 2.8158 0
    endloop
  endfacet
  facet normal 0 0 -1
    outer loop
      vertex -17.8339 -0.757575 0
      vertex 16.2654 7.35244 0
      vertex -0.988854 3.04338 0
    endloop
  endfacet
  facet normal 0 0 -1
    outer loop
      vertex 0.334491 3.18247 0
      vertex 16.5628 6.65549 0
      vertex 0.988854 3.04338 0
    endloop
  endfacet
  facet normal 0 0 -1
    outer loop
      vertex -1.5 2.8158 0
      vertex -17.8339 -0.757575 0
      vertex -0.988854 3.04338 0
    endloop
  endfacet
  facet normal 0 0 -1
    outer loop
      vertex 0.988854 3.04338 0
      vertex 16.8304 5.94654 0
      vertex 1.6 2.77128 0
    endloop
  endfacet
  facet normal 0 0 -1
    outer loop
      vertex 1.6 2.77128 0
      vertex 17.0676 5.22689 0
      vertex 2.14122 2.37806 0
    endloop
  endfacet
  facet normal 0 0 -1
    outer loop
      vertex 2.14122 2.37806 0
      vertex 17.274 4.49781 0
      vertex 2.58885 1.88091 0
    endloop
  endfacet
  facet normal 0 0 -1
    outer loop
      vertex 2.58885 1.88091 0
      vertex 17.4494 3.76062 0
      vertex 17.5932 3.01666 0
    endloop
  endfacet
  facet normal 0 0 -1
    outer loop
      vertex 2.58885 1.88091 0
      vertex 17.5932 3.01666 0
      vertex 2.92334 1.30156 0
    endloop
  endfacet
  facet normal 0 0 -1
    outer loop
      vertex 2.92334 1.30156 0
      vertex 17.7054 2.26727 0
      vertex 3.13007 0.665317 0
    endloop
  endfacet
  facet normal 0 0 -1
    outer loop
      vertex 3.13007 0.665317 0
      vertex 17.7857 1.51379 0
      vertex 17.8339 0.757575 0
    endloop
  endfacet
  facet normal 0 0 -1
    outer loop
      vertex 3.13007 0.665317 0
      vertex 17.8339 0.757575 0
      vertex 3.2 0 0
    endloop
  endfacet
  facet normal 0 0 -1
    outer loop
      vertex 3.2 0 0
      vertex 17.85 0 0
      vertex 3.13007 -0.665317 0
    endloop
  endfacet
  facet normal 0 0 -1
    outer loop
      vertex 3.13007 -0.665317 0
      vertex 17.8339 -0.757575 0
      vertex 17.7857 -1.51379 0
    endloop
  endfacet
  facet normal 0 0 -1
    outer loop
      vertex 3.13007 -0.665317 0
      vertex 17.7857 -1.51379 0
      vertex 2.92334 -1.30156 0
    endloop
  endfacet
  facet normal 0 0 -1
    outer loop
      vertex 2.92334 -1.30156 0
      vertex 17.7054 -2.26727 0
      vertex 2.58885 -1.88091 0
    endloop
  endfacet
  facet normal 0 0 -1
    outer loop
      vertex 2.58885 -1.88091 0
      vertex 17.5932 -3.01666 0
      vertex 2.14122 -2.37806 0
    endloop
  endfacet
  facet normal 0 0 -1
    outer loop
      vertex 2.14122 -2.37806 0
      vertex 17.4494 -3.76062 0
      vertex 1.6 -2.77128 0
    endloop
  endfacet
  facet normal 0 0 -1
    outer loop
      vertex -0.334491 3.18247 0
      vertex 16.2654 7.35244 0
      vertex 16.5628 6.65549 0
    endloop
  endfacet
  facet normal -0.911751 0.0193561 -0.410288
    outer loop
      vertex -17.85 0 0
      vertex -18.1043 0.76906 0.601334
      vertex -17.8339 0.757575 0
    endloop
  endfacet
  facet normal -0.668398 -0.582576 0.462438
    outer loop
      vertex -17.7857 1.51379 2
      vertex -18.3462 1.56149 1.25
      vertex -18.2149 1.13134 0.897885
    endloop
  endfacet
  facet normal -0.668398 -0.582576 0.462438
    outer loop
      vertex -17.7857 1.51379 2
      vertex -18.2149 1.13134 0.897885
      vertex -18.1043 0.76906 0.601334
    endloop
  endfacet
  facet normal -0.668398 -0.582576 0.462438
    outer loop
      vertex -17.7857 1.51379 2
      vertex -18.1043 0.76906 0.601334
      vertex -17.85 0 0
    endloop
  endfacet
  facet normal -0.616584 0.637161 -0.462438
    outer loop
      vertex -17.85 0 0
      vertex -18.7374 0.592802 2
      vertex -17.7857 1.51379 2
    endloop
  endfacet
  facet normal -0.616584 0.637161 0.462438
    outer loop
      vertex -18.75 0 2.8
      vertex -17.85 0 4
      vertex -18.7374 0.592802 2
    endloop
  endfacet
  facet normal -0.616584 0.637161 0.462438
    outer loop
      vertex -18.7374 0.592802 2
      vertex -17.85 0 4
      vertex -17.7857 1.51379 2
    endloop
  endfacet
  facet normal -0.616584 -0.637161 0.462438
    outer loop
      vertex -17.85 0 4
      vertex -18.75 0 2.8
      vertex -18.7374 -0.592802 2
    endloop
  endfacet
  facet normal -0.616584 -0.637161 0.462438
    outer loop
      vertex -17.7857 -1.51379 2
      vertex -17.85 0 4
      vertex -18.7374 -0.592802 2
    endloop
  endfacet
  facet normal -0.715396 0.523793 0.462438
    outer loop
      vertex -18.5681 -2.58236 2
      vertex -18.4803 -3.16877 2.8
      vertex -17.7857 -1.51379 2
    endloop
  endfacet
  facet normal -0.715396 0.523793 0.462438
    outer loop
      vertex -17.7857 -1.51379 2
      vertex -18.4803 -3.16877 2.8
      vertex -17.5932 -3.01666 4
    endloop
  endfacet
  facet normal -0.715396 0.523793 -0.462438
    outer loop
      vertex -17.5932 -3.01666 0
      vertex -18.5681 -2.58236 2
      vertex -17.7857 -1.51379 2
    endloop
  endfacet
  facet normal -0.560328 -0.687156 0.462438
    outer loop
      vertex -17.7857 -1.51379 2
      vertex -18.3462 -1.56149 1.25
      vertex -18.1441 -1.96326 0.897887
    endloop
  endfacet
  facet normal -0.560328 -0.687156 0.462438
    outer loop
      vertex -17.5932 -3.01666 0
      vertex -17.7857 -1.51379 2
      vertex -17.9738 -2.30164 0.601335
    endloop
  endfacet
  facet normal -0.560328 -0.687156 0.462438
    outer loop
      vertex -17.9738 -2.30164 0.601335
      vertex -17.7857 -1.51379 2
      vertex -18.1441 -1.96326 0.897887
    endloop
  endfacet
  facet normal -0.668398 0.582576 -0.462438
    outer loop
      vertex -18.7202 -0.998378 4
      vertex -17.85 0 4
      vertex -18.6825 -1.59011 3.2
    endloop
  endfacet
  facet normal -0.668398 0.582576 -0.462438
    outer loop
      vertex -18.6825 -1.59011 3.2
      vertex -17.85 0 4
      vertex -17.7857 -1.51379 2
    endloop
  endfacet
  facet normal -0.560328 -0.687156 -0.462438
    outer loop
      vertex -18.6196 -2.17971 4
      vertex -18.6825 -1.59011 3.2
      vertex -17.7857 -1.51379 2
    endloop
  endfacet
  facet normal -0.560328 -0.687156 -0.462438
    outer loop
      vertex -17.5932 -3.01666 4
      vertex -18.6196 -2.17971 4
      vertex -17.7857 -1.51379 2
    endloop
  endfacet
  facet normal -0.910108 -0.0580353 -0.410288
    outer loop
      vertex -17.7857 -1.51379 0
      vertex -18.3462 -1.56149 1.25
      vertex -18.229 -1.17779 0.93591
    endloop
  endfacet
  facet normal -0.906825 -0.0966083 -0.410288
    outer loop
      vertex -18.1441 -1.96326 0.897887
      vertex -18.3462 -1.56149 1.25
      vertex -17.7857 -1.51379 0
    endloop
  endfacet
  facet normal -0.906825 -0.0966083 -0.410288
    outer loop
      vertex -18.1441 -1.96326 0.897887
      vertex -17.7857 -1.51379 0
      vertex -17.7054 -2.26727 0
    endloop
  endfacet
  facet normal -0.910108 -0.0580357 -0.410288
    outer loop
      vertex -18.229 -1.17779 0.93591
      vertex -18.1043 -0.76906 0.601334
      vertex -17.7857 -1.51379 0
    endloop
  endfacet
  facet normal -0.910108 -0.0580357 -0.410288
    outer loop
      vertex -17.7857 -1.51379 0
      vertex -18.1043 -0.76906 0.601334
      vertex -17.8339 -0.757575 0
    endloop
  endfacet
  facet normal -0.911751 -0.0193562 -0.410288
    outer loop
      vertex -17.8339 -0.757575 0
      vertex -18.1043 -0.76906 0.601334
      vertex -18.0432 -0.584469 0.457001
    endloop
  endfacet
  facet normal -0.906825 -0.096609 -0.410288
    outer loop
      vertex -17.9738 -2.30164 0.601335
      vertex -18.1441 -1.96326 0.897887
      vertex -17.7054 -2.26727 0
    endloop
  endfacet
  facet normal -0.901907 -0.135009 -0.410288
    outer loop
      vertex -17.5932 -3.01666 0
      vertex -17.9738 -2.30164 0.601335
      vertex -17.7054 -2.26727 0
    endloop
  endfacet
  facet normal -0.901907 -0.135009 -0.410288
    outer loop
      vertex -18.4803 -3.16877 2
      vertex -18.5681 -2.58236 2
      vertex -17.5932 -3.01666 0
    endloop
  endfacet
  facet normal -0.895365 -0.173165 -0.410288
    outer loop
      vertex -18.0277 -3.42859 1.12202
      vertex -18.4803 -3.16877 2
      vertex -17.5932 -3.01666 0
    endloop
  endfacet
  facet normal -0.500034 -0.7322 -0.462438
    outer loop
      vertex -17.274 -4.49781 2
      vertex -18.3677 -3.75091 2
      vertex -18.0277 -3.42859 1.12202
    endloop
  endfacet
  facet normal -0.500034 -0.7322 -0.462438
    outer loop
      vertex -17.5932 -3.01666 0
      vertex -17.274 -4.49781 2
      vertex -18.0277 -3.42859 1.12202
    endloop
  endfacet
  facet normal -0.757239 0.461237 0.462438
    outer loop
      vertex -17.8184 -4.63955 1.25
      vertex -17.274 -4.49781 2
      vertex -17.7678 -4.24157 0.93591
    endloop
  endfacet
  facet normal -0.757239 0.461237 0.462438
    outer loop
      vertex -17.7678 -4.24157 0.93591
      vertex -17.274 -4.49781 2
      vertex -17.5932 -3.01666 0
    endloop
  endfacet
  facet normal -0.757239 0.461237 0.462438
    outer loop
      vertex -17.7678 -4.24157 0.93591
      vertex -17.5932 -3.01666 0
      vertex -17.6849 -3.62538 0.457001
    endloop
  endfacet
  facet normal -0.757239 0.461237 0.462438
    outer loop
      vertex -17.7678 -4.24157 0.93591
      vertex -17.6849 -3.62538 0.457001
      vertex -17.7139 -3.81763 0.601335
    endloop
  endfacet
  facet normal -0.895365 -0.173165 -0.410288
    outer loop
      vertex -17.4494 -3.76062 0
      vertex -17.6849 -3.62538 0.457001
      vertex -17.5932 -3.01666 0
    endloop
  endfacet
  facet normal -0.895365 -0.173164 -0.410288
    outer loop
      vertex -17.4494 -3.76062 0
      vertex -17.7139 -3.81763 0.601335
      vertex -17.6849 -3.62538 0.457001
    endloop
  endfacet
  facet normal -0.887209 -0.211009 -0.410288
    outer loop
      vertex -17.7678 -4.24157 0.93591
      vertex -17.7139 -3.81763 0.601335
      vertex -17.274 -4.49781 0
    endloop
  endfacet
  facet normal -0.887209 -0.211009 -0.410288
    outer loop
      vertex -17.274 -4.49781 0
      vertex -17.7139 -3.81763 0.601335
      vertex -17.4494 -3.76062 0
    endloop
  endfacet
  facet normal -0.887209 -0.211009 -0.410288
    outer loop
      vertex -17.8184 -4.63955 1.25
      vertex -17.7678 -4.24157 0.93591
      vertex -17.274 -4.49781 0
    endloop
  endfacet
  facet normal -0.877454 -0.248473 -0.410288
    outer loop
      vertex -17.8184 -4.63955 1.25
      vertex -17.274 -4.49781 0
      vertex -17.5513 -5.00138 0.897886
    endloop
  endfacet
  facet normal -0.877454 -0.248473 -0.410288
    outer loop
      vertex -17.5513 -5.00138 0.897886
      vertex -17.274 -4.49781 0
      vertex -17.0676 -5.22689 0
    endloop
  endfacet
  facet normal -0.877454 -0.248474 -0.410288
    outer loop
      vertex -17.3263 -5.30612 0.601335
      vertex -17.5513 -5.00138 0.897886
      vertex -17.0676 -5.22689 0
    endloop
  endfacet
  facet normal -0.866118 -0.28549 -0.410288
    outer loop
      vertex -16.8304 -5.94654 0
      vertex -17.3263 -5.30612 0.601335
      vertex -17.0676 -5.22689 0
    endloop
  endfacet
  facet normal -0.436138 -0.771968 0.462438
    outer loop
      vertex -17.3263 -5.30612 0.601335
      vertex -17.274 -4.49781 2
      vertex -17.5513 -5.00138 0.897886
    endloop
  endfacet
  facet normal -0.436138 -0.771968 0.462438
    outer loop
      vertex -17.5513 -5.00138 0.897886
      vertex -17.274 -4.49781 2
      vertex -17.8184 -4.63955 1.25
    endloop
  endfacet
  facet normal -0.436138 -0.771968 0.462438
    outer loop
      vertex -16.8304 -5.94654 0
      vertex -17.274 -4.49781 2
      vertex -17.3263 -5.30612 0.601335
    endloop
  endfacet
  facet normal -0.793627 0.395356 -0.462438
    outer loop
      vertex -16.8304 -5.94654 0
      vertex -17.8646 -5.68324 2
      vertex -17.274 -4.49781 2
    endloop
  endfacet
  facet normal -0.866118 -0.285489 -0.410288
    outer loop
      vertex -17.679 -6.24637 2
      vertex -17.8646 -5.68324 2
      vertex -16.8304 -5.94654 0
    endloop
  endfacet
  facet normal -0.853221 -0.321991 -0.410288
    outer loop
      vertex -17.189 -6.42597 1.12202
      vertex -17.679 -6.24637 2
      vertex -16.8304 -5.94654 0
    endloop
  endfacet
  facet normal -0.3691 -0.806174 -0.462438
    outer loop
      vertex -16.2654 -7.35244 2
      vertex -17.4696 -6.80112 2
      vertex -17.189 -6.42597 1.12202
    endloop
  endfacet
  facet normal -0.3691 -0.806174 -0.462438
    outer loop
      vertex -16.8304 -5.94654 0
      vertex -16.2654 -7.35244 2
      vertex -17.189 -6.42597 1.12202
    endloop
  endfacet
  facet normal -0.824297 0.326628 0.462438
    outer loop
      vertex -16.8304 -5.94654 0
      vertex -16.8179 -6.562 0.457001
      vertex -16.2654 -7.35244 2
    endloop
  endfacet
  facet normal -0.824297 0.326628 0.462438
    outer loop
      vertex -16.2654 -7.35244 2
      vertex -16.8179 -6.562 0.457001
      vertex -16.8139 -6.75638 0.601335
    endloop
  endfacet
  facet normal -0.824297 0.326628 0.462438
    outer loop
      vertex -16.2654 -7.35244 2
      vertex -16.8139 -6.75638 0.601335
      vertex -16.7954 -7.18333 0.93591
    endloop
  endfacet
  facet normal -0.824297 0.326628 0.462438
    outer loop
      vertex -16.2654 -7.35244 2
      vertex -16.7954 -7.18333 0.93591
      vertex -16.778 -7.58413 1.25
    endloop
  endfacet
  facet normal -0.853221 -0.321991 -0.410288
    outer loop
      vertex -16.8179 -6.562 0.457001
      vertex -16.8304 -5.94654 0
      vertex -16.5628 -6.65549 0
    endloop
  endfacet
  facet normal -0.853221 -0.321991 -0.410288
    outer loop
      vertex -16.8139 -6.75638 0.601335
      vertex -16.8179 -6.562 0.457001
      vertex -16.5628 -6.65549 0
    endloop
  endfacet
  facet normal -0.838786 -0.357912 -0.410288
    outer loop
      vertex -16.8139 -6.75638 0.601335
      vertex -16.5628 -6.65549 0
      vertex -16.7954 -7.18333 0.93591
    endloop
  endfacet
  facet normal -0.838786 -0.357912 -0.410288
    outer loop
      vertex -16.7954 -7.18333 0.93591
      vertex -16.5628 -6.65549 0
      vertex -16.2654 -7.35244 0
    endloop
  endfacet
  facet normal -0.838786 -0.357913 -0.410288
    outer loop
      vertex -16.778 -7.58413 1.25
      vertex -16.7954 -7.18333 0.93591
      vertex -16.2654 -7.35244 0
    endloop
  endfacet
  facet normal -0.82284 -0.393189 -0.410288
    outer loop
      vertex -16.778 -7.58413 1.25
      vertex -16.2654 -7.35244 0
      vertex -15.9387 -8.03614 0
    endloop
  endfacet
  facet normal -0.82284 -0.393189 -0.410288
    outer loop
      vertex -16.778 -7.58413 1.25
      vertex -15.9387 -8.03614 0
      vertex -16.4536 -7.89562 0.897887
    endloop
  endfacet
  facet normal -0.82284 -0.393189 -0.410288
    outer loop
      vertex -16.1804 -8.15796 0.601335
      vertex -16.4536 -7.89562 0.897887
      vertex -15.9387 -8.03614 0
    endloop
  endfacet
  facet normal -0.805411 -0.427758 -0.410288
    outer loop
      vertex -15.5833 -8.70535 0
      vertex -16.1804 -8.15796 0.601335
      vertex -15.9387 -8.03614 0
    endloop
  endfacet
  facet normal -0.299402 -0.834571 0.462438
    outer loop
      vertex -16.2654 -7.35244 2
      vertex -16.778 -7.58413 1.25
      vertex -16.4536 -7.89562 0.897887
    endloop
  endfacet
  facet normal -0.299402 -0.834571 0.462438
    outer loop
      vertex -16.1804 -8.15796 0.601335
      vertex -16.2654 -7.35244 2
      vertex -16.4536 -7.89562 0.897887
    endloop
  endfacet
  facet normal -0.299402 -0.834571 0.462438
    outer loop
      vertex -16.1804 -8.15796 0.601335
      vertex -15.5833 -8.70535 0
      vertex -16.2654 -7.35244 2
    endloop
  endfacet
  facet normal -0.849027 0.255546 -0.462438
    outer loop
      vertex -15.5833 -8.70535 0
      vertex -16.6471 -8.62062 2
      vertex -16.2654 -7.35244 2
    endloop
  endfacet
  facet normal -0.805411 -0.427757 -0.410288
    outer loop
      vertex -16.369 -9.14428 2
      vertex -16.6471 -8.62062 2
      vertex -15.5833 -8.70535 0
    endloop
  endfacet
  facet normal -0.786531 -0.461555 -0.410288
    outer loop
      vertex -15.8557 -9.23849 1.12202
      vertex -16.369 -9.14428 2
      vertex -15.5833 -8.70535 0
    endloop
  endfacet
  facet normal -0.227547 -0.856956 -0.462438
    outer loop
      vertex -14.7889 -9.99555 2
      vertex -16.0689 -9.65567 2
      vertex -15.8557 -9.23849 1.12202
    endloop
  endfacet
  facet normal -0.227547 -0.856956 -0.462438
    outer loop
      vertex -15.5833 -8.70535 0
      vertex -14.7889 -9.99555 2
      vertex -15.8557 -9.23849 1.12202
    endloop
  endfacet
  facet normal -0.86764 0.182623 0.462438
    outer loop
      vertex -15.5833 -8.70535 0
      vertex -15.467 -9.30985 0.457001
      vertex -14.7889 -9.99555 2
    endloop
  endfacet
  facet normal -0.86764 0.182623 0.462438
    outer loop
      vertex -14.7889 -9.99555 2
      vertex -15.467 -9.30985 0.457001
      vertex -15.4302 -9.50076 0.601335
    endloop
  endfacet
  facet normal -0.86764 0.182623 0.462438
    outer loop
      vertex -14.7889 -9.99555 2
      vertex -15.4302 -9.50076 0.601335
      vertex -15.3398 -9.91844 0.935911
    endloop
  endfacet
  facet normal -0.86764 0.182623 0.462438
    outer loop
      vertex -14.7889 -9.99555 2
      vertex -15.3398 -9.91844 0.935911
      vertex -15.2549 -10.3105 1.25
    endloop
  endfacet
  facet normal -0.786531 -0.461555 -0.410288
    outer loop
      vertex -15.467 -9.30985 0.457001
      vertex -15.5833 -8.70535 0
      vertex -15.1998 -9.35888 0
    endloop
  endfacet
  facet normal -0.786531 -0.461555 -0.410288
    outer loop
      vertex -15.4302 -9.50076 0.601335
      vertex -15.467 -9.30985 0.457001
      vertex -15.1998 -9.35888 0
    endloop
  endfacet
  facet normal -0.766233 -0.49452 -0.410288
    outer loop
      vertex -15.4302 -9.50076 0.601335
      vertex -15.1998 -9.35888 0
      vertex -15.3398 -9.91844 0.935911
    endloop
  endfacet
  facet normal -0.766233 -0.49452 -0.410288
    outer loop
      vertex -15.3398 -9.91844 0.935911
      vertex -15.1998 -9.35888 0
      vertex -14.7889 -9.99555 0
    endloop
  endfacet
  facet normal -0.766233 -0.49452 -0.410288
    outer loop
      vertex -15.2549 -10.3105 1.25
      vertex -15.3398 -9.91844 0.935911
      vertex -14.7889 -9.99555 0
    endloop
  endfacet
  facet normal -0.744555 -0.526594 -0.410288
    outer loop
      vertex -15.2549 -10.3105 1.25
      vertex -14.7889 -9.99555 0
      vertex -14.3513 -10.6142 0
    endloop
  endfacet
  facet normal -0.744555 -0.526594 -0.410288
    outer loop
      vertex -15.2549 -10.3105 1.25
      vertex -14.3513 -10.6142 0
      vertex -14.8825 -10.5627 0.897887
    endloop
  endfacet
  facet normal -0.744555 -0.526595 -0.410288
    outer loop
      vertex -14.5689 -10.7751 0.601335
      vertex -14.8825 -10.5627 0.897887
      vertex -14.3513 -10.6142 0
    endloop
  endfacet
  facet normal -0.721535 -0.55772 -0.410288
    outer loop
      vertex -13.8879 -11.2137 0
      vertex -14.5689 -10.7751 0.601335
      vertex -14.3513 -10.6142 0
    endloop
  endfacet
  facet normal -0.154052 -0.873166 0.462438
    outer loop
      vertex -14.7889 -9.99555 2
      vertex -15.2549 -10.3105 1.25
      vertex -14.8825 -10.5627 0.897887
    endloop
  endfacet
  facet normal -0.154052 -0.873166 0.462438
    outer loop
      vertex -13.8879 -11.2137 0
      vertex -14.7889 -9.99555 2
      vertex -14.5689 -10.7751 0.601335
    endloop
  endfacet
  facet normal -0.154052 -0.873166 0.462438
    outer loop
      vertex -14.5689 -10.7751 0.601335
      vertex -14.7889 -9.99555 2
      vertex -14.8825 -10.5627 0.897887
    endloop
  endfacet
  facet normal -0.880002 0.108384 -0.462438
    outer loop
      vertex -13.8879 -11.2137 0
      vertex -14.9508 -11.31 2
      vertex -14.7889 -9.99555 2
    endloop
  endfacet
  facet normal -0.721535 -0.55772 -0.410288
    outer loop
      vertex -14.5882 -11.7791 2
      vertex -14.9508 -11.31 2
      vertex -13.8879 -11.2137 0
    endloop
  endfacet
  facet normal -0.697215 -0.58784 -0.410288
    outer loop
      vertex -14.0664 -11.7852 1.12202
      vertex -14.5882 -11.7791 2
      vertex -13.8879 -11.2137 0
    endloop
  endfacet
  facet normal -0.0794472 -0.883085 -0.462438
    outer loop
      vertex -12.8869 -12.3511 2
      vertex -14.206 -12.2324 2
      vertex -14.0664 -11.7852 1.12202
    endloop
  endfacet
  facet normal -0.0794472 -0.883085 -0.462438
    outer loop
      vertex -13.8879 -11.2137 0
      vertex -12.8869 -12.3511 2
      vertex -14.0664 -11.7852 1.12202
    endloop
  endfacet
  facet normal -0.886024 0.0333638 0.462438
    outer loop
      vertex -13.8879 -11.2137 0
      vertex -13.6711 -11.7899 0.457001
      vertex -12.8869 -12.3511 2
    endloop
  endfacet
  facet normal -0.886024 0.0333638 0.462438
    outer loop
      vertex -12.8869 -12.3511 2
      vertex -13.6711 -11.7899 0.457001
      vertex -13.6026 -11.9718 0.601334
    endloop
  endfacet
  facet normal -0.886024 0.0333638 0.462438
    outer loop
      vertex -12.8869 -12.3511 2
      vertex -13.6026 -11.9718 0.601334
      vertex -13.4429 -12.3682 0.93591
    endloop
  endfacet
  facet normal -0.886024 0.0333638 0.462438
    outer loop
      vertex -12.8869 -12.3511 2
      vertex -13.4429 -12.3682 0.93591
      vertex -13.293 -12.7403 1.25
    endloop
  endfacet
  facet normal -0.697215 -0.58784 -0.410288
    outer loop
      vertex -13.6711 -11.7899 0.457001
      vertex -13.8879 -11.2137 0
      vertex -13.3995 -11.793 0
    endloop
  endfacet
  facet normal -0.697215 -0.58784 -0.410288
    outer loop
      vertex -13.6026 -11.9718 0.601334
      vertex -13.6711 -11.7899 0.457001
      vertex -13.3995 -11.793 0
    endloop
  endfacet
  facet normal -0.671637 -0.616902 -0.410288
    outer loop
      vertex -13.6026 -11.9718 0.601334
      vertex -13.3995 -11.793 0
      vertex -13.4429 -12.3682 0.93591
    endloop
  endfacet
  facet normal -0.671637 -0.616902 -0.410288
    outer loop
      vertex -13.4429 -12.3682 0.93591
      vertex -13.3995 -11.793 0
      vertex -12.8869 -12.3511 0
    endloop
  endfacet
  facet normal -0.671638 -0.616901 -0.410288
    outer loop
      vertex -13.293 -12.7403 1.25
      vertex -13.4429 -12.3682 0.93591
      vertex -12.8869 -12.3511 0
    endloop
  endfacet
  facet normal -0.64485 -0.64485 -0.410288
    outer loop
      vertex -12.5383 -13.0823 0.601335
      vertex -13.293 -12.7403 1.25
      vertex -12.3511 -12.8869 0
    endloop
  endfacet
  facet normal -0.64485 -0.64485 -0.410288
    outer loop
      vertex -12.3511 -12.8869 0
      vertex -13.293 -12.7403 1.25
      vertex -12.8869 -12.3511 0
    endloop
  endfacet
  facet normal -0.616901 -0.671637 -0.410288
    outer loop
      vertex -11.793 -13.3995 0
      vertex -12.5383 -13.0823 0.601335
      vertex -12.3511 -12.8869 0
    endloop
  endfacet
  facet normal -0.00427027 -0.886641 0.462438
    outer loop
      vertex -12.8869 -12.3511 2
      vertex -13.293 -12.7403 1.25
      vertex -12.5383 -13.0823 0.601335
    endloop
  endfacet
  facet normal -0.00427027 -0.886641 0.462438
    outer loop
      vertex -11.793 -13.3995 0
      vertex -12.8869 -12.3511 2
      vertex -12.5383 -13.0823 0.601335
    endloop
  endfacet
  facet normal -0.885661 -0.0418962 -0.462438
    outer loop
      vertex -12.8243 -13.674 2
      vertex -12.8869 -12.3511 2
      vertex -11.793 -13.3995 0
    endloop
  endfacet
  facet normal -0.616901 -0.671638 -0.410288
    outer loop
      vertex -12.3877 -14.0751 2
      vertex -12.8243 -13.674 2
      vertex -11.793 -13.3995 0
    endloop
  endfacet
  facet normal -0.58784 -0.697215 -0.410288
    outer loop
      vertex -11.8723 -13.9929 1.12202
      vertex -12.3877 -14.0751 2
      vertex -11.793 -13.3995 0
    endloop
  endfacet
  facet normal 0.0709376 -0.883809 -0.462438
    outer loop
      vertex -10.6142 -14.3513 2
      vertex -11.9343 -14.4573 2
      vertex -11.8723 -13.9929 1.12202
    endloop
  endfacet
  facet normal 0.0709376 -0.883809 -0.462438
    outer loop
      vertex -11.793 -13.3995 0
      vertex -10.6142 -14.3513 2
      vertex -11.8723 -13.9929 1.12202
    endloop
  endfacet
  facet normal -0.878917 -0.116855 0.462438
    outer loop
      vertex -11.793 -13.3995 0
      vertex -11.482 -13.9307 0.457001
      vertex -10.6142 -14.3513 2
    endloop
  endfacet
  facet normal -0.878917 -0.116855 0.462438
    outer loop
      vertex -10.6142 -14.3513 2
      vertex -11.482 -13.9307 0.457001
      vertex -11.3837 -14.0985 0.601335
    endloop
  endfacet
  facet normal -0.878917 -0.116855 0.462438
    outer loop
      vertex -10.6142 -14.3513 2
      vertex -11.3837 -14.0985 0.601335
      vertex -11.1593 -14.4622 0.93591
    endloop
  endfacet
  facet normal -0.878917 -0.116855 0.462438
    outer loop
      vertex -10.6142 -14.3513 2
      vertex -11.1593 -14.4622 0.93591
      vertex -10.9487 -14.8036 1.25
    endloop
  endfacet
  facet normal -0.58784 -0.697215 -0.410288
    outer loop
      vertex -11.482 -13.9307 0.457001
      vertex -11.793 -13.3995 0
      vertex -11.2137 -13.8879 0
    endloop
  endfacet
  facet normal -0.58784 -0.697215 -0.410288
    outer loop
      vertex -11.3837 -14.0985 0.601335
      vertex -11.482 -13.9307 0.457001
      vertex -11.2137 -13.8879 0
    endloop
  endfacet
  facet normal -0.55772 -0.721535 -0.410288
    outer loop
      vertex -11.1593 -14.4622 0.93591
      vertex -11.3837 -14.0985 0.601335
      vertex -11.2137 -13.8879 0
    endloop
  endfacet
  facet normal -0.55772 -0.721535 -0.410288
    outer loop
      vertex -10.6142 -14.3513 0
      vertex -11.1593 -14.4622 0.93591
      vertex -11.2137 -13.8879 0
    endloop
  endfacet
  facet normal -0.55772 -0.721535 -0.410288
    outer loop
      vertex -10.9487 -14.8036 1.25
      vertex -11.1593 -14.4622 0.93591
      vertex -10.6142 -14.3513 0
    endloop
  endfacet
  facet normal -0.526594 -0.744555 -0.410288
    outer loop
      vertex -10.5136 -14.9173 0.897887
      vertex -10.9487 -14.8036 1.25
      vertex -10.6142 -14.3513 0
    endloop
  endfacet
  facet normal -0.526594 -0.744555 -0.410288
    outer loop
      vertex -9.99555 -14.7889 0
      vertex -10.5136 -14.9173 0.897887
      vertex -10.6142 -14.3513 0
    endloop
  endfacet
  facet normal -0.526595 -0.744555 -0.410288
    outer loop
      vertex -10.1471 -15.0131 0.601335
      vertex -10.5136 -14.9173 0.897887
      vertex -9.99555 -14.7889 0
    endloop
  endfacet
  facet normal -0.49452 -0.766233 -0.410288
    outer loop
      vertex -9.35888 -15.1998 0
      vertex -10.1471 -15.0131 0.601335
      vertex -9.99555 -14.7889 0
    endloop
  endfacet
  facet normal 0.145634 -0.874609 0.462438
    outer loop
      vertex -10.6142 -14.3513 2
      vertex -10.9487 -14.8036 1.25
      vertex -10.5136 -14.9173 0.897887
    endloop
  endfacet
  facet normal 0.145634 -0.874609 0.462438
    outer loop
      vertex -10.1471 -15.0131 0.601335
      vertex -10.6142 -14.3513 2
      vertex -10.5136 -14.9173 0.897887
    endloop
  endfacet
  facet normal 0.145634 -0.874609 0.462438
    outer loop
      vertex -10.1471 -15.0131 0.601335
      vertex -9.35888 -15.1998 0
      vertex -10.6142 -14.3513 2
    endloop
  endfacet
  facet normal -0.865841 -0.190971 -0.462438
    outer loop
      vertex -10.329 -15.6446 2
      vertex -10.6142 -14.3513 2
      vertex -9.35888 -15.1998 0
    endloop
  endfacet
  facet normal -0.49452 -0.766233 -0.410288
    outer loop
      vertex -9.83076 -15.9662 2
      vertex -10.329 -15.6446 2
      vertex -9.35888 -15.1998 0
    endloop
  endfacet
  facet normal -0.461555 -0.786531 -0.410288
    outer loop
      vertex -9.33672 -15.7981 1.12202
      vertex -9.83076 -15.9662 2
      vertex -9.35888 -15.1998 0
    endloop
  endfacet
  facet normal 0.219282 -0.859108 -0.462438
    outer loop
      vertex -9.33672 -15.7981 1.12202
      vertex -9.35888 -15.1998 0
      vertex -8.03614 -15.9387 2
    endloop
  endfacet
  facet normal 0.219282 -0.859108 -0.462438
    outer loop
      vertex -9.31937 -16.2663 2
      vertex -9.33672 -15.7981 1.12202
      vertex -8.03614 -15.9387 2
    endloop
  endfacet
  facet normal -0.846526 -0.263712 0.462438
    outer loop
      vertex -9.35888 -15.1998 0
      vertex -8.96251 -15.6708 0.457001
      vertex -8.03614 -15.9387 2
    endloop
  endfacet
  facet normal -0.846526 -0.263712 0.462438
    outer loop
      vertex -8.03614 -15.9387 2
      vertex -8.96251 -15.6708 0.457001
      vertex -8.83733 -15.8195 0.601334
    endloop
  endfacet
  facet normal -0.846526 -0.263712 0.462438
    outer loop
      vertex -8.03614 -15.9387 2
      vertex -8.83733 -15.8195 0.601334
      vertex -8.5547 -16.1401 0.93591
    endloop
  endfacet
  facet normal -0.846526 -0.263712 0.462438
    outer loop
      vertex -8.03614 -15.9387 2
      vertex -8.5547 -16.1401 0.93591
      vertex -8.28938 -16.441 1.25
    endloop
  endfacet
  facet normal -0.461555 -0.786531 -0.410288
    outer loop
      vertex -8.96251 -15.6708 0.457001
      vertex -9.35888 -15.1998 0
      vertex -8.70535 -15.5833 0
    endloop
  endfacet
  facet normal -0.461555 -0.786531 -0.410288
    outer loop
      vertex -8.83733 -15.8195 0.601334
      vertex -8.96251 -15.6708 0.457001
      vertex -8.70535 -15.5833 0
    endloop
  endfacet
  facet normal -0.427758 -0.805411 -0.410288
    outer loop
      vertex -8.5547 -16.1401 0.93591
      vertex -8.83733 -15.8195 0.601334
      vertex -8.70535 -15.5833 0
    endloop
  endfacet
  facet normal -0.427758 -0.805411 -0.410288
    outer loop
      vertex -8.03614 -15.9387 0
      vertex -8.5547 -16.1401 0.93591
      vertex -8.70535 -15.5833 0
    endloop
  endfacet
  facet normal -0.427757 -0.805411 -0.410288
    outer loop
      vertex -8.28938 -16.441 1.25
      vertex -8.5547 -16.1401 0.93591
      vertex -8.03614 -15.9387 0
    endloop
  endfacet
  facet normal -0.393189 -0.82284 -0.410288
    outer loop
      vertex -7.84128 -16.4795 0.897886
      vertex -8.28938 -16.441 1.25
      vertex -8.03614 -15.9387 0
    endloop
  endfacet
  facet normal -0.393189 -0.82284 -0.410288
    outer loop
      vertex -7.35244 -16.2654 0
      vertex -7.84128 -16.4795 0.897886
      vertex -8.03614 -15.9387 0
    endloop
  endfacet
  facet normal -0.393189 -0.82284 -0.410288
    outer loop
      vertex -7.4639 -16.512 0.601334
      vertex -7.84128 -16.4795 0.897886
      vertex -7.35244 -16.2654 0
    endloop
  endfacet
  facet normal -0.357912 -0.838787 -0.410288
    outer loop
      vertex -6.65549 -16.5628 0
      vertex -7.4639 -16.512 0.601334
      vertex -7.35244 -16.2654 0
    endloop
  endfacet
  facet normal 0.291349 -0.837417 0.462438
    outer loop
      vertex -7.4639 -16.512 0.601334
      vertex -8.03614 -15.9387 2
      vertex -7.84128 -16.4795 0.897886
    endloop
  endfacet
  facet normal 0.291349 -0.837417 0.462438
    outer loop
      vertex -7.84128 -16.4795 0.897886
      vertex -8.03614 -15.9387 2
      vertex -8.28938 -16.441 1.25
    endloop
  endfacet
  facet normal 0.291349 -0.837417 0.462438
    outer loop
      vertex -6.65549 -16.5628 0
      vertex -8.03614 -15.9387 2
      vertex -7.4639 -16.512 0.601334
    endloop
  endfacet
  facet normal -0.821112 -0.334552 -0.462438
    outer loop
      vertex -7.53642 -17.1652 2
      vertex -8.03614 -15.9387 2
      vertex -6.65549 -16.5628 0
    endloop
  endfacet
  facet normal -0.357913 -0.838786 -0.410288
    outer loop
      vertex -6.99106 -17.3979 2
      vertex -7.53642 -17.1652 2
      vertex -6.65549 -16.5628 0
    endloop
  endfacet
  facet normal -0.321991 -0.853221 -0.410288
    outer loop
      vertex -6.53253 -17.1488 1.12202
      vertex -6.99106 -17.3979 2
      vertex -6.65549 -16.5628 0
    endloop
  endfacet
  facet normal 0.361318 -0.809692 -0.462438
    outer loop
      vertex -6.53253 -17.1488 1.12202
      vertex -6.65549 -16.5628 0
      vertex -5.22689 -17.0676 2
    endloop
  endfacet
  facet normal 0.361318 -0.809692 -0.462438
    outer loop
      vertex -6.43631 -17.6073 2
      vertex -6.53253 -17.1488 1.12202
      vertex -5.22689 -17.0676 2
    endloop
  endfacet
  facet normal -0.789782 -0.402982 0.462438
    outer loop
      vertex -6.65549 -16.5628 0
      vertex -6.18522 -16.96 0.457001
      vertex -5.22689 -17.0676 2
    endloop
  endfacet
  facet normal -0.789782 -0.402982 0.462438
    outer loop
      vertex -5.22689 -17.0676 2
      vertex -6.18522 -16.96 0.457001
      vertex -6.03669 -17.0855 0.601335
    endloop
  endfacet
  facet normal -0.789782 -0.402982 0.462438
    outer loop
      vertex -5.22689 -17.0676 2
      vertex -6.03669 -17.0855 0.601335
      vertex -5.70396 -17.3537 0.93591
    endloop
  endfacet
  facet normal -0.789782 -0.402982 0.462438
    outer loop
      vertex -5.22689 -17.0676 2
      vertex -5.70396 -17.3537 0.93591
      vertex -5.3916 -17.6054 1.25
    endloop
  endfacet
  facet normal -0.321991 -0.853221 -0.410288
    outer loop
      vertex -6.18522 -16.96 0.457001
      vertex -6.65549 -16.5628 0
      vertex -5.94654 -16.8304 0
    endloop
  endfacet
  facet normal -0.321991 -0.853221 -0.410288
    outer loop
      vertex -6.03669 -17.0855 0.601335
      vertex -6.18522 -16.96 0.457001
      vertex -5.94654 -16.8304 0
    endloop
  endfacet
  facet normal -0.28549 -0.866117 -0.410288
    outer loop
      vertex -5.70396 -17.3537 0.93591
      vertex -6.03669 -17.0855 0.601335
      vertex -5.94654 -16.8304 0
    endloop
  endfacet
  facet normal -0.28549 -0.866117 -0.410288
    outer loop
      vertex -5.22689 -17.0676 0
      vertex -5.70396 -17.3537 0.93591
      vertex -5.94654 -16.8304 0
    endloop
  endfacet
  facet normal -0.285489 -0.866118 -0.410288
    outer loop
      vertex -5.3916 -17.6054 1.25
      vertex -5.70396 -17.3537 0.93591
      vertex -5.22689 -17.0676 0
    endloop
  endfacet
  facet normal -0.248473 -0.877454 -0.410288
    outer loop
      vertex -4.94344 -17.5677 0.897886
      vertex -5.3916 -17.6054 1.25
      vertex -5.22689 -17.0676 0
    endloop
  endfacet
  facet normal -0.248473 -0.877454 -0.410288
    outer loop
      vertex -4.49781 -17.274 0
      vertex -4.94344 -17.5677 0.897886
      vertex -5.22689 -17.0676 0
    endloop
  endfacet
  facet normal -0.248474 -0.877453 -0.410288
    outer loop
      vertex -4.56599 -17.5359 0.601334
      vertex -4.94344 -17.5677 0.897886
      vertex -4.49781 -17.274 0
    endloop
  endfacet
  facet normal -0.211009 -0.887208 -0.410288
    outer loop
      vertex -3.76062 -17.4494 0
      vertex -4.56599 -17.5359 0.601334
      vertex -4.49781 -17.274 0
    endloop
  endfacet
  facet normal 0.428682 -0.776133 0.462438
    outer loop
      vertex -4.56599 -17.5359 0.601334
      vertex -5.22689 -17.0676 2
      vertex -4.94344 -17.5677 0.897886
    endloop
  endfacet
  facet normal 0.428682 -0.776133 0.462438
    outer loop
      vertex -4.94344 -17.5677 0.897886
      vertex -5.22689 -17.0676 2
      vertex -5.3916 -17.6054 1.25
    endloop
  endfacet
  facet normal 0.428682 -0.776133 0.462438
    outer loop
      vertex -3.76062 -17.4494 0
      vertex -5.22689 -17.0676 2
      vertex -4.56599 -17.5359 0.601334
    endloop
  endfacet
  facet normal -0.752762 -0.468508 -0.462438
    outer loop
      vertex -4.52708 -18.192 2
      vertex -5.22689 -17.0676 2
      vertex -3.76062 -17.4494 0
    endloop
  endfacet
  facet normal -0.211009 -0.887209 -0.410288
    outer loop
      vertex -3.95024 -18.3292 2
      vertex -4.52708 -18.192 2
      vertex -3.76062 -17.4494 0
    endloop
  endfacet
  facet normal -0.173165 -0.895365 -0.410288
    outer loop
      vertex -3.54041 -18.0061 1.12202
      vertex -3.95024 -18.3292 2
      vertex -3.76062 -17.4494 0
    endloop
  endfacet
  facet normal 0.492959 -0.736982 -0.462438
    outer loop
      vertex -3.54041 -18.0061 1.12202
      vertex -3.76062 -17.4494 0
      vertex -2.26727 -17.7054 2
    endloop
  endfacet
  facet normal 0.492959 -0.736982 -0.462438
    outer loop
      vertex -3.36809 -18.4417 2
      vertex -3.54041 -18.0061 1.12202
      vertex -2.26727 -17.7054 2
    endloop
  endfacet
  facet normal -0.710318 -0.530659 0.462438
    outer loop
      vertex -3.76062 -17.4494 0
      vertex -3.22999 -17.7614 0.457001
      vertex -2.26727 -17.7054 2
    endloop
  endfacet
  facet normal -0.710318 -0.530659 0.462438
    outer loop
      vertex -2.26727 -17.7054 2
      vertex -3.22999 -17.7614 0.457001
      vertex -3.0624 -17.86 0.601335
    endloop
  endfacet
  facet normal -0.710318 -0.530659 0.462438
    outer loop
      vertex -2.26727 -17.7054 2
      vertex -3.0624 -17.86 0.601335
      vertex -2.68913 -18.068 0.935911
    endloop
  endfacet
  facet normal -0.710318 -0.530659 0.462438
    outer loop
      vertex -2.26727 -17.7054 2
      vertex -2.68913 -18.068 0.935911
      vertex -2.33872 -18.2634 1.25
    endloop
  endfacet
  facet normal -0.173165 -0.895365 -0.410288
    outer loop
      vertex -3.22999 -17.7614 0.457001
      vertex -3.76062 -17.4494 0
      vertex -3.01666 -17.5932 0
    endloop
  endfacet
  facet normal -0.173164 -0.895365 -0.410288
    outer loop
      vertex -3.0624 -17.86 0.601335
      vertex -3.22999 -17.7614 0.457001
      vertex -3.01666 -17.5932 0
    endloop
  endfacet
  facet normal -0.135009 -0.901907 -0.410288
    outer loop
      vertex -2.68913 -18.068 0.935911
      vertex -3.0624 -17.86 0.601335
      vertex -3.01666 -17.5932 0
    endloop
  endfacet
  facet normal -0.135009 -0.901907 -0.410288
    outer loop
      vertex -2.26727 -17.7054 0
      vertex -2.68913 -18.068 0.935911
      vertex -3.01666 -17.5932 0
    endloop
  endfacet
  facet normal -0.135009 -0.901907 -0.410288
    outer loop
      vertex -2.33872 -18.2634 1.25
      vertex -2.68913 -18.068 0.935911
      vertex -2.26727 -17.7054 0
    endloop
  endfacet
  facet normal -0.0966083 -0.906825 -0.410288
    outer loop
      vertex -1.90338 -18.1504 0.897887
      vertex -2.33872 -18.2634 1.25
      vertex -2.26727 -17.7054 0
    endloop
  endfacet
  facet normal -0.0966083 -0.906825 -0.410288
    outer loop
      vertex -1.51379 -17.7857 0
      vertex -1.90338 -18.1504 0.897887
      vertex -2.26727 -17.7054 0
    endloop
  endfacet
  facet normal -0.096609 -0.906824 -0.410288
    outer loop
      vertex -1.53673 -18.0553 0.601335
      vertex -1.90338 -18.1504 0.897887
      vertex -1.51379 -17.7857 0
    endloop
  endfacet
  facet normal -0.0580357 -0.910108 -0.410288
    outer loop
      vertex -0.757575 -17.8339 0
      vertex -1.53673 -18.0553 0.601335
      vertex -1.51379 -17.7857 0
    endloop
  endfacet
  facet normal 0.553683 -0.692521 0.462438
    outer loop
      vertex -1.53673 -18.0553 0.601335
      vertex -2.26727 -17.7054 2
      vertex -1.90338 -18.1504 0.897887
    endloop
  endfacet
  facet normal 0.553683 -0.692521 0.462438
    outer loop
      vertex -1.90338 -18.1504 0.897887
      vertex -2.26727 -17.7054 2
      vertex -2.33872 -18.2634 1.25
    endloop
  endfacet
  facet normal 0.553683 -0.692521 0.462438
    outer loop
      vertex -0.757575 -17.8339 0
      vertex -2.26727 -17.7054 2
      vertex -1.53673 -18.0553 0.601335
    endloop
  endfacet
  facet normal -0.662756 -0.588987 -0.462438
    outer loop
      vertex -1.38751 -18.6954 2
      vertex -2.26727 -17.7054 2
      vertex -0.757575 -17.8339 0
    endloop
  endfacet
  facet normal -0.0580353 -0.910108 -0.410288
    outer loop
      vertex -0.795773 -18.7331 2
      vertex -1.38751 -18.6954 2
      vertex -0.757575 -17.8339 0
    endloop
  endfacet
  facet normal -0.0193561 -0.911751 -0.410288
    outer loop
      vertex -0.446436 -18.3454 1.12202
      vertex -0.795773 -18.7331 2
      vertex -0.757575 -17.8339 0
    endloop
  endfacet
  facet normal 0.610419 -0.643071 -0.462438
    outer loop
      vertex -0.446436 -18.3454 1.12202
      vertex -0.757575 -17.8339 0
      vertex 0.757575 -17.8339 2
    endloop
  endfacet
  facet normal 0.610419 -0.643071 -0.462438
    outer loop
      vertex -0.202971 -18.7457 2
      vertex -0.446436 -18.3454 1.12202
      vertex 0.757575 -17.8339 2
    endloop
  endfacet
  facet normal -0.610419 -0.643071 0.462438
    outer loop
      vertex 0.757575 -17.8339 2
      vertex -0.757575 -17.8339 0
      vertex -0.181835 -18.0518 0.457001
    endloop
  endfacet
  facet normal -0.610419 -0.643071 0.462438
    outer loop
      vertex 0 -18.1206 0.601335
      vertex 0.757575 -17.8339 2
      vertex -0.181835 -18.0518 0.457001
    endloop
  endfacet
  facet normal -0.610419 -0.643071 0.462438
    outer loop
      vertex 0 -18.1206 0.601335
      vertex 0.403064 -18.2626 0.93591
      vertex 0.757575 -17.8339 2
    endloop
  endfacet
  facet normal -0.610419 -0.643071 0.462438
    outer loop
      vertex 0.403064 -18.2626 0.93591
      vertex 0.781448 -18.3959 1.25
      vertex 0.757575 -17.8339 2
    endloop
  endfacet
  facet normal -0.0193561 -0.911751 -0.410288
    outer loop
      vertex -0.181835 -18.0518 0.457001
      vertex -0.757575 -17.8339 0
      vertex 0 -17.85 0
    endloop
  endfacet
  facet normal -0.0193562 -0.911751 -0.410288
    outer loop
      vertex 0 -18.1206 0.601335
      vertex -0.181835 -18.0518 0.457001
      vertex 0 -17.85 0
    endloop
  endfacet
  facet normal 0.0193561 -0.911751 -0.410288
    outer loop
      vertex 0.403064 -18.2626 0.93591
      vertex 0 -18.1206 0.601335
      vertex 0 -17.85 0
    endloop
  endfacet
  facet normal 0.0193561 -0.911751 -0.410288
    outer loop
      vertex 0.757575 -17.8339 0
      vertex 0.403064 -18.2626 0.93591
      vertex 0 -17.85 0
    endloop
  endfacet
  facet normal 0.0193562 -0.911751 -0.410288
    outer loop
      vertex 0.781448 -18.3959 1.25
      vertex 0.403064 -18.2626 0.93591
      vertex 0.757575 -17.8339 0
    endloop
  endfacet
  facet normal 0.0193562 -0.911751 -0.410288
    outer loop
      vertex 0.781449 -18.3959 1.25
      vertex 0.781448 -18.3959 1.25
      vertex 0.757575 -17.8339 0
    endloop
  endfacet
  facet normal 0.0580357 -0.910108 -0.410288
    outer loop
      vertex 0.781449 -18.3959 1.25
      vertex 0.757575 -17.8339 0
      vertex 1.51379 -17.7857 0
    endloop
  endfacet
  facet normal 0.0580357 -0.910108 -0.410288
    outer loop
      vertex 1.19144 -18.211 0.897886
      vertex 0.781449 -18.3959 1.25
      vertex 1.51379 -17.7857 0
    endloop
  endfacet
  facet normal 0.0580353 -0.910108 -0.410288
    outer loop
      vertex 1.53673 -18.0553 0.601335
      vertex 1.19144 -18.211 0.897886
      vertex 1.51379 -17.7857 0
    endloop
  endfacet
  facet normal 0.0966083 -0.906825 -0.410288
    outer loop
      vertex 1.53673 -18.0553 0.601335
      vertex 1.51379 -17.7857 0
      vertex 2.26727 -17.7054 0
    endloop
  endfacet
  facet normal 0.662756 -0.588987 0.462438
    outer loop
      vertex 2.26727 -17.7054 0
      vertex 0.757575 -17.8339 2
      vertex 0.781448 -18.3959 1.25
    endloop
  endfacet
  facet normal 0.662756 -0.588987 0.462438
    outer loop
      vertex 1.19144 -18.211 0.897886
      vertex 2.26727 -17.7054 0
      vertex 0.781449 -18.3959 1.25
    endloop
  endfacet
  facet normal 0.662756 -0.588987 0.462438
    outer loop
      vertex 0.781449 -18.3959 1.25
      vertex 2.26727 -17.7054 0
      vertex 0.781448 -18.3959 1.25
    endloop
  endfacet
  facet normal 0.662756 -0.588987 0.462438
    outer loop
      vertex 1.53673 -18.0553 0.601335
      vertex 2.26727 -17.7054 0
      vertex 1.19144 -18.211 0.897886
    endloop
  endfacet
  facet normal -0.553683 -0.692521 -0.462438
    outer loop
      vertex 1.79199 -18.6609 2
      vertex 0.757575 -17.8339 2
      vertex 2.26727 -17.7054 0
    endloop
  endfacet
  facet normal 0.096609 -0.906825 -0.410288
    outer loop
      vertex 2.38158 -18.5981 2
      vertex 1.79199 -18.6609 2
      vertex 2.26727 -17.7054 0
    endloop
  endfacet
  facet normal 0.135009 -0.901907 -0.410288
    outer loop
      vertex 2.38158 -18.5981 2
      vertex 2.26727 -17.7054 0
      vertex 2.66038 -18.157 1.12202
    endloop
  endfacet
  facet normal 0.710318 -0.530659 -0.462438
    outer loop
      vertex 2.66038 -18.157 1.12202
      vertex 2.26727 -17.7054 0
      vertex 3.76062 -17.4494 2
    endloop
  endfacet
  facet normal 0.710318 -0.530659 -0.462438
    outer loop
      vertex 2.96799 -18.5104 2
      vertex 2.66038 -18.157 1.12202
      vertex 3.76062 -17.4494 2
    endloop
  endfacet
  facet normal -0.492959 -0.736982 0.462438
    outer loop
      vertex 3.76062 -17.4494 2
      vertex 2.26727 -17.7054 0
      vertex 2.87155 -17.8229 0.457002
    endloop
  endfacet
  facet normal -0.492959 -0.736982 0.462438
    outer loop
      vertex 3.48366 -17.9318 0.93591
      vertex 3.76062 -17.4494 2
      vertex 3.0624 -17.86 0.601335
    endloop
  endfacet
  facet normal -0.492959 -0.736982 0.462438
    outer loop
      vertex 3.0624 -17.86 0.601335
      vertex 3.76062 -17.4494 2
      vertex 2.87155 -17.8229 0.457002
    endloop
  endfacet
  facet normal -0.492959 -0.736982 0.462438
    outer loop
      vertex 3.87913 -17.9992 1.25
      vertex 3.76062 -17.4494 2
      vertex 3.48366 -17.9318 0.93591
    endloop
  endfacet
  facet normal 0.135009 -0.901907 -0.410288
    outer loop
      vertex 2.87155 -17.8229 0.457002
      vertex 2.26727 -17.7054 0
      vertex 3.01666 -17.5932 0
    endloop
  endfacet
  facet normal 0.135009 -0.901907 -0.410288
    outer loop
      vertex 3.0624 -17.86 0.601335
      vertex 2.87155 -17.8229 0.457002
      vertex 3.01666 -17.5932 0
    endloop
  endfacet
  facet normal 0.173165 -0.895365 -0.410288
    outer loop
      vertex 3.0624 -17.86 0.601335
      vertex 3.01666 -17.5932 0
      vertex 3.76062 -17.4494 0
    endloop
  endfacet
  facet normal 0.173165 -0.895365 -0.410288
    outer loop
      vertex 3.48366 -17.9318 0.93591
      vertex 3.0624 -17.86 0.601335
      vertex 3.76062 -17.4494 0
    endloop
  endfacet
  facet normal 0.173164 -0.895365 -0.410288
    outer loop
      vertex 3.87913 -17.9992 1.25
      vertex 3.48366 -17.9318 0.93591
      vertex 3.76062 -17.4494 0
    endloop
  endfacet
  facet normal 0.211009 -0.887209 -0.410288
    outer loop
      vertex 3.87913 -17.9992 1.25
      vertex 3.76062 -17.4494 0
      vertex 4.49781 -17.274 0
    endloop
  endfacet
  facet normal 0.211009 -0.887209 -0.410288
    outer loop
      vertex 4.25198 -17.7477 0.897887
      vertex 3.87913 -17.9992 1.25
      vertex 4.49781 -17.274 0
    endloop
  endfacet
  facet normal 0.211009 -0.887209 -0.410288
    outer loop
      vertex 4.56599 -17.5359 0.601335
      vertex 4.25198 -17.7477 0.897887
      vertex 4.49781 -17.274 0
    endloop
  endfacet
  facet normal 0.248473 -0.877454 -0.410288
    outer loop
      vertex 4.56599 -17.5359 0.601335
      vertex 4.49781 -17.274 0
      vertex 5.22689 -17.0676 0
    endloop
  endfacet
  facet normal 0.752762 -0.468508 0.462438
    outer loop
      vertex 5.22689 -17.0676 0
      vertex 3.76062 -17.4494 2
      vertex 3.87913 -17.9992 1.25
    endloop
  endfacet
  facet normal 0.752762 -0.468508 0.462438
    outer loop
      vertex 4.56599 -17.5359 0.601335
      vertex 5.22689 -17.0676 0
      vertex 4.25198 -17.7477 0.897887
    endloop
  endfacet
  facet normal 0.752762 -0.468508 0.462438
    outer loop
      vertex 4.25198 -17.7477 0.897887
      vertex 5.22689 -17.0676 0
      vertex 3.87913 -17.9992 1.25
    endloop
  endfacet
  facet normal -0.428682 -0.776133 -0.462438
    outer loop
      vertex 4.91992 -18.0897 2
      vertex 3.76062 -17.4494 2
      vertex 5.22689 -17.0676 0
    endloop
  endfacet
  facet normal 0.248474 -0.877454 -0.410288
    outer loop
      vertex 5.49043 -17.9281 2
      vertex 4.91992 -18.0897 2
      vertex 5.22689 -17.0676 0
    endloop
  endfacet
  facet normal 0.28549 -0.866118 -0.410288
    outer loop
      vertex 5.49043 -17.9281 2
      vertex 5.22689 -17.0676 0
      vertex 5.69066 -17.4462 1.12202
    endloop
  endfacet
  facet normal 0.789782 -0.402982 -0.462438
    outer loop
      vertex 5.69066 -17.4462 1.12202
      vertex 5.22689 -17.0676 0
      vertex 6.65549 -16.5628 2
    endloop
  endfacet
  facet normal 0.789782 -0.402982 -0.462438
    outer loop
      vertex 6.05356 -17.7425 2
      vertex 5.69066 -17.4462 1.12202
      vertex 6.65549 -16.5628 2
    endloop
  endfacet
  facet normal -0.361318 -0.809692 0.462438
    outer loop
      vertex 6.65549 -16.5628 2
      vertex 5.22689 -17.0676 0
      vertex 5.84232 -17.0812 0.457002
    endloop
  endfacet
  facet normal -0.361318 -0.809692 0.462438
    outer loop
      vertex 6.03669 -17.0855 0.601335
      vertex 6.65549 -16.5628 2
      vertex 5.84232 -17.0812 0.457002
    endloop
  endfacet
  facet normal -0.361318 -0.809692 0.462438
    outer loop
      vertex 6.03669 -17.0855 0.601335
      vertex 6.46404 -17.0851 0.93591
      vertex 6.65549 -16.5628 2
    endloop
  endfacet
  facet normal -0.361318 -0.809692 0.462438
    outer loop
      vertex 6.46404 -17.0851 0.93591
      vertex 6.86522 -17.0848 1.25
      vertex 6.65549 -16.5628 2
    endloop
  endfacet
  facet normal 0.28549 -0.866118 -0.410288
    outer loop
      vertex 5.84232 -17.0812 0.457002
      vertex 5.22689 -17.0676 0
      vertex 5.94654 -16.8304 0
    endloop
  endfacet
  facet normal 0.285489 -0.866118 -0.410288
    outer loop
      vertex 6.03669 -17.0855 0.601335
      vertex 5.84232 -17.0812 0.457002
      vertex 5.94654 -16.8304 0
    endloop
  endfacet
  facet normal 0.321991 -0.853221 -0.410288
    outer loop
      vertex 6.03669 -17.0855 0.601335
      vertex 5.94654 -16.8304 0
      vertex 6.65549 -16.5628 0
    endloop
  endfacet
  facet normal 0.321991 -0.853221 -0.410288
    outer loop
      vertex 6.46404 -17.0851 0.93591
      vertex 6.03669 -17.0855 0.601335
      vertex 6.65549 -16.5628 0
    endloop
  endfacet
  facet normal 0.321991 -0.853221 -0.410288
    outer loop
      vertex 6.86522 -17.0848 1.25
      vertex 6.46404 -17.0851 0.93591
      vertex 6.65549 -16.5628 0
    endloop
  endfacet
  facet normal 0.357912 -0.838786 -0.410288
    outer loop
      vertex 6.86522 -17.0848 1.25
      vertex 6.65549 -16.5628 0
      vertex 7.35244 -16.2654 0
    endloop
  endfacet
  facet normal 0.357912 -0.838786 -0.410288
    outer loop
      vertex 7.1902 -16.7739 0.897887
      vertex 6.86522 -17.0848 1.25
      vertex 7.35244 -16.2654 0
    endloop
  endfacet
  facet normal 0.357913 -0.838786 -0.410288
    outer loop
      vertex 7.4639 -16.512 0.601335
      vertex 7.1902 -16.7739 0.897887
      vertex 7.35244 -16.2654 0
    endloop
  endfacet
  facet normal 0.393189 -0.82284 -0.410288
    outer loop
      vertex 7.4639 -16.512 0.601335
      vertex 7.35244 -16.2654 0
      vertex 8.03614 -15.9387 0
    endloop
  endfacet
  facet normal 0.821112 -0.334552 0.462438
    outer loop
      vertex 8.03614 -15.9387 0
      vertex 6.65549 -16.5628 2
      vertex 6.86522 -17.0848 1.25
    endloop
  endfacet
  facet normal 0.821112 -0.334552 0.462438
    outer loop
      vertex 7.1902 -16.7739 0.897887
      vertex 8.03614 -15.9387 0
      vertex 6.86522 -17.0848 1.25
    endloop
  endfacet
  facet normal 0.821112 -0.334552 0.462438
    outer loop
      vertex 7.4639 -16.512 0.601335
      vertex 8.03614 -15.9387 0
      vertex 7.1902 -16.7739 0.897887
    endloop
  endfacet
  facet normal -0.291349 -0.837417 -0.462438
    outer loop
      vertex 7.90633 -16.998 2
      vertex 6.65549 -16.5628 2
      vertex 8.03614 -15.9387 0
    endloop
  endfacet
  facet normal 0.393189 -0.82284 -0.410288
    outer loop
      vertex 8.44132 -16.7424 2
      vertex 7.90633 -16.998 2
      vertex 8.03614 -15.9387 0
    endloop
  endfacet
  facet normal 0.427758 -0.805411 -0.410288
    outer loop
      vertex 8.44132 -16.7424 2
      vertex 8.03614 -15.9387 0
      vertex 8.55723 -16.2335 1.12202
    endloop
  endfacet
  facet normal 0.846526 -0.263712 -0.462438
    outer loop
      vertex 8.55723 -16.2335 1.12202
      vertex 8.03614 -15.9387 0
      vertex 9.35888 -15.1998 2
    endloop
  endfacet
  facet normal 0.846526 -0.263712 -0.462438
    outer loop
      vertex 8.96498 -16.4642 2
      vertex 8.55723 -16.2335 1.12202
      vertex 9.35888 -15.1998 2
    endloop
  endfacet
  facet normal -0.219282 -0.859108 0.462438
    outer loop
      vertex 9.25846 -15.7469 0.93591
      vertex 9.65381 -15.6788 1.25
      vertex 9.35888 -15.1998 2
    endloop
  endfacet
  facet normal -0.219282 -0.859108 0.462438
    outer loop
      vertex 9.35888 -15.1998 2
      vertex 8.03614 -15.9387 0
      vertex 8.64502 -15.8481 0.457001
    endloop
  endfacet
  facet normal -0.219282 -0.859108 0.462438
    outer loop
      vertex 8.83733 -15.8195 0.601335
      vertex 9.35888 -15.1998 2
      vertex 8.64502 -15.8481 0.457001
    endloop
  endfacet
  facet normal -0.219282 -0.859108 0.462438
    outer loop
      vertex 8.83733 -15.8195 0.601335
      vertex 9.25846 -15.7469 0.93591
      vertex 9.35888 -15.1998 2
    endloop
  endfacet
  facet normal 0.427758 -0.805411 -0.410288
    outer loop
      vertex 8.64502 -15.8481 0.457001
      vertex 8.03614 -15.9387 0
      vertex 8.70535 -15.5833 0
    endloop
  endfacet
  facet normal 0.427757 -0.805411 -0.410288
    outer loop
      vertex 8.83733 -15.8195 0.601335
      vertex 8.64502 -15.8481 0.457001
      vertex 8.70535 -15.5833 0
    endloop
  endfacet
  facet normal 0.461555 -0.786531 -0.410288
    outer loop
      vertex 8.83733 -15.8195 0.601335
      vertex 8.70535 -15.5833 0
      vertex 9.35888 -15.1998 0
    endloop
  endfacet
  facet normal 0.461555 -0.786531 -0.410288
    outer loop
      vertex 9.25846 -15.7469 0.93591
      vertex 8.83733 -15.8195 0.601335
      vertex 9.35888 -15.1998 0
    endloop
  endfacet
  facet normal 0.461555 -0.786531 -0.410288
    outer loop
      vertex 9.65381 -15.6788 1.25
      vertex 9.25846 -15.7469 0.93591
      vertex 9.35888 -15.1998 0
    endloop
  endfacet
  facet normal 0.49452 -0.766233 -0.410288
    outer loop
      vertex 9.65381 -15.6788 1.25
      vertex 9.35888 -15.1998 0
      vertex 9.99555 -14.7889 0
    endloop
  endfacet
  facet normal 0.49452 -0.766233 -0.410288
    outer loop
      vertex 9.92157 -15.3174 0.897886
      vertex 9.65381 -15.6788 1.25
      vertex 9.99555 -14.7889 0
    endloop
  endfacet
  facet normal 0.49452 -0.766233 -0.410288
    outer loop
      vertex 10.1471 -15.0131 0.601335
      vertex 9.92157 -15.3174 0.897886
      vertex 9.99555 -14.7889 0
    endloop
  endfacet
  facet normal 0.526594 -0.744555 -0.410288
    outer loop
      vertex 10.1471 -15.0131 0.601335
      vertex 9.99555 -14.7889 0
      vertex 10.6142 -14.3513 0
    endloop
  endfacet
  facet normal 0.865841 -0.190971 0.462438
    outer loop
      vertex 10.6142 -14.3513 0
      vertex 9.35888 -15.1998 2
      vertex 9.65381 -15.6788 1.25
    endloop
  endfacet
  facet normal 0.865841 -0.190971 0.462438
    outer loop
      vertex 9.92157 -15.3174 0.897886
      vertex 10.6142 -14.3513 0
      vertex 9.65381 -15.6788 1.25
    endloop
  endfacet
  facet normal 0.865841 -0.190971 0.462438
    outer loop
      vertex 10.1471 -15.0131 0.601335
      vertex 10.6142 -14.3513 0
      vertex 9.92157 -15.3174 0.897886
    endloop
  endfacet
  facet normal -0.145634 -0.874609 -0.462438
    outer loop
      vertex 10.6653 -15.4173 2
      vertex 9.35888 -15.1998 2
      vertex 10.6142 -14.3513 0
    endloop
  endfacet
  facet normal 0.526595 -0.744555 -0.410288
    outer loop
      vertex 10.6653 -15.4173 2
      vertex 10.6142 -14.3513 0
      vertex 11.1494 -15.0749 2
    endloop
  endfacet
  facet normal 0.55772 -0.721535 -0.410288
    outer loop
      vertex 11.1494 -15.0749 2
      vertex 10.6142 -14.3513 0
      vertex 11.1776 -14.5539 1.12202
    endloop
  endfacet
  facet normal 0.878917 -0.116855 -0.462438
    outer loop
      vertex 11.1776 -14.5539 1.12202
      vertex 10.6142 -14.3513 0
      vertex 11.793 -13.3995 2
    endloop
  endfacet
  facet normal 0.878917 -0.116855 -0.462438
    outer loop
      vertex 11.6185 -14.7123 2
      vertex 11.1776 -14.5539 1.12202
      vertex 11.793 -13.3995 2
    endloop
  endfacet
  facet normal -0.0709376 -0.883809 0.462438
    outer loop
      vertex 11.793 -13.3995 2
      vertex 10.6142 -14.3513 0
      vertex 11.199 -14.1592 0.457002
    endloop
  endfacet
  facet normal -0.0709376 -0.883809 0.462438
    outer loop
      vertex 11.3837 -14.0985 0.601335
      vertex 11.793 -13.3995 2
      vertex 11.199 -14.1592 0.457002
    endloop
  endfacet
  facet normal -0.0709376 -0.883809 0.462438
    outer loop
      vertex 11.3837 -14.0985 0.601335
      vertex 11.7865 -13.9557 0.935911
      vertex 11.793 -13.3995 2
    endloop
  endfacet
  facet normal -0.0709376 -0.883809 0.462438
    outer loop
      vertex 11.7865 -13.9557 0.935911
      vertex 12.1647 -13.8218 1.25
      vertex 11.793 -13.3995 2
    endloop
  endfacet
  facet normal 0.55772 -0.721535 -0.410288
    outer loop
      vertex 11.199 -14.1592 0.457002
      vertex 10.6142 -14.3513 0
      vertex 11.2137 -13.8879 0
    endloop
  endfacet
  facet normal 0.55772 -0.721535 -0.410288
    outer loop
      vertex 11.3837 -14.0985 0.601335
      vertex 11.199 -14.1592 0.457002
      vertex 11.2137 -13.8879 0
    endloop
  endfacet
  facet normal 0.58784 -0.697215 -0.410288
    outer loop
      vertex 11.3837 -14.0985 0.601335
      vertex 11.2137 -13.8879 0
      vertex 11.793 -13.3995 0
    endloop
  endfacet
  facet normal 0.58784 -0.697215 -0.410288
    outer loop
      vertex 11.7865 -13.9557 0.935911
      vertex 11.3837 -14.0985 0.601335
      vertex 11.793 -13.3995 0
    endloop
  endfacet
  facet normal 0.58784 -0.697215 -0.410288
    outer loop
      vertex 12.1647 -13.8218 1.25
      vertex 11.7865 -13.9557 0.935911
      vertex 11.793 -13.3995 0
    endloop
  endfacet
  facet normal 0.616902 -0.671637 -0.410288
    outer loop
      vertex 12.1647 -13.8218 1.25
      vertex 11.793 -13.3995 0
      vertex 12.3511 -12.8869 0
    endloop
  endfacet
  facet normal 0.616902 -0.671637 -0.410288
    outer loop
      vertex 12.3675 -13.4203 0.897886
      vertex 12.1647 -13.8218 1.25
      vertex 12.3511 -12.8869 0
    endloop
  endfacet
  facet normal 0.616901 -0.671638 -0.410288
    outer loop
      vertex 12.3675 -13.4203 0.897886
      vertex 12.3511 -12.8869 0
      vertex 12.5383 -13.0823 0.601334
    endloop
  endfacet
  facet normal 0.64485 -0.64485 -0.410288
    outer loop
      vertex 12.5383 -13.0823 0.601334
      vertex 12.3511 -12.8869 0
      vertex 12.8869 -12.3511 0
    endloop
  endfacet
  facet normal 0.885661 -0.0418962 0.462438
    outer loop
      vertex 12.8869 -12.3511 0
      vertex 11.793 -13.3995 2
      vertex 12.1647 -13.8218 1.25
    endloop
  endfacet
  facet normal 0.885661 -0.0418962 0.462438
    outer loop
      vertex 12.5383 -13.0823 0.601334
      vertex 12.8869 -12.3511 0
      vertex 12.3675 -13.4203 0.897886
    endloop
  endfacet
  facet normal 0.885661 -0.0418962 0.462438
    outer loop
      vertex 12.3675 -13.4203 0.897886
      vertex 12.8869 -12.3511 0
      vertex 12.1647 -13.8218 1.25
    endloop
  endfacet
  facet normal 0.00427027 -0.886641 -0.462438
    outer loop
      vertex 13.1174 -13.3931 2
      vertex 11.793 -13.3995 2
      vertex 12.8869 -12.3511 0
    endloop
  endfacet
  facet normal 0.64485 -0.64485 -0.410288
    outer loop
      vertex 13.1174 -13.3931 2
      vertex 12.8869 -12.3511 0
      vertex 13.5367 -12.9739 2
    endloop
  endfacet
  facet normal 0.671637 -0.616901 -0.410288
    outer loop
      vertex 13.5367 -12.9739 2
      vertex 12.8869 -12.3511 0
      vertex 13.4765 -12.4555 1.12202
    endloop
  endfacet
  facet normal 0.886024 0.0333638 -0.462438
    outer loop
      vertex 13.4765 -12.4555 1.12202
      vertex 12.8869 -12.3511 0
      vertex 13.8879 -11.2137 2
    endloop
  endfacet
  facet normal 0.886024 0.0333638 -0.462438
    outer loop
      vertex 13.9378 -12.5372 2
      vertex 13.4765 -12.4555 1.12202
      vertex 13.8879 -11.2137 2
    endloop
  endfacet
  facet normal 0.0794472 -0.883085 0.462438
    outer loop
      vertex 13.8879 -11.2137 2
      vertex 12.8869 -12.3511 0
      vertex 13.4308 -12.0629 0.457001
    endloop
  endfacet
  facet normal 0.0794472 -0.883085 0.462438
    outer loop
      vertex 13.9755 -11.7631 0.93591
      vertex 13.8879 -11.2137 2
      vertex 13.6026 -11.9718 0.601335
    endloop
  endfacet
  facet normal 0.0794472 -0.883085 0.462438
    outer loop
      vertex 13.6026 -11.9718 0.601335
      vertex 13.8879 -11.2137 2
      vertex 13.4308 -12.0629 0.457001
    endloop
  endfacet
  facet normal 0.0794472 -0.883085 0.462438
    outer loop
      vertex 14.3256 -11.5671 1.25
      vertex 13.8879 -11.2137 2
      vertex 13.9755 -11.7631 0.93591
    endloop
  endfacet
  facet normal 0.671637 -0.616901 -0.410288
    outer loop
      vertex 13.4308 -12.0629 0.457001
      vertex 12.8869 -12.3511 0
      vertex 13.3995 -11.793 0
    endloop
  endfacet
  facet normal 0.671638 -0.616901 -0.410288
    outer loop
      vertex 13.4308 -12.0629 0.457001
      vertex 13.3995 -11.793 0
      vertex 13.6026 -11.9718 0.601335
    endloop
  endfacet
  facet normal 0.697215 -0.58784 -0.410288
    outer loop
      vertex 13.6026 -11.9718 0.601335
      vertex 13.3995 -11.793 0
      vertex 13.8879 -11.2137 0
    endloop
  endfacet
  facet normal 0.697215 -0.58784 -0.410288
    outer loop
      vertex 13.9755 -11.7631 0.93591
      vertex 13.6026 -11.9718 0.601335
      vertex 13.8879 -11.2137 0
    endloop
  endfacet
  facet normal 0.697215 -0.58784 -0.410288
    outer loop
      vertex 13.9755 -11.7631 0.93591
      vertex 13.8879 -11.2137 0
      vertex 14.3256 -11.5671 1.25
    endloop
  endfacet
  facet normal 0.721535 -0.55772 -0.410288
    outer loop
      vertex 14.3256 -11.5671 1.25
      vertex 13.8879 -11.2137 0
      vertex 14.3513 -10.6142 0
    endloop
  endfacet
  facet normal 0.721535 -0.55772 -0.410288
    outer loop
      vertex 14.4577 -11.1372 0.897886
      vertex 14.3256 -11.5671 1.25
      vertex 14.3513 -10.6142 0
    endloop
  endfacet
  facet normal 0.721535 -0.55772 -0.410288
    outer loop
      vertex 14.4577 -11.1372 0.897886
      vertex 14.3513 -10.6142 0
      vertex 14.5689 -10.7751 0.601334
    endloop
  endfacet
  facet normal 0.744555 -0.526594 -0.410288
    outer loop
      vertex 14.5689 -10.7751 0.601334
      vertex 14.3513 -10.6142 0
      vertex 14.7889 -9.99555 0
    endloop
  endfacet
  facet normal 0.880002 0.108384 0.462438
    outer loop
      vertex 14.7889 -9.99555 0
      vertex 13.8879 -11.2137 2
      vertex 14.3256 -11.5671 1.25
    endloop
  endfacet
  facet normal 0.880002 0.108384 0.462438
    outer loop
      vertex 14.5689 -10.7751 0.601334
      vertex 14.7889 -9.99555 0
      vertex 14.4577 -11.1372 0.897886
    endloop
  endfacet
  facet normal 0.880002 0.108384 0.462438
    outer loop
      vertex 14.4577 -11.1372 0.897886
      vertex 14.7889 -9.99555 0
      vertex 14.3256 -11.5671 1.25
    endloop
  endfacet
  facet normal 0.154052 -0.873166 -0.462438
    outer loop
      vertex 15.1922 -10.9836 2
      vertex 13.8879 -11.2137 2
      vertex 14.7889 -9.99555 0
    endloop
  endfacet
  facet normal 0.744555 -0.526595 -0.410288
    outer loop
      vertex 15.1922 -10.9836 2
      vertex 14.7889 -9.99555 0
      vertex 15.5346 -10.4995 2
    endloop
  endfacet
  facet normal 0.766233 -0.49452 -0.410288
    outer loop
      vertex 15.5346 -10.4995 2
      vertex 14.7889 -9.99555 0
      vertex 15.3876 -9.9988 1.12202
    endloop
  endfacet
  facet normal 0.86764 0.182623 -0.462438
    outer loop
      vertex 15.3876 -9.9988 1.12202
      vertex 14.7889 -9.99555 0
      vertex 15.5833 -8.70535 2
    endloop
  endfacet
  facet normal 0.86764 0.182623 -0.462438
    outer loop
      vertex 15.8561 -10.0013 2
      vertex 15.3876 -9.9988 1.12202
      vertex 15.5833 -8.70535 2
    endloop
  endfacet
  facet normal 0.227547 -0.856956 0.462438
    outer loop
      vertex 15.5833 -8.70535 2
      vertex 14.7889 -9.99555 0
      vertex 15.2763 -9.61952 0.457001
    endloop
  endfacet
  facet normal 0.227547 -0.856956 0.462438
    outer loop
      vertex 15.7625 -9.23199 0.93591
      vertex 15.5833 -8.70535 2
      vertex 15.4302 -9.50076 0.601335
    endloop
  endfacet
  facet normal 0.227547 -0.856956 0.462438
    outer loop
      vertex 15.4302 -9.50076 0.601335
      vertex 15.5833 -8.70535 2
      vertex 15.2763 -9.61952 0.457001
    endloop
  endfacet
  facet normal 0.227547 -0.856956 0.462438
    outer loop
      vertex 16.0744 -8.97968 1.25
      vertex 15.5833 -8.70535 2
      vertex 15.7625 -9.23199 0.93591
    endloop
  endfacet
  facet normal 0.766233 -0.49452 -0.410288
    outer loop
      vertex 15.2763 -9.61952 0.457001
      vertex 14.7889 -9.99555 0
      vertex 15.1998 -9.35888 0
    endloop
  endfacet
  facet normal 0.766233 -0.49452 -0.410288
    outer loop
      vertex 15.2763 -9.61952 0.457001
      vertex 15.1998 -9.35888 0
      vertex 15.4302 -9.50076 0.601335
    endloop
  endfacet
  facet normal 0.786531 -0.461555 -0.410288
    outer loop
      vertex 15.4302 -9.50076 0.601335
      vertex 15.1998 -9.35888 0
      vertex 15.5833 -8.70535 0
    endloop
  endfacet
  facet normal 0.786531 -0.461555 -0.410288
    outer loop
      vertex 15.7625 -9.23199 0.93591
      vertex 15.4302 -9.50076 0.601335
      vertex 15.5833 -8.70535 0
    endloop
  endfacet
  facet normal 0.786531 -0.461555 -0.410288
    outer loop
      vertex 15.7625 -9.23199 0.93591
      vertex 15.5833 -8.70535 0
      vertex 16.0744 -8.97968 1.25
    endloop
  endfacet
  facet normal 0.805411 -0.427758 -0.410288
    outer loop
      vertex 16.0744 -8.97968 1.25
      vertex 15.5833 -8.70535 0
      vertex 15.9387 -8.03614 0
    endloop
  endfacet
  facet normal 0.805411 -0.427758 -0.410288
    outer loop
      vertex 16.1319 -8.53363 0.897886
      vertex 16.0744 -8.97968 1.25
      vertex 15.9387 -8.03614 0
    endloop
  endfacet
  facet normal 0.805411 -0.427757 -0.410288
    outer loop
      vertex 16.1319 -8.53363 0.897886
      vertex 15.9387 -8.03614 0
      vertex 16.1804 -8.15796 0.601335
    endloop
  endfacet
  facet normal 0.82284 -0.393189 -0.410288
    outer loop
      vertex 16.1804 -8.15796 0.601335
      vertex 15.9387 -8.03614 0
      vertex 16.2654 -7.35244 0
    endloop
  endfacet
  facet normal 0.849027 0.255546 0.462438
    outer loop
      vertex 16.2654 -7.35244 0
      vertex 15.5833 -8.70535 2
      vertex 16.0744 -8.97968 1.25
    endloop
  endfacet
  facet normal 0.849027 0.255546 0.462438
    outer loop
      vertex 16.1319 -8.53363 0.897886
      vertex 16.2654 -7.35244 0
      vertex 16.0744 -8.97968 1.25
    endloop
  endfacet
  facet normal 0.849027 0.255546 0.462438
    outer loop
      vertex 16.1804 -8.15796 0.601335
      vertex 16.2654 -7.35244 0
      vertex 16.1319 -8.53363 0.897886
    endloop
  endfacet
  facet normal 0.299402 -0.834571 -0.462438
    outer loop
      vertex 16.8299 -8.25814 2
      vertex 15.5833 -8.70535 2
      vertex 16.2654 -7.35244 0
    endloop
  endfacet
  facet normal 0.82284 -0.393189 -0.410288
    outer loop
      vertex 16.8299 -8.25814 2
      vertex 16.2654 -7.35244 0
      vertex 17.0855 -7.72315 2
    endloop
  endfacet
  facet normal 0.838787 -0.357912 -0.410288
    outer loop
      vertex 17.0855 -7.72315 2
      vertex 16.2654 -7.35244 0
      vertex 16.8561 -7.25446 1.12202
    endloop
  endfacet
  facet normal 0.824297 0.326628 -0.462438
    outer loop
      vertex 16.8561 -7.25446 1.12202
      vertex 16.2654 -7.35244 0
      vertex 16.8304 -5.94654 2
    endloop
  endfacet
  facet normal 0.824297 0.326628 -0.462438
    outer loop
      vertex 17.3182 -7.17779 2
      vertex 16.8561 -7.25446 1.12202
      vertex 16.8304 -5.94654 2
    endloop
  endfacet
  facet normal 0.3691 -0.806174 0.462438
    outer loop
      vertex 17.096 -6.43533 0.93591
      vertex 17.3607 -6.13394 1.25
      vertex 16.8304 -5.94654 2
    endloop
  endfacet
  facet normal 0.3691 -0.806174 0.462438
    outer loop
      vertex 16.8304 -5.94654 2
      vertex 16.2654 -7.35244 0
      vertex 16.6823 -6.89945 0.457001
    endloop
  endfacet
  facet normal 0.3691 -0.806174 0.462438
    outer loop
      vertex 16.8139 -6.75638 0.601335
      vertex 16.8304 -5.94654 2
      vertex 16.6823 -6.89945 0.457001
    endloop
  endfacet
  facet normal 0.3691 -0.806174 0.462438
    outer loop
      vertex 16.8139 -6.75638 0.601335
      vertex 17.096 -6.43533 0.93591
      vertex 16.8304 -5.94654 2
    endloop
  endfacet
  facet normal 0.838787 -0.357912 -0.410288
    outer loop
      vertex 16.6823 -6.89945 0.457001
      vertex 16.2654 -7.35244 0
      vertex 16.5628 -6.65549 0
    endloop
  endfacet
  facet normal 0.838786 -0.357913 -0.410288
    outer loop
      vertex 16.6823 -6.89945 0.457001
      vertex 16.5628 -6.65549 0
      vertex 16.8139 -6.75638 0.601335
    endloop
  endfacet
  facet normal 0.853221 -0.321991 -0.410288
    outer loop
      vertex 16.8139 -6.75638 0.601335
      vertex 16.5628 -6.65549 0
      vertex 16.8304 -5.94654 0
    endloop
  endfacet
  facet normal 0.853221 -0.321991 -0.410288
    outer loop
      vertex 17.096 -6.43533 0.93591
      vertex 16.8139 -6.75638 0.601335
      vertex 16.8304 -5.94654 0
    endloop
  endfacet
  facet normal 0.853221 -0.321991 -0.410288
    outer loop
      vertex 17.096 -6.43533 0.93591
      vertex 16.8304 -5.94654 0
      vertex 17.3607 -6.13394 1.25
    endloop
  endfacet
  facet normal 0.866117 -0.28549 -0.410288
    outer loop
      vertex 17.3607 -6.13394 1.25
      vertex 16.8304 -5.94654 0
      vertex 17.0676 -5.22689 0
    endloop
  endfacet
  facet normal 0.866117 -0.28549 -0.410288
    outer loop
      vertex 17.342 -5.68458 0.897887
      vertex 17.3607 -6.13394 1.25
      vertex 17.0676 -5.22689 0
    endloop
  endfacet
  facet normal 0.866118 -0.285489 -0.410288
    outer loop
      vertex 17.342 -5.68458 0.897887
      vertex 17.0676 -5.22689 0
      vertex 17.3263 -5.30612 0.601335
    endloop
  endfacet
  facet normal 0.877454 -0.248473 -0.410288
    outer loop
      vertex 17.3263 -5.30612 0.601335
      vertex 17.0676 -5.22689 0
      vertex 17.274 -4.49781 0
    endloop
  endfacet
  facet normal 0.793627 0.395356 0.462438
    outer loop
      vertex 17.274 -4.49781 0
      vertex 16.8304 -5.94654 2
      vertex 17.3607 -6.13394 1.25
    endloop
  endfacet
  facet normal 0.793627 0.395356 0.462438
    outer loop
      vertex 17.3263 -5.30612 0.601335
      vertex 17.274 -4.49781 0
      vertex 17.342 -5.68458 0.897887
    endloop
  endfacet
  facet normal 0.793627 0.395356 0.462438
    outer loop
      vertex 17.342 -5.68458 0.897887
      vertex 17.274 -4.49781 0
      vertex 17.3607 -6.13394 1.25
    endloop
  endfacet
  facet normal 0.436138 -0.771968 -0.462438
    outer loop
      vertex 17.9834 -5.29509 2
      vertex 16.8304 -5.94654 2
      vertex 17.274 -4.49781 0
    endloop
  endfacet
  facet normal 0.877453 -0.248474 -0.410288
    outer loop
      vertex 17.9834 -5.29509 2
      vertex 17.274 -4.49781 0
      vertex 18.145 -4.72459 2
    endloop
  endfacet
  facet normal 0.887208 -0.211009 -0.410288
    outer loop
      vertex 18.145 -4.72459 2
      vertex 17.274 -4.49781 0
      vertex 17.8396 -4.30142 1.12202
    endloop
  endfacet
  facet normal 0.757239 0.461237 -0.462438
    outer loop
      vertex 17.8396 -4.30142 1.12202
      vertex 17.274 -4.49781 0
      vertex 17.5932 -3.01666 2
    endloop
  endfacet
  facet normal 0.757239 0.461237 -0.462438
    outer loop
      vertex 18.2822 -4.14774 2
      vertex 17.8396 -4.30142 1.12202
      vertex 17.5932 -3.01666 2
    endloop
  endfacet
  facet normal 0.500034 -0.7322 0.462438
    outer loop
      vertex 17.5932 -3.01666 2
      vertex 17.274 -4.49781 0
      vertex 17.6083 -3.98089 0.457001
    endloop
  endfacet
  facet normal 0.500034 -0.7322 0.462438
    outer loop
      vertex 17.9376 -3.45353 0.93591
      vertex 17.5932 -3.01666 2
      vertex 17.7139 -3.81763 0.601335
    endloop
  endfacet
  facet normal 0.500034 -0.7322 0.462438
    outer loop
      vertex 17.7139 -3.81763 0.601335
      vertex 17.5932 -3.01666 2
      vertex 17.6083 -3.98089 0.457001
    endloop
  endfacet
  facet normal 0.500034 -0.7322 0.462438
    outer loop
      vertex 18.1477 -3.11173 1.25
      vertex 17.5932 -3.01666 2
      vertex 17.9376 -3.45353 0.93591
    endloop
  endfacet
  facet normal 0.887208 -0.211009 -0.410288
    outer loop
      vertex 17.6083 -3.98089 0.457001
      vertex 17.274 -4.49781 0
      vertex 17.4494 -3.76062 0
    endloop
  endfacet
  facet normal 0.887209 -0.211009 -0.410288
    outer loop
      vertex 17.6083 -3.98089 0.457001
      vertex 17.4494 -3.76062 0
      vertex 17.7139 -3.81763 0.601335
    endloop
  endfacet
  facet normal 0.895365 -0.173165 -0.410288
    outer loop
      vertex 17.7139 -3.81763 0.601335
      vertex 17.4494 -3.76062 0
      vertex 17.5932 -3.01666 0
    endloop
  endfacet
  facet normal 0.895365 -0.173165 -0.410288
    outer loop
      vertex 17.9376 -3.45353 0.93591
      vertex 17.7139 -3.81763 0.601335
      vertex 17.5932 -3.01666 0
    endloop
  endfacet
  facet normal 0.895365 -0.173164 -0.410288
    outer loop
      vertex 17.9376 -3.45353 0.93591
      vertex 17.5932 -3.01666 0
      vertex 18.1477 -3.11173 1.25
    endloop
  endfacet
  facet normal 0.901907 -0.135009 -0.410288
    outer loop
      vertex 18.1477 -3.11173 1.25
      vertex 17.5932 -3.01666 0
      vertex 17.7054 -2.26727 0
    endloop
  endfacet
  facet normal 0.901907 -0.135009 -0.410288
    outer loop
      vertex 18.0533 -2.67199 0.897886
      vertex 18.1477 -3.11173 1.25
      vertex 17.7054 -2.26727 0
    endloop
  endfacet
  facet normal 0.901907 -0.135009 -0.410288
    outer loop
      vertex 18.0533 -2.67199 0.897886
      vertex 17.7054 -2.26727 0
      vertex 17.9738 -2.30164 0.601334
    endloop
  endfacet
  facet normal 0.906825 -0.0966083 -0.410288
    outer loop
      vertex 17.9738 -2.30164 0.601334
      vertex 17.7054 -2.26727 0
      vertex 17.7857 -1.51379 0
    endloop
  endfacet
  facet normal 0.715396 0.523793 0.462438
    outer loop
      vertex 17.7857 -1.51379 0
      vertex 17.5932 -3.01666 2
      vertex 18.1477 -3.11173 1.25
    endloop
  endfacet
  facet normal 0.715396 0.523793 0.462438
    outer loop
      vertex 18.0533 -2.67199 0.897886
      vertex 17.7857 -1.51379 0
      vertex 18.1477 -3.11173 1.25
    endloop
  endfacet
  facet normal 0.715396 0.523793 0.462438
    outer loop
      vertex 17.9738 -2.30164 0.601334
      vertex 17.7857 -1.51379 0
      vertex 18.0533 -2.67199 0.897886
    endloop
  endfacet
  facet normal 0.560328 -0.687156 -0.462438
    outer loop
      vertex 18.6196 -2.17971 2
      vertex 17.5932 -3.01666 2
      vertex 17.7857 -1.51379 0
    endloop
  endfacet
  facet normal 0.906824 -0.096609 -0.410288
    outer loop
      vertex 18.6196 -2.17971 2
      vertex 17.7857 -1.51379 0
      vertex 18.6825 -1.59011 2
    endloop
  endfacet
  facet normal 0.910108 -0.0580357 -0.410288
    outer loop
      vertex 18.6825 -1.59011 2
      vertex 17.7857 -1.51379 0
      vertex 18.31 -1.22464 1.12202
    endloop
  endfacet
  facet normal 0.668398 0.582576 -0.462438
    outer loop
      vertex 18.31 -1.22464 1.12202
      vertex 17.7857 -1.51379 0
      vertex 17.85 0 2
    endloop
  endfacet
  facet normal 0.668398 0.582576 -0.462438
    outer loop
      vertex 18.7202 -0.998378 2
      vertex 18.31 -1.22464 1.12202
      vertex 17.85 0 2
    endloop
  endfacet
  facet normal 0.616584 -0.637161 0.462438
    outer loop
      vertex 17.85 0 2
      vertex 17.7857 -1.51379 0
      vertex 18.0278 -0.94781 0.457001
    endloop
  endfacet
  facet normal 0.616584 -0.637161 0.462438
    outer loop
      vertex 18.2633 -0.372386 0.93591
      vertex 17.85 0 2
      vertex 18.1043 -0.76906 0.601335
    endloop
  endfacet
  facet normal 0.616584 -0.637161 0.462438
    outer loop
      vertex 18.1043 -0.76906 0.601335
      vertex 17.85 0 2
      vertex 18.0278 -0.94781 0.457001
    endloop
  endfacet
  facet normal 0.616584 -0.637161 0.462438
    outer loop
      vertex 18.4125 0 1.25
      vertex 17.85 0 2
      vertex 18.2633 -0.372386 0.93591
    endloop
  endfacet
  facet normal 0.910108 -0.0580357 -0.410288
    outer loop
      vertex 18.0278 -0.94781 0.457001
      vertex 17.7857 -1.51379 0
      vertex 17.8339 -0.757575 0
    endloop
  endfacet
  facet normal 0.910108 -0.0580353 -0.410288
    outer loop
      vertex 18.0278 -0.94781 0.457001
      vertex 17.8339 -0.757575 0
      vertex 18.1043 -0.76906 0.601335
    endloop
  endfacet
  facet normal 0.911751 -0.0193561 -0.410288
    outer loop
      vertex 18.1043 -0.76906 0.601335
      vertex 17.8339 -0.757575 0
      vertex 17.85 0 0
    endloop
  endfacet
  facet normal 0.911751 -0.0193561 -0.410288
    outer loop
      vertex 18.2633 -0.372386 0.93591
      vertex 18.1043 -0.76906 0.601335
      vertex 17.85 0 0
    endloop
  endfacet
  facet normal 0.911751 -0.0193562 -0.410288
    outer loop
      vertex 18.2633 -0.372386 0.93591
      vertex 17.85 0 0
      vertex 18.4125 0 1.25
    endloop
  endfacet
  facet normal 0.911751 0.0193561 -0.410288
    outer loop
      vertex 17.85 0 0
      vertex 17.8339 0.757575 0
      vertex 18.2452 0.417467 0.897887
    endloop
  endfacet
  facet normal 0.911751 0.0193561 -0.410288
    outer loop
      vertex 18.4125 0 1.25
      vertex 17.85 0 0
      vertex 18.2452 0.417467 0.897887
    endloop
  endfacet
  facet normal 0.911751 0.0193562 -0.410288
    outer loop
      vertex 18.2452 0.417467 0.897887
      vertex 17.8339 0.757575 0
      vertex 18.1043 0.76906 0.601335
    endloop
  endfacet
  facet normal 0.910108 0.0580357 -0.410288
    outer loop
      vertex 17.8339 0.757575 0
      vertex 17.7857 1.51379 0
      vertex 18.1043 0.76906 0.601335
    endloop
  endfacet
  facet normal 0.616584 0.637161 0.462438
    outer loop
      vertex 17.7857 1.51379 0
      vertex 17.85 0 2
      vertex 18.1043 0.76906 0.601335
    endloop
  endfacet
  facet normal 0.616584 0.637161 0.462438
    outer loop
      vertex 18.1043 0.76906 0.601335
      vertex 17.85 0 2
      vertex 18.4125 0 1.25
    endloop
  endfacet
  facet normal 0.616584 0.637161 0.462438
    outer loop
      vertex 18.1043 0.76906 0.601335
      vertex 18.4125 0 1.25
      vertex 18.2452 0.417467 0.897887
    endloop
  endfacet
  facet normal 0.668398 -0.582576 -0.462438
    outer loop
      vertex 17.85 0 2
      vertex 17.7857 1.51379 0
      vertex 18.7202 0.998378 2
    endloop
  endfacet
  facet normal 0.910108 0.0580353 -0.410288
    outer loop
      vertex 18.7202 0.998378 2
      vertex 17.7857 1.51379 0
      vertex 18.6825 1.59011 2
    endloop
  endfacet
  facet normal 0.906825 0.0966083 -0.410288
    outer loop
      vertex 18.6825 1.59011 2
      vertex 17.7857 1.51379 0
      vertex 18.2535 1.88738 1.12202
    endloop
  endfacet
  facet normal 0.560328 0.687156 -0.462438
    outer loop
      vertex 17.5932 3.01666 2
      vertex 18.6196 2.17971 2
      vertex 17.7857 1.51379 0
    endloop
  endfacet
  facet normal 0.560328 0.687156 -0.462438
    outer loop
      vertex 17.7857 1.51379 0
      vertex 18.6196 2.17971 2
      vertex 18.2535 1.88738 1.12202
    endloop
  endfacet
  facet normal 0.715396 -0.523793 0.462438
    outer loop
      vertex 18.1477 3.11173 1.25
      vertex 17.5932 3.01666 2
      vertex 17.7857 1.51379 0
    endloop
  endfacet
  facet normal 0.715396 -0.523793 0.462438
    outer loop
      vertex 17.9738 2.30164 0.601334
      vertex 18.1477 3.11173 1.25
      vertex 17.9287 2.11254 0.457001
    endloop
  endfacet
  facet normal 0.715396 -0.523793 0.462438
    outer loop
      vertex 17.9287 2.11254 0.457001
      vertex 18.1477 3.11173 1.25
      vertex 17.7857 1.51379 0
    endloop
  endfacet
  facet normal 0.715396 -0.523793 0.462438
    outer loop
      vertex 18.0635 2.71948 0.93591
      vertex 18.1477 3.11173 1.25
      vertex 17.9738 2.30164 0.601334
    endloop
  endfacet
  facet normal 0.906825 0.0966083 -0.410288
    outer loop
      vertex 17.7857 1.51379 0
      vertex 17.7054 2.26727 0
      vertex 17.9287 2.11254 0.457001
    endloop
  endfacet
  facet normal 0.906825 0.096609 -0.410288
    outer loop
      vertex 17.9287 2.11254 0.457001
      vertex 17.7054 2.26727 0
      vertex 17.9738 2.30164 0.601334
    endloop
  endfacet
  facet normal 0.901907 0.135009 -0.410288
    outer loop
      vertex 17.7054 2.26727 0
      vertex 17.5932 3.01666 0
      vertex 18.0635 2.71948 0.93591
    endloop
  endfacet
  facet normal 0.901907 0.135009 -0.410288
    outer loop
      vertex 17.9738 2.30164 0.601334
      vertex 17.7054 2.26727 0
      vertex 18.0635 2.71948 0.93591
    endloop
  endfacet
  facet normal 0.901907 0.135009 -0.410288
    outer loop
      vertex 18.0635 2.71948 0.93591
      vertex 17.5932 3.01666 0
      vertex 18.1477 3.11173 1.25
    endloop
  endfacet
  facet normal 0.895365 0.173165 -0.410288
    outer loop
      vertex 17.5932 3.01666 0
      vertex 17.4494 3.76062 0
      vertex 17.9122 3.49491 0.897887
    endloop
  endfacet
  facet normal 0.895365 0.173165 -0.410288
    outer loop
      vertex 18.1477 3.11173 1.25
      vertex 17.5932 3.01666 0
      vertex 17.9122 3.49491 0.897887
    endloop
  endfacet
  facet normal 0.895365 0.173164 -0.410288
    outer loop
      vertex 17.9122 3.49491 0.897887
      vertex 17.4494 3.76062 0
      vertex 17.7139 3.81763 0.601335
    endloop
  endfacet
  facet normal 0.887209 0.211009 -0.410288
    outer loop
      vertex 17.4494 3.76062 0
      vertex 17.274 4.49781 0
      vertex 17.7139 3.81763 0.601335
    endloop
  endfacet
  facet normal 0.500034 0.7322 0.462438
    outer loop
      vertex 17.274 4.49781 0
      vertex 17.5932 3.01666 2
      vertex 17.7139 3.81763 0.601335
    endloop
  endfacet
  facet normal 0.500034 0.7322 0.462438
    outer loop
      vertex 17.9122 3.49491 0.897887
      vertex 17.5932 3.01666 2
      vertex 18.1477 3.11173 1.25
    endloop
  endfacet
  facet normal 0.500034 0.7322 0.462438
    outer loop
      vertex 17.7139 3.81763 0.601335
      vertex 17.5932 3.01666 2
      vertex 17.9122 3.49491 0.897887
    endloop
  endfacet
  facet normal 0.757239 -0.461237 -0.462438
    outer loop
      vertex 17.5932 3.01666 2
      vertex 17.274 4.49781 0
      vertex 18.2822 4.14774 2
    endloop
  endfacet
  facet normal 0.887209 0.211009 -0.410288
    outer loop
      vertex 18.2822 4.14774 2
      vertex 17.274 4.49781 0
      vertex 18.145 4.72459 2
    endloop
  endfacet
  facet normal 0.877454 0.248473 -0.410288
    outer loop
      vertex 18.145 4.72459 2
      vertex 17.274 4.49781 0
      vertex 17.672 4.94509 1.12202
    endloop
  endfacet
  facet normal 0.436138 0.771968 -0.462438
    outer loop
      vertex 16.8304 5.94654 2
      vertex 17.9834 5.29509 2
      vertex 17.274 4.49781 0
    endloop
  endfacet
  facet normal 0.436138 0.771968 -0.462438
    outer loop
      vertex 17.274 4.49781 0
      vertex 17.9834 5.29509 2
      vertex 17.672 4.94509 1.12202
    endloop
  endfacet
  facet normal 0.793627 -0.395356 0.462438
    outer loop
      vertex 17.3607 6.13394 1.25
      vertex 16.8304 5.94654 2
      vertex 17.274 4.49781 0
    endloop
  endfacet
  facet normal 0.793627 -0.395356 0.462438
    outer loop
      vertex 17.3441 5.7331 0.935911
      vertex 17.3607 6.13394 1.25
      vertex 17.3138 5.11211 0.457001
    endloop
  endfacet
  facet normal 0.793627 -0.395356 0.462438
    outer loop
      vertex 17.3138 5.11211 0.457001
      vertex 17.3607 6.13394 1.25
      vertex 17.274 4.49781 0
    endloop
  endfacet
  facet normal 0.793627 -0.395356 0.462438
    outer loop
      vertex 17.3263 5.30612 0.601335
      vertex 17.3441 5.7331 0.935911
      vertex 17.3138 5.11211 0.457001
    endloop
  endfacet
  facet normal 0.877454 0.248473 -0.410288
    outer loop
      vertex 17.274 4.49781 0
      vertex 17.0676 5.22689 0
      vertex 17.3138 5.11211 0.457001
    endloop
  endfacet
  facet normal 0.877454 0.248474 -0.410288
    outer loop
      vertex 17.3138 5.11211 0.457001
      vertex 17.0676 5.22689 0
      vertex 17.3263 5.30612 0.601335
    endloop
  endfacet
  facet normal 0.866118 0.28549 -0.410288
    outer loop
      vertex 17.0676 5.22689 0
      vertex 16.8304 5.94654 0
      vertex 17.3441 5.7331 0.935911
    endloop
  endfacet
  facet normal 0.866118 0.28549 -0.410288
    outer loop
      vertex 17.3263 5.30612 0.601335
      vertex 17.0676 5.22689 0
      vertex 17.3441 5.7331 0.935911
    endloop
  endfacet
  facet normal 0.866118 0.285489 -0.410288
    outer loop
      vertex 17.3441 5.7331 0.935911
      vertex 16.8304 5.94654 0
      vertex 17.3607 6.13394 1.25
    endloop
  endfacet
  facet normal 0.853221 0.321991 -0.410288
    outer loop
      vertex 16.8304 5.94654 0
      vertex 16.5628 6.65549 0
      vertex 17.0639 6.47182 0.897887
    endloop
  endfacet
  facet normal 0.853221 0.321991 -0.410288
    outer loop
      vertex 17.3607 6.13394 1.25
      vertex 16.8304 5.94654 0
      vertex 17.0639 6.47182 0.897887
    endloop
  endfacet
  facet normal 0.853221 0.321991 -0.410288
    outer loop
      vertex 17.0639 6.47182 0.897887
      vertex 16.5628 6.65549 0
      vertex 16.8139 6.75638 0.601335
    endloop
  endfacet
  facet normal 0.838786 0.357912 -0.410288
    outer loop
      vertex 16.5628 6.65549 0
      vertex 16.2654 7.35244 0
      vertex 16.8139 6.75638 0.601335
    endloop
  endfacet
  facet normal 0.3691 0.806174 0.462438
    outer loop
      vertex 16.2654 7.35244 0
      vertex 16.8304 5.94654 2
      vertex 16.8139 6.75638 0.601335
    endloop
  endfacet
  facet normal 0.3691 0.806174 0.462438
    outer loop
      vertex 16.8139 6.75638 0.601335
      vertex 16.8304 5.94654 2
      vertex 17.3607 6.13394 1.25
    endloop
  endfacet
  facet normal 0.3691 0.806174 0.462438
    outer loop
      vertex 16.8139 6.75638 0.601335
      vertex 17.3607 6.13394 1.25
      vertex 17.0639 6.47182 0.897887
    endloop
  endfacet
  facet normal 0.824297 -0.326628 -0.462438
    outer loop
      vertex 16.8304 5.94654 2
      vertex 16.2654 7.35244 0
      vertex 17.3182 7.17779 2
    endloop
  endfacet
  facet normal 0.838786 0.357913 -0.410288
    outer loop
      vertex 17.3182 7.17779 2
      vertex 16.2654 7.35244 0
      vertex 17.0855 7.72315 2
    endloop
  endfacet
  facet normal 0.82284 0.393189 -0.410288
    outer loop
      vertex 17.0855 7.72315 2
      vertex 16.2654 7.35244 0
      vertex 16.5821 7.86055 1.12202
    endloop
  endfacet
  facet normal 0.299402 0.834571 -0.462438
    outer loop
      vertex 15.5833 8.70535 2
      vertex 16.5821 7.86055 1.12202
      vertex 16.2654 7.35244 0
    endloop
  endfacet
  facet normal 0.299402 0.834571 -0.462438
    outer loop
      vertex 15.5833 8.70535 2
      vertex 16.8299 8.25814 2
      vertex 16.5821 7.86055 1.12202
    endloop
  endfacet
  facet normal 0.849027 -0.255546 0.462438
    outer loop
      vertex 16.0744 8.97968 1.25
      vertex 15.5833 8.70535 2
      vertex 16.2654 7.35244 0
    endloop
  endfacet
  facet normal 0.849027 -0.255546 0.462438
    outer loop
      vertex 16.1257 8.5818 0.93591
      vertex 16.0744 8.97968 1.25
      vertex 16.2008 7.96462 0.457001
    endloop
  endfacet
  facet normal 0.849027 -0.255546 0.462438
    outer loop
      vertex 16.2008 7.96462 0.457001
      vertex 16.0744 8.97968 1.25
      vertex 16.2654 7.35244 0
    endloop
  endfacet
  facet normal 0.849027 -0.255546 0.462438
    outer loop
      vertex 16.1804 8.15796 0.601335
      vertex 16.1257 8.5818 0.93591
      vertex 16.2008 7.96462 0.457001
    endloop
  endfacet
  facet normal 0.82284 0.393189 -0.410288
    outer loop
      vertex 16.2654 7.35244 0
      vertex 15.9387 8.03614 0
      vertex 16.2008 7.96462 0.457001
    endloop
  endfacet
  facet normal 0.82284 0.393189 -0.410288
    outer loop
      vertex 16.2008 7.96462 0.457001
      vertex 15.9387 8.03614 0
      vertex 16.1804 8.15796 0.601335
    endloop
  endfacet
  facet normal 0.805411 0.427758 -0.410288
    outer loop
      vertex 15.9387 8.03614 0
      vertex 15.5833 8.70535 0
      vertex 16.1257 8.5818 0.93591
    endloop
  endfacet
  facet normal 0.805411 0.427758 -0.410288
    outer loop
      vertex 16.1804 8.15796 0.601335
      vertex 15.9387 8.03614 0
      vertex 16.1257 8.5818 0.93591
    endloop
  endfacet
  facet normal 0.805411 0.427757 -0.410288
    outer loop
      vertex 16.1257 8.5818 0.93591
      vertex 15.5833 8.70535 0
      vertex 16.0744 8.97968 1.25
    endloop
  endfacet
  facet normal 0.786531 0.461555 -0.410288
    outer loop
      vertex 15.5833 8.70535 0
      vertex 15.1998 9.35888 0
      vertex 15.7247 9.26254 0.897887
    endloop
  endfacet
  facet normal 0.786531 0.461555 -0.410288
    outer loop
      vertex 16.0744 8.97968 1.25
      vertex 15.5833 8.70535 0
      vertex 15.7247 9.26254 0.897887
    endloop
  endfacet
  facet normal 0.786531 0.461555 -0.410288
    outer loop
      vertex 15.7247 9.26254 0.897887
      vertex 15.1998 9.35888 0
      vertex 15.4302 9.50076 0.601335
    endloop
  endfacet
  facet normal 0.766233 0.49452 -0.410288
    outer loop
      vertex 15.1998 9.35888 0
      vertex 14.7889 9.99555 0
      vertex 15.4302 9.50076 0.601335
    endloop
  endfacet
  facet normal 0.227547 0.856956 0.462438
    outer loop
      vertex 14.7889 9.99555 0
      vertex 15.5833 8.70535 2
      vertex 15.4302 9.50076 0.601335
    endloop
  endfacet
  facet normal 0.227547 0.856956 0.462438
    outer loop
      vertex 15.7247 9.26254 0.897887
      vertex 15.5833 8.70535 2
      vertex 16.0744 8.97968 1.25
    endloop
  endfacet
  facet normal 0.227547 0.856956 0.462438
    outer loop
      vertex 15.4302 9.50076 0.601335
      vertex 15.5833 8.70535 2
      vertex 15.7247 9.26254 0.897887
    endloop
  endfacet
  facet normal 0.86764 -0.182623 -0.462438
    outer loop
      vertex 15.5833 8.70535 2
      vertex 14.7889 9.99555 0
      vertex 15.8561 10.0013 2
    endloop
  endfacet
  facet normal 0.766233 0.49452 -0.410288
    outer loop
      vertex 15.8561 10.0013 2
      vertex 14.7889 9.99555 0
      vertex 15.5346 10.4995 2
    endloop
  endfacet
  facet normal 0.744555 0.526594 -0.410288
    outer loop
      vertex 15.5346 10.4995 2
      vertex 14.7889 9.99555 0
      vertex 15.0151 10.5499 1.12202
    endloop
  endfacet
  facet normal 0.154052 0.873166 -0.462438
    outer loop
      vertex 13.8879 11.2137 2
      vertex 15.1922 10.9836 2
      vertex 14.7889 9.99555 0
    endloop
  endfacet
  facet normal 0.154052 0.873166 -0.462438
    outer loop
      vertex 14.7889 9.99555 0
      vertex 15.1922 10.9836 2
      vertex 15.0151 10.5499 1.12202
    endloop
  endfacet
  facet normal 0.880002 -0.108384 0.462438
    outer loop
      vertex 14.3256 11.5671 1.25
      vertex 13.8879 11.2137 2
      vertex 14.7889 9.99555 0
    endloop
  endfacet
  facet normal 0.880002 -0.108384 0.462438
    outer loop
      vertex 14.4434 11.1836 0.93591
      vertex 14.3256 11.5671 1.25
      vertex 14.6217 10.588 0.457001
    endloop
  endfacet
  facet normal 0.880002 -0.108384 0.462438
    outer loop
      vertex 14.6217 10.588 0.457001
      vertex 14.3256 11.5671 1.25
      vertex 14.7889 9.99555 0
    endloop
  endfacet
  facet normal 0.880002 -0.108384 0.462438
    outer loop
      vertex 14.5689 10.7751 0.601334
      vertex 14.4434 11.1836 0.93591
      vertex 14.6217 10.588 0.457001
    endloop
  endfacet
  facet normal 0.744555 0.526594 -0.410288
    outer loop
      vertex 14.7889 9.99555 0
      vertex 14.3513 10.6142 0
      vertex 14.6217 10.588 0.457001
    endloop
  endfacet
  facet normal 0.744555 0.526595 -0.410288
    outer loop
      vertex 14.6217 10.588 0.457001
      vertex 14.3513 10.6142 0
      vertex 14.5689 10.7751 0.601334
    endloop
  endfacet
  facet normal 0.721535 0.55772 -0.410288
    outer loop
      vertex 14.3513 10.6142 0
      vertex 13.8879 11.2137 0
      vertex 14.4434 11.1836 0.93591
    endloop
  endfacet
  facet normal 0.721535 0.55772 -0.410288
    outer loop
      vertex 14.5689 10.7751 0.601334
      vertex 14.3513 10.6142 0
      vertex 14.4434 11.1836 0.93591
    endloop
  endfacet
  facet normal 0.721535 0.55772 -0.410288
    outer loop
      vertex 14.4434 11.1836 0.93591
      vertex 13.8879 11.2137 0
      vertex 14.3256 11.5671 1.25
    endloop
  endfacet
  facet normal 0.697215 0.58784 -0.410288
    outer loop
      vertex 13.8879 11.2137 0
      vertex 13.3995 11.793 0
      vertex 13.9331 11.7868 0.897886
    endloop
  endfacet
  facet normal 0.697215 0.58784 -0.410288
    outer loop
      vertex 14.3256 11.5671 1.25
      vertex 13.8879 11.2137 0
      vertex 13.9331 11.7868 0.897886
    endloop
  endfacet
  facet normal 0.697215 0.58784 -0.410288
    outer loop
      vertex 13.9331 11.7868 0.897886
      vertex 13.3995 11.793 0
      vertex 13.6026 11.9718 0.601335
    endloop
  endfacet
  facet normal 0.671637 0.616902 -0.410288
    outer loop
      vertex 13.3995 11.793 0
      vertex 12.8869 12.3511 0
      vertex 13.6026 11.9718 0.601335
    endloop
  endfacet
  facet normal 0.0794472 0.883085 0.462438
    outer loop
      vertex 12.8869 12.3511 0
      vertex 13.8879 11.2137 2
      vertex 13.6026 11.9718 0.601335
    endloop
  endfacet
  facet normal 0.0794472 0.883085 0.462438
    outer loop
      vertex 13.6026 11.9718 0.601335
      vertex 13.8879 11.2137 2
      vertex 14.3256 11.5671 1.25
    endloop
  endfacet
  facet normal 0.0794472 0.883085 0.462438
    outer loop
      vertex 13.6026 11.9718 0.601335
      vertex 14.3256 11.5671 1.25
      vertex 13.9331 11.7868 0.897886
    endloop
  endfacet
  facet normal 0.886024 -0.0333638 -0.462438
    outer loop
      vertex 13.8879 11.2137 2
      vertex 12.8869 12.3511 0
      vertex 13.9378 12.5372 2
    endloop
  endfacet
  facet normal 0.671638 0.616901 -0.410288
    outer loop
      vertex 13.9378 12.5372 2
      vertex 12.8869 12.3511 0
      vertex 13.5367 12.9739 2
    endloop
  endfacet
  facet normal 0.64485 0.64485 -0.410288
    outer loop
      vertex 13.5367 12.9739 2
      vertex 12.8869 12.3511 0
      vertex 13.1174 13.3931 2
    endloop
  endfacet
  facet normal 0.00427027 0.886641 -0.462438
    outer loop
      vertex 12.8869 12.3511 0
      vertex 11.793 13.3995 2
      vertex 13.1174 13.3931 2
    endloop
  endfacet
  facet normal 0.885661 0.0418962 0.462438
    outer loop
      vertex 12.1647 13.8218 1.25
      vertex 11.793 13.3995 2
      vertex 12.8869 12.3511 0
    endloop
  endfacet
  facet normal 0.885661 0.0418962 0.462438
    outer loop
      vertex 12.3456 13.4637 0.93591
      vertex 12.1647 13.8218 1.25
      vertex 12.5383 13.0823 0.601334
    endloop
  endfacet
  facet normal 0.885661 0.0418962 0.462438
    outer loop
      vertex 12.5383 13.0823 0.601334
      vertex 12.1647 13.8218 1.25
      vertex 12.8869 12.3511 0
    endloop
  endfacet
  facet normal 0.64485 0.64485 -0.410288
    outer loop
      vertex 12.8869 12.3511 0
      vertex 12.3511 12.8869 0
      vertex 12.5383 13.0823 0.601334
    endloop
  endfacet
  facet normal 0.616901 0.671637 -0.410288
    outer loop
      vertex 11.793 13.3995 0
      vertex 12.3456 13.4637 0.93591
      vertex 12.3511 12.8869 0
    endloop
  endfacet
  facet normal 0.616901 0.671637 -0.410288
    outer loop
      vertex 12.3511 12.8869 0
      vertex 12.3456 13.4637 0.93591
      vertex 12.5383 13.0823 0.601334
    endloop
  endfacet
  facet normal 0.616901 0.671638 -0.410288
    outer loop
      vertex 11.793 13.3995 0
      vertex 12.1647 13.8218 1.25
      vertex 12.3456 13.4637 0.93591
    endloop
  endfacet
  facet normal 0.58784 0.697215 -0.410288
    outer loop
      vertex 11.2137 13.8879 0
      vertex 11.7408 13.972 0.897887
      vertex 11.793 13.3995 0
    endloop
  endfacet
  facet normal 0.58784 0.697215 -0.410288
    outer loop
      vertex 11.793 13.3995 0
      vertex 11.7408 13.972 0.897887
      vertex 12.1647 13.8218 1.25
    endloop
  endfacet
  facet normal 0.58784 0.697215 -0.410288
    outer loop
      vertex 11.7408 13.972 0.897887
      vertex 11.2137 13.8879 0
      vertex 11.3837 14.0985 0.601335
    endloop
  endfacet
  facet normal 0.55772 0.721535 -0.410288
    outer loop
      vertex 11.2137 13.8879 0
      vertex 10.6142 14.3513 0
      vertex 11.3837 14.0985 0.601335
    endloop
  endfacet
  facet normal -0.0709376 0.883809 0.462438
    outer loop
      vertex 10.6142 14.3513 0
      vertex 11.793 13.3995 2
      vertex 11.3837 14.0985 0.601335
    endloop
  endfacet
  facet normal -0.0709376 0.883809 0.462438
    outer loop
      vertex 11.7408 13.972 0.897887
      vertex 11.793 13.3995 2
      vertex 12.1647 13.8218 1.25
    endloop
  endfacet
  facet normal -0.0709376 0.883809 0.462438
    outer loop
      vertex 11.3837 14.0985 0.601335
      vertex 11.793 13.3995 2
      vertex 11.7408 13.972 0.897887
    endloop
  endfacet
  facet normal 0.878917 0.116855 -0.462438
    outer loop
      vertex 11.793 13.3995 2
      vertex 10.6142 14.3513 0
      vertex 11.6185 14.7123 2
    endloop
  endfacet
  facet normal 0.55772 0.721535 -0.410288
    outer loop
      vertex 11.6185 14.7123 2
      vertex 10.6142 14.3513 0
      vertex 11.1494 15.0749 2
    endloop
  endfacet
  facet normal 0.526594 0.744555 -0.410288
    outer loop
      vertex 11.1494 15.0749 2
      vertex 10.6142 14.3513 0
      vertex 10.6429 14.9494 1.12202
    endloop
  endfacet
  facet normal -0.145634 0.874609 -0.462438
    outer loop
      vertex 9.35888 15.1998 2
      vertex 10.6429 14.9494 1.12202
      vertex 10.6142 14.3513 0
    endloop
  endfacet
  facet normal -0.145634 0.874609 -0.462438
    outer loop
      vertex 9.35888 15.1998 2
      vertex 10.6653 15.4173 2
      vertex 10.6429 14.9494 1.12202
    endloop
  endfacet
  facet normal 0.865841 0.190971 0.462438
    outer loop
      vertex 9.65381 15.6788 1.25
      vertex 9.35888 15.1998 2
      vertex 10.6142 14.3513 0
    endloop
  endfacet
  facet normal 0.865841 0.190971 0.462438
    outer loop
      vertex 10.1471 15.0131 0.601335
      vertex 9.65381 15.6788 1.25
      vertex 10.2592 14.8543 0.457001
    endloop
  endfacet
  facet normal 0.865841 0.190971 0.462438
    outer loop
      vertex 10.2592 14.8543 0.457001
      vertex 9.65381 15.6788 1.25
      vertex 10.6142 14.3513 0
    endloop
  endfacet
  facet normal 0.865841 0.190971 0.462438
    outer loop
      vertex 9.89265 15.3564 0.93591
      vertex 9.65381 15.6788 1.25
      vertex 10.1471 15.0131 0.601335
    endloop
  endfacet
  facet normal 0.526594 0.744555 -0.410288
    outer loop
      vertex 10.6142 14.3513 0
      vertex 9.99555 14.7889 0
      vertex 10.2592 14.8543 0.457001
    endloop
  endfacet
  facet normal 0.526595 0.744555 -0.410288
    outer loop
      vertex 10.2592 14.8543 0.457001
      vertex 9.99555 14.7889 0
      vertex 10.1471 15.0131 0.601335
    endloop
  endfacet
  facet normal 0.49452 0.766233 -0.410288
    outer loop
      vertex 9.35888 15.1998 0
      vertex 9.89265 15.3564 0.93591
      vertex 9.99555 14.7889 0
    endloop
  endfacet
  facet normal 0.49452 0.766233 -0.410288
    outer loop
      vertex 9.99555 14.7889 0
      vertex 9.89265 15.3564 0.93591
      vertex 10.1471 15.0131 0.601335
    endloop
  endfacet
  facet normal 0.49452 0.766233 -0.410288
    outer loop
      vertex 9.89265 15.3564 0.93591
      vertex 9.35888 15.1998 0
      vertex 9.65381 15.6788 1.25
    endloop
  endfacet
  facet normal 0.461555 0.786531 -0.410288
    outer loop
      vertex 8.70535 15.5833 0
      vertex 9.2106 15.7552 0.897887
      vertex 9.35888 15.1998 0
    endloop
  endfacet
  facet normal 0.461555 0.786531 -0.410288
    outer loop
      vertex 9.35888 15.1998 0
      vertex 9.2106 15.7552 0.897887
      vertex 9.65381 15.6788 1.25
    endloop
  endfacet
  facet normal 0.461555 0.786531 -0.410288
    outer loop
      vertex 9.2106 15.7552 0.897887
      vertex 8.70535 15.5833 0
      vertex 8.83733 15.8195 0.601335
    endloop
  endfacet
  facet normal 0.427758 0.805411 -0.410288
    outer loop
      vertex 8.70535 15.5833 0
      vertex 8.03614 15.9387 0
      vertex 8.83733 15.8195 0.601335
    endloop
  endfacet
  facet normal -0.219282 0.859108 0.462438
    outer loop
      vertex 8.03614 15.9387 0
      vertex 9.35888 15.1998 2
      vertex 8.83733 15.8195 0.601335
    endloop
  endfacet
  facet normal -0.219282 0.859108 0.462438
    outer loop
      vertex 8.83733 15.8195 0.601335
      vertex 9.35888 15.1998 2
      vertex 9.65381 15.6788 1.25
    endloop
  endfacet
  facet normal -0.219282 0.859108 0.462438
    outer loop
      vertex 8.83733 15.8195 0.601335
      vertex 9.65381 15.6788 1.25
      vertex 9.2106 15.7552 0.897887
    endloop
  endfacet
  facet normal 0.846526 0.263712 -0.462438
    outer loop
      vertex 9.35888 15.1998 2
      vertex 8.03614 15.9387 0
      vertex 8.96498 16.4642 2
    endloop
  endfacet
  facet normal 0.427757 0.805411 -0.410288
    outer loop
      vertex 8.96498 16.4642 2
      vertex 8.03614 15.9387 0
      vertex 8.44132 16.7424 2
    endloop
  endfacet
  facet normal 0.393189 0.82284 -0.410288
    outer loop
      vertex 8.03614 15.9387 0
      vertex 7.96331 16.533 1.12202
      vertex 8.44132 16.7424 2
    endloop
  endfacet
  facet normal -0.291349 0.837417 -0.462438
    outer loop
      vertex 6.65549 16.5628 2
      vertex 7.90633 16.998 2
      vertex 8.03614 15.9387 0
    endloop
  endfacet
  facet normal -0.291349 0.837417 -0.462438
    outer loop
      vertex 8.03614 15.9387 0
      vertex 7.90633 16.998 2
      vertex 7.96331 16.533 1.12202
    endloop
  endfacet
  facet normal 0.821112 0.334552 0.462438
    outer loop
      vertex 6.86522 17.0848 1.25
      vertex 6.65549 16.5628 2
      vertex 8.03614 15.9387 0
    endloop
  endfacet
  facet normal 0.821112 0.334552 0.462438
    outer loop
      vertex 7.15511 16.8074 0.935911
      vertex 6.86522 17.0848 1.25
      vertex 7.60125 16.3744 0.457002
    endloop
  endfacet
  facet normal 0.821112 0.334552 0.462438
    outer loop
      vertex 7.60125 16.3744 0.457002
      vertex 6.86522 17.0848 1.25
      vertex 8.03614 15.9387 0
    endloop
  endfacet
  facet normal 0.821112 0.334552 0.462438
    outer loop
      vertex 7.4639 16.512 0.601335
      vertex 7.15511 16.8074 0.935911
      vertex 7.60125 16.3744 0.457002
    endloop
  endfacet
  facet normal 0.393189 0.82284 -0.410288
    outer loop
      vertex 8.03614 15.9387 0
      vertex 7.35244 16.2654 0
      vertex 7.60125 16.3744 0.457002
    endloop
  endfacet
  facet normal 0.393189 0.82284 -0.410288
    outer loop
      vertex 7.60125 16.3744 0.457002
      vertex 7.35244 16.2654 0
      vertex 7.4639 16.512 0.601335
    endloop
  endfacet
  facet normal 0.357912 0.838787 -0.410288
    outer loop
      vertex 6.65549 16.5628 0
      vertex 7.15511 16.8074 0.935911
      vertex 7.35244 16.2654 0
    endloop
  endfacet
  facet normal 0.357912 0.838787 -0.410288
    outer loop
      vertex 7.35244 16.2654 0
      vertex 7.15511 16.8074 0.935911
      vertex 7.4639 16.512 0.601335
    endloop
  endfacet
  facet normal 0.357913 0.838786 -0.410288
    outer loop
      vertex 7.15511 16.8074 0.935911
      vertex 6.65549 16.5628 0
      vertex 6.86522 17.0848 1.25
    endloop
  endfacet
  facet normal 0.321991 0.853221 -0.410288
    outer loop
      vertex 5.94654 16.8304 0
      vertex 6.41547 17.0852 0.897887
      vertex 6.65549 16.5628 0
    endloop
  endfacet
  facet normal 0.321991 0.853221 -0.410288
    outer loop
      vertex 6.65549 16.5628 0
      vertex 6.41547 17.0852 0.897887
      vertex 6.86522 17.0848 1.25
    endloop
  endfacet
  facet normal 0.321991 0.853221 -0.410288
    outer loop
      vertex 6.41547 17.0852 0.897887
      vertex 5.94654 16.8304 0
      vertex 6.03669 17.0855 0.601335
    endloop
  endfacet
  facet normal 0.28549 0.866117 -0.410288
    outer loop
      vertex 5.94654 16.8304 0
      vertex 5.22689 17.0676 0
      vertex 6.03669 17.0855 0.601335
    endloop
  endfacet
  facet normal -0.361318 0.809692 0.462438
    outer loop
      vertex 5.22689 17.0676 0
      vertex 6.65549 16.5628 2
      vertex 6.03669 17.0855 0.601335
    endloop
  endfacet
  facet normal -0.361318 0.809692 0.462438
    outer loop
      vertex 6.41547 17.0852 0.897887
      vertex 6.65549 16.5628 2
      vertex 6.86522 17.0848 1.25
    endloop
  endfacet
  facet normal -0.361318 0.809692 0.462438
    outer loop
      vertex 6.03669 17.0855 0.601335
      vertex 6.65549 16.5628 2
      vertex 6.41547 17.0852 0.897887
    endloop
  endfacet
  facet normal 0.789782 0.402982 -0.462438
    outer loop
      vertex 6.65549 16.5628 2
      vertex 5.22689 17.0676 0
      vertex 6.05356 17.7425 2
    endloop
  endfacet
  facet normal 0.285489 0.866118 -0.410288
    outer loop
      vertex 6.05356 17.7425 2
      vertex 5.22689 17.0676 0
      vertex 5.49043 17.9281 2
    endloop
  endfacet
  facet normal 0.248473 0.877454 -0.410288
    outer loop
      vertex 5.22689 17.0676 0
      vertex 5.05468 17.641 1.12202
      vertex 5.49043 17.9281 2
    endloop
  endfacet
  facet normal -0.428682 0.776133 -0.462438
    outer loop
      vertex 3.76062 17.4494 2
      vertex 5.05468 17.641 1.12202
      vertex 5.22689 17.0676 0
    endloop
  endfacet
  facet normal -0.428682 0.776133 -0.462438
    outer loop
      vertex 3.76062 17.4494 2
      vertex 4.91992 18.0897 2
      vertex 5.05468 17.641 1.12202
    endloop
  endfacet
  facet normal 0.752762 0.468508 0.462438
    outer loop
      vertex 3.87913 17.9992 1.25
      vertex 3.76062 17.4494 2
      vertex 5.22689 17.0676 0
    endloop
  endfacet
  facet normal 0.752762 0.468508 0.462438
    outer loop
      vertex 4.56599 17.5359 0.601335
      vertex 3.87913 17.9992 1.25
      vertex 4.72462 17.4235 0.457001
    endloop
  endfacet
  facet normal 0.752762 0.468508 0.462438
    outer loop
      vertex 4.72462 17.4235 0.457001
      vertex 3.87913 17.9992 1.25
      vertex 5.22689 17.0676 0
    endloop
  endfacet
  facet normal 0.752762 0.468508 0.462438
    outer loop
      vertex 4.21172 17.7749 0.93591
      vertex 3.87913 17.9992 1.25
      vertex 4.56599 17.5359 0.601335
    endloop
  endfacet
  facet normal 0.248473 0.877454 -0.410288
    outer loop
      vertex 5.22689 17.0676 0
      vertex 4.49781 17.274 0
      vertex 4.72462 17.4235 0.457001
    endloop
  endfacet
  facet normal 0.248474 0.877453 -0.410288
    outer loop
      vertex 4.72462 17.4235 0.457001
      vertex 4.49781 17.274 0
      vertex 4.56599 17.5359 0.601335
    endloop
  endfacet
  facet normal 0.211009 0.887208 -0.410288
    outer loop
      vertex 3.76062 17.4494 0
      vertex 4.21172 17.7749 0.93591
      vertex 4.49781 17.274 0
    endloop
  endfacet
  facet normal 0.211009 0.887208 -0.410288
    outer loop
      vertex 4.49781 17.274 0
      vertex 4.21172 17.7749 0.93591
      vertex 4.56599 17.5359 0.601335
    endloop
  endfacet
  facet normal 0.211009 0.887209 -0.410288
    outer loop
      vertex 3.76062 17.4494 0
      vertex 3.87913 17.9992 1.25
      vertex 4.21172 17.7749 0.93591
    endloop
  endfacet
  facet normal 0.173165 0.895365 -0.410288
    outer loop
      vertex 3.01666 17.5932 0
      vertex 3.43579 17.9236 0.897887
      vertex 3.76062 17.4494 0
    endloop
  endfacet
  facet normal 0.173165 0.895365 -0.410288
    outer loop
      vertex 3.76062 17.4494 0
      vertex 3.43579 17.9236 0.897887
      vertex 3.87913 17.9992 1.25
    endloop
  endfacet
  facet normal 0.173164 0.895365 -0.410288
    outer loop
      vertex 3.43579 17.9236 0.897887
      vertex 3.01666 17.5932 0
      vertex 3.0624 17.86 0.601335
    endloop
  endfacet
  facet normal 0.135009 0.901907 -0.410288
    outer loop
      vertex 3.01666 17.5932 0
      vertex 2.26727 17.7054 0
      vertex 3.0624 17.86 0.601335
    endloop
  endfacet
  facet normal -0.492959 0.736982 0.462438
    outer loop
      vertex 2.26727 17.7054 0
      vertex 3.76062 17.4494 2
      vertex 3.0624 17.86 0.601335
    endloop
  endfacet
  facet normal -0.492959 0.736982 0.462438
    outer loop
      vertex 3.0624 17.86 0.601335
      vertex 3.76062 17.4494 2
      vertex 3.87913 17.9992 1.25
    endloop
  endfacet
  facet normal -0.492959 0.736982 0.462438
    outer loop
      vertex 3.0624 17.86 0.601335
      vertex 3.87913 17.9992 1.25
      vertex 3.43579 17.9236 0.897887
    endloop
  endfacet
  facet normal 0.710318 0.530659 -0.462438
    outer loop
      vertex 3.76062 17.4494 2
      vertex 2.26727 17.7054 0
      vertex 2.96799 18.5104 2
    endloop
  endfacet
  facet normal 0.135009 0.901907 -0.410288
    outer loop
      vertex 2.96799 18.5104 2
      vertex 2.26727 17.7054 0
      vertex 2.38158 18.5981 2
    endloop
  endfacet
  facet normal 0.0966083 0.906825 -0.410288
    outer loop
      vertex 2.26727 17.7054 0
      vertex 2.00063 18.2415 1.12202
      vertex 2.38158 18.5981 2
    endloop
  endfacet
  facet normal -0.553683 0.692521 -0.462438
    outer loop
      vertex 0.757575 17.8339 2
      vertex 2.00063 18.2415 1.12202
      vertex 2.26727 17.7054 0
    endloop
  endfacet
  facet normal -0.553683 0.692521 -0.462438
    outer loop
      vertex 0.757575 17.8339 2
      vertex 1.79199 18.6609 2
      vertex 2.00063 18.2415 1.12202
    endloop
  endfacet
  facet normal 0.662756 0.588987 0.462438
    outer loop
      vertex 0.781448 18.3959 1.25
      vertex 0.757575 17.8339 2
      vertex 2.26727 17.7054 0
    endloop
  endfacet
  facet normal 0.662756 0.588987 0.462438
    outer loop
      vertex 1.53673 18.0553 0.601335
      vertex 0.781448 18.3959 1.25
      vertex 1.71208 17.9713 0.457001
    endloop
  endfacet
  facet normal 0.662756 0.588987 0.462438
    outer loop
      vertex 1.71208 17.9713 0.457001
      vertex 0.781448 18.3959 1.25
      vertex 2.26727 17.7054 0
    endloop
  endfacet
  facet normal 0.662756 0.588987 0.462438
    outer loop
      vertex 1.14716 18.231 0.93591
      vertex 0.781448 18.3959 1.25
      vertex 1.53673 18.0553 0.601335
    endloop
  endfacet
  facet normal 0.662756 0.588987 0.462438
    outer loop
      vertex 0.781449 18.3959 1.25
      vertex 0.781448 18.3959 1.25
      vertex 1.14716 18.231 0.93591
    endloop
  endfacet
  facet normal 0.0966083 0.906825 -0.410288
    outer loop
      vertex 2.26727 17.7054 0
      vertex 1.51379 17.7857 0
      vertex 1.71208 17.9713 0.457001
    endloop
  endfacet
  facet normal 0.096609 0.906824 -0.410288
    outer loop
      vertex 1.71208 17.9713 0.457001
      vertex 1.51379 17.7857 0
      vertex 1.53673 18.0553 0.601335
    endloop
  endfacet
  facet normal 0.0580357 0.910108 -0.410288
    outer loop
      vertex 0.757575 17.8339 0
      vertex 1.14716 18.231 0.93591
      vertex 1.51379 17.7857 0
    endloop
  endfacet
  facet normal 0.0580357 0.910108 -0.410288
    outer loop
      vertex 1.51379 17.7857 0
      vertex 1.14716 18.231 0.93591
      vertex 1.53673 18.0553 0.601335
    endloop
  endfacet
  facet normal 0.0580353 0.910108 -0.410288
    outer loop
      vertex 1.14716 18.231 0.93591
      vertex 0.757575 17.8339 0
      vertex 0.781449 18.3959 1.25
    endloop
  endfacet
  facet normal 0.0193561 0.911751 -0.410288
    outer loop
      vertex 0 17.85 0
      vertex 0.357257 18.2465 0.897887
      vertex 0.757575 17.8339 0
    endloop
  endfacet
  facet normal 0.0193561 0.911751 -0.410288
    outer loop
      vertex 0.757575 17.8339 0
      vertex 0.357257 18.2465 0.897887
      vertex 0.781448 18.3959 1.25
    endloop
  endfacet
  facet normal 0.0193561 0.911751 -0.410288
    outer loop
      vertex 0.757575 17.8339 0
      vertex 0.781448 18.3959 1.25
      vertex 0.781449 18.3959 1.25
    endloop
  endfacet
  facet normal 0.0193562 0.911751 -0.410288
    outer loop
      vertex 0.357257 18.2465 0.897887
      vertex 0 17.85 0
      vertex 0 18.1206 0.601335
    endloop
  endfacet
  facet normal -0.0193561 0.911751 -0.410288
    outer loop
      vertex 0 17.85 0
      vertex -0.757575 17.8339 0
      vertex 0 18.1206 0.601335
    endloop
  endfacet
  facet normal -0.610419 0.643071 0.462438
    outer loop
      vertex -0.757575 17.8339 0
      vertex 0.757575 17.8339 2
      vertex 0 18.1206 0.601335
    endloop
  endfacet
  facet normal -0.610419 0.643071 0.462438
    outer loop
      vertex 0.357257 18.2465 0.897887
      vertex 0.757575 17.8339 2
      vertex 0.781448 18.3959 1.25
    endloop
  endfacet
  facet normal -0.610419 0.643071 0.462438
    outer loop
      vertex 0 18.1206 0.601335
      vertex 0.757575 17.8339 2
      vertex 0.357257 18.2465 0.897887
    endloop
  endfacet
  facet normal 0.610419 0.643071 -0.462438
    outer loop
      vertex 0.757575 17.8339 2
      vertex -0.757575 17.8339 0
      vertex -0.202971 18.7457 2
    endloop
  endfacet
  facet normal -0.0193562 0.911751 -0.410288
    outer loop
      vertex -0.757575 17.8339 0
      vertex -0.795773 18.7331 2
      vertex -0.202971 18.7457 2
    endloop
  endfacet
  facet normal -0.0580357 0.910108 -0.410288
    outer loop
      vertex -0.757575 17.8339 0
      vertex -1.11097 18.3172 1.12202
      vertex -0.795773 18.7331 2
    endloop
  endfacet
  facet normal -0.662756 0.588987 -0.462438
    outer loop
      vertex -2.26727 17.7054 2
      vertex -1.11097 18.3172 1.12202
      vertex -0.757575 17.8339 0
    endloop
  endfacet
  facet normal -0.662756 0.588987 -0.462438
    outer loop
      vertex -2.26727 17.7054 2
      vertex -1.38751 18.6954 2
      vertex -1.11097 18.3172 1.12202
    endloop
  endfacet
  facet normal 0.553683 0.692521 0.462438
    outer loop
      vertex -2.33872 18.2634 1.25
      vertex -2.26727 17.7054 2
      vertex -0.757575 17.8339 0
    endloop
  endfacet
  facet normal 0.553683 0.692521 0.462438
    outer loop
      vertex -2.33872 18.2634 1.25
      vertex -0.757575 17.8339 0
      vertex -1.34972 18.0022 0.457002
    endloop
  endfacet
  facet normal 0.553683 0.692521 0.462438
    outer loop
      vertex -2.33872 18.2634 1.25
      vertex -1.34972 18.0022 0.457002
      vertex -1.53673 18.0553 0.601335
    endloop
  endfacet
  facet normal 0.553683 0.692521 0.462438
    outer loop
      vertex -2.33872 18.2634 1.25
      vertex -1.53673 18.0553 0.601335
      vertex -1.95039 18.1626 0.93591
    endloop
  endfacet
  facet normal -0.0580357 0.910108 -0.410288
    outer loop
      vertex -0.757575 17.8339 0
      vertex -1.51379 17.7857 0
      vertex -1.34972 18.0022 0.457002
    endloop
  endfacet
  facet normal -0.0580353 0.910108 -0.410288
    outer loop
      vertex -1.51379 17.7857 0
      vertex -1.53673 18.0553 0.601335
      vertex -1.34972 18.0022 0.457002
    endloop
  endfacet
  facet normal -0.0966083 0.906825 -0.410288
    outer loop
      vertex -2.26727 17.7054 0
      vertex -1.95039 18.1626 0.93591
      vertex -1.51379 17.7857 0
    endloop
  endfacet
  facet normal -0.0966083 0.906825 -0.410288
    outer loop
      vertex -1.51379 17.7857 0
      vertex -1.95039 18.1626 0.93591
      vertex -1.53673 18.0553 0.601335
    endloop
  endfacet
  facet normal -0.096609 0.906825 -0.410288
    outer loop
      vertex -2.26727 17.7054 0
      vertex -2.33872 18.2634 1.25
      vertex -1.95039 18.1626 0.93591
    endloop
  endfacet
  facet normal -0.135009 0.901907 -0.410288
    outer loop
      vertex -3.01666 17.5932 0
      vertex -2.73155 18.0444 0.897886
      vertex -2.26727 17.7054 0
    endloop
  endfacet
  facet normal -0.135009 0.901907 -0.410288
    outer loop
      vertex -2.26727 17.7054 0
      vertex -2.73155 18.0444 0.897886
      vertex -2.33872 18.2634 1.25
    endloop
  endfacet
  facet normal -0.135009 0.901907 -0.410288
    outer loop
      vertex -3.01666 17.5932 0
      vertex -3.0624 17.86 0.601335
      vertex -2.73155 18.0444 0.897886
    endloop
  endfacet
  facet normal -0.173165 0.895365 -0.410288
    outer loop
      vertex -3.01666 17.5932 0
      vertex -3.76062 17.4494 0
      vertex -3.0624 17.86 0.601335
    endloop
  endfacet
  facet normal -0.710318 0.530659 0.462438
    outer loop
      vertex -3.76062 17.4494 0
      vertex -2.26727 17.7054 2
      vertex -3.0624 17.86 0.601335
    endloop
  endfacet
  facet normal -0.710318 0.530659 0.462438
    outer loop
      vertex -3.0624 17.86 0.601335
      vertex -2.26727 17.7054 2
      vertex -2.33872 18.2634 1.25
    endloop
  endfacet
  facet normal -0.710318 0.530659 0.462438
    outer loop
      vertex -3.0624 17.86 0.601335
      vertex -2.33872 18.2634 1.25
      vertex -2.73155 18.0444 0.897886
    endloop
  endfacet
  facet normal 0.492959 0.736982 -0.462438
    outer loop
      vertex -2.26727 17.7054 2
      vertex -3.76062 17.4494 0
      vertex -3.36809 18.4417 2
    endloop
  endfacet
  facet normal -0.173164 0.895365 -0.410288
    outer loop
      vertex -3.76062 17.4494 0
      vertex -3.95024 18.3292 2
      vertex -3.36809 18.4417 2
    endloop
  endfacet
  facet normal -0.211009 0.887209 -0.410288
    outer loop
      vertex -3.76062 17.4494 0
      vertex -4.19061 17.866 1.12202
      vertex -3.95024 18.3292 2
    endloop
  endfacet
  facet normal -0.752762 0.468508 -0.462438
    outer loop
      vertex -5.22689 17.0676 2
      vertex -4.19061 17.866 1.12202
      vertex -3.76062 17.4494 0
    endloop
  endfacet
  facet normal -0.752762 0.468508 -0.462438
    outer loop
      vertex -5.22689 17.0676 2
      vertex -4.52708 18.192 2
      vertex -4.19061 17.866 1.12202
    endloop
  endfacet
  facet normal 0.428682 0.776133 0.462438
    outer loop
      vertex -5.3916 17.6054 1.25
      vertex -5.22689 17.0676 2
      vertex -3.76062 17.4494 0
    endloop
  endfacet
  facet normal 0.428682 0.776133 0.462438
    outer loop
      vertex -5.3916 17.6054 1.25
      vertex -3.76062 17.4494 0
      vertex -4.37269 17.5151 0.457001
    endloop
  endfacet
  facet normal 0.428682 0.776133 0.462438
    outer loop
      vertex -5.3916 17.6054 1.25
      vertex -4.37269 17.5151 0.457001
      vertex -4.56599 17.5359 0.601334
    endloop
  endfacet
  facet normal 0.428682 0.776133 0.462438
    outer loop
      vertex -5.3916 17.6054 1.25
      vertex -4.56599 17.5359 0.601334
      vertex -4.99183 17.5718 0.93591
    endloop
  endfacet
  facet normal -0.211009 0.887209 -0.410288
    outer loop
      vertex -3.76062 17.4494 0
      vertex -4.49781 17.274 0
      vertex -4.37269 17.5151 0.457001
    endloop
  endfacet
  facet normal -0.211009 0.887209 -0.410288
    outer loop
      vertex -4.49781 17.274 0
      vertex -4.56599 17.5359 0.601334
      vertex -4.37269 17.5151 0.457001
    endloop
  endfacet
  facet normal -0.248473 0.877454 -0.410288
    outer loop
      vertex -5.22689 17.0676 0
      vertex -4.99183 17.5718 0.93591
      vertex -4.49781 17.274 0
    endloop
  endfacet
  facet normal -0.248473 0.877454 -0.410288
    outer loop
      vertex -4.49781 17.274 0
      vertex -4.99183 17.5718 0.93591
      vertex -4.56599 17.5359 0.601334
    endloop
  endfacet
  facet normal -0.248474 0.877454 -0.410288
    outer loop
      vertex -5.22689 17.0676 0
      vertex -5.3916 17.6054 1.25
      vertex -4.99183 17.5718 0.93591
    endloop
  endfacet
  facet normal -0.28549 0.866118 -0.410288
    outer loop
      vertex -5.94654 16.8304 0
      vertex -5.74177 17.3232 0.897887
      vertex -5.22689 17.0676 0
    endloop
  endfacet
  facet normal -0.28549 0.866118 -0.410288
    outer loop
      vertex -5.22689 17.0676 0
      vertex -5.74177 17.3232 0.897887
      vertex -5.3916 17.6054 1.25
    endloop
  endfacet
  facet normal -0.285489 0.866118 -0.410288
    outer loop
      vertex -5.94654 16.8304 0
      vertex -6.03669 17.0855 0.601335
      vertex -5.74177 17.3232 0.897887
    endloop
  endfacet
  facet normal -0.321991 0.853221 -0.410288
    outer loop
      vertex -5.94654 16.8304 0
      vertex -6.65549 16.5628 0
      vertex -6.03669 17.0855 0.601335
    endloop
  endfacet
  facet normal -0.789782 0.402982 0.462438
    outer loop
      vertex -6.65549 16.5628 0
      vertex -5.22689 17.0676 2
      vertex -6.03669 17.0855 0.601335
    endloop
  endfacet
  facet normal -0.789782 0.402982 0.462438
    outer loop
      vertex -5.74177 17.3232 0.897887
      vertex -5.22689 17.0676 2
      vertex -5.3916 17.6054 1.25
    endloop
  endfacet
  facet normal -0.789782 0.402982 0.462438
    outer loop
      vertex -6.03669 17.0855 0.601335
      vertex -5.22689 17.0676 2
      vertex -5.74177 17.3232 0.897887
    endloop
  endfacet
  facet normal 0.361318 0.809692 -0.462438
    outer loop
      vertex -5.22689 17.0676 2
      vertex -6.65549 16.5628 0
      vertex -6.43631 17.6073 2
    endloop
  endfacet
  facet normal -0.321991 0.853221 -0.410288
    outer loop
      vertex -6.65549 16.5628 0
      vertex -6.99106 17.3979 2
      vertex -6.43631 17.6073 2
    endloop
  endfacet
  facet normal -0.357912 0.838786 -0.410288
    outer loop
      vertex -6.65549 16.5628 0
      vertex -7.1497 16.9008 1.12202
      vertex -6.99106 17.3979 2
    endloop
  endfacet
  facet normal -0.821112 0.334552 -0.462438
    outer loop
      vertex -8.03614 15.9387 2
      vertex -7.53642 17.1652 2
      vertex -6.65549 16.5628 0
    endloop
  endfacet
  facet normal -0.821112 0.334552 -0.462438
    outer loop
      vertex -6.65549 16.5628 0
      vertex -7.53642 17.1652 2
      vertex -7.1497 16.9008 1.12202
    endloop
  endfacet
  facet normal 0.291349 0.837417 0.462438
    outer loop
      vertex -8.28938 16.441 1.25
      vertex -8.03614 15.9387 2
      vertex -6.65549 16.5628 0
    endloop
  endfacet
  facet normal 0.291349 0.837417 0.462438
    outer loop
      vertex -8.28938 16.441 1.25
      vertex -6.65549 16.5628 0
      vertex -7.26986 16.5242 0.457001
    endloop
  endfacet
  facet normal 0.291349 0.837417 0.462438
    outer loop
      vertex -7.88967 16.4754 0.93591
      vertex -7.26986 16.5242 0.457001
      vertex -7.4639 16.512 0.601334
    endloop
  endfacet
  facet normal 0.291349 0.837417 0.462438
    outer loop
      vertex -8.28938 16.441 1.25
      vertex -7.26986 16.5242 0.457001
      vertex -7.88967 16.4754 0.93591
    endloop
  endfacet
  facet normal -0.357912 0.838786 -0.410288
    outer loop
      vertex -6.65549 16.5628 0
      vertex -7.35244 16.2654 0
      vertex -7.26986 16.5242 0.457001
    endloop
  endfacet
  facet normal -0.357913 0.838786 -0.410288
    outer loop
      vertex -7.35244 16.2654 0
      vertex -7.4639 16.512 0.601334
      vertex -7.26986 16.5242 0.457001
    endloop
  endfacet
  facet normal -0.393189 0.82284 -0.410288
    outer loop
      vertex -8.03614 15.9387 0
      vertex -7.88967 16.4754 0.93591
      vertex -7.35244 16.2654 0
    endloop
  endfacet
  facet normal -0.393189 0.82284 -0.410288
    outer loop
      vertex -7.35244 16.2654 0
      vertex -7.88967 16.4754 0.93591
      vertex -7.4639 16.512 0.601334
    endloop
  endfacet
  facet normal -0.393189 0.82284 -0.410288
    outer loop
      vertex -8.03614 15.9387 0
      vertex -8.28938 16.441 1.25
      vertex -7.88967 16.4754 0.93591
    endloop
  endfacet
  facet normal -0.427758 0.805411 -0.410288
    outer loop
      vertex -8.70535 15.5833 0
      vertex -8.58682 16.1037 0.897886
      vertex -8.03614 15.9387 0
    endloop
  endfacet
  facet normal -0.427758 0.805411 -0.410288
    outer loop
      vertex -8.03614 15.9387 0
      vertex -8.58682 16.1037 0.897886
      vertex -8.28938 16.441 1.25
    endloop
  endfacet
  facet normal -0.427757 0.805411 -0.410288
    outer loop
      vertex -8.70535 15.5833 0
      vertex -8.83733 15.8195 0.601334
      vertex -8.58682 16.1037 0.897886
    endloop
  endfacet
  facet normal -0.461555 0.786531 -0.410288
    outer loop
      vertex -8.70535 15.5833 0
      vertex -9.35888 15.1998 0
      vertex -8.83733 15.8195 0.601334
    endloop
  endfacet
  facet normal -0.846526 0.263712 0.462438
    outer loop
      vertex -9.35888 15.1998 0
      vertex -8.03614 15.9387 2
      vertex -8.83733 15.8195 0.601334
    endloop
  endfacet
  facet normal -0.846526 0.263712 0.462438
    outer loop
      vertex -8.58682 16.1037 0.897886
      vertex -8.03614 15.9387 2
      vertex -8.28938 16.441 1.25
    endloop
  endfacet
  facet normal -0.846526 0.263712 0.462438
    outer loop
      vertex -8.83733 15.8195 0.601334
      vertex -8.03614 15.9387 2
      vertex -8.58682 16.1037 0.897886
    endloop
  endfacet
  facet normal 0.219282 0.859108 -0.462438
    outer loop
      vertex -8.03614 15.9387 2
      vertex -9.35888 15.1998 0
      vertex -9.31937 16.2663 2
    endloop
  endfacet
  facet normal -0.461555 0.786531 -0.410288
    outer loop
      vertex -9.35888 15.1998 0
      vertex -9.83076 15.9662 2
      vertex -9.31937 16.2663 2
    endloop
  endfacet
  facet normal -0.49452 0.766233 -0.410288
    outer loop
      vertex -9.35888 15.1998 0
      vertex -9.9031 15.4494 1.12202
      vertex -9.83076 15.9662 2
    endloop
  endfacet
  facet normal -0.865841 0.190971 -0.462438
    outer loop
      vertex -10.6142 14.3513 2
      vertex -9.9031 15.4494 1.12202
      vertex -9.35888 15.1998 0
    endloop
  endfacet
  facet normal -0.865841 0.190971 -0.462438
    outer loop
      vertex -10.6142 14.3513 2
      vertex -10.329 15.6446 2
      vertex -9.9031 15.4494 1.12202
    endloop
  endfacet
  facet normal 0.145634 0.874609 0.462438
    outer loop
      vertex -10.9487 14.8036 1.25
      vertex -10.6142 14.3513 2
      vertex -10.5605 14.905 0.93591
    endloop
  endfacet
  facet normal 0.145634 0.874609 0.462438
    outer loop
      vertex -10.5605 14.905 0.93591
      vertex -10.6142 14.3513 2
      vertex -9.35888 15.1998 0
    endloop
  endfacet
  facet normal 0.145634 0.874609 0.462438
    outer loop
      vertex -10.5605 14.905 0.93591
      vertex -9.35888 15.1998 0
      vertex -9.9579 15.0579 0.457001
    endloop
  endfacet
  facet normal 0.145634 0.874609 0.462438
    outer loop
      vertex -10.5605 14.905 0.93591
      vertex -9.9579 15.0579 0.457001
      vertex -10.1471 15.0131 0.601335
    endloop
  endfacet
  facet normal -0.49452 0.766233 -0.410288
    outer loop
      vertex -9.35888 15.1998 0
      vertex -9.99555 14.7889 0
      vertex -9.9579 15.0579 0.457001
    endloop
  endfacet
  facet normal -0.49452 0.766233 -0.410288
    outer loop
      vertex -9.99555 14.7889 0
      vertex -10.1471 15.0131 0.601335
      vertex -9.9579 15.0579 0.457001
    endloop
  endfacet
  facet normal -0.526594 0.744555 -0.410288
    outer loop
      vertex -10.6142 14.3513 0
      vertex -10.5605 14.905 0.93591
      vertex -9.99555 14.7889 0
    endloop
  endfacet
  facet normal -0.526594 0.744555 -0.410288
    outer loop
      vertex -9.99555 14.7889 0
      vertex -10.5605 14.905 0.93591
      vertex -10.1471 15.0131 0.601335
    endloop
  endfacet
  facet normal -0.526595 0.744555 -0.410288
    outer loop
      vertex -10.6142 14.3513 0
      vertex -10.9487 14.8036 1.25
      vertex -10.5605 14.905 0.93591
    endloop
  endfacet
  facet normal -0.55772 0.721535 -0.410288
    outer loop
      vertex -11.2137 13.8879 0
      vertex -11.1848 14.4208 0.897887
      vertex -10.6142 14.3513 0
    endloop
  endfacet
  facet normal -0.55772 0.721535 -0.410288
    outer loop
      vertex -10.6142 14.3513 0
      vertex -11.1848 14.4208 0.897887
      vertex -10.9487 14.8036 1.25
    endloop
  endfacet
  facet normal -0.55772 0.721535 -0.410288
    outer loop
      vertex -11.2137 13.8879 0
      vertex -11.3837 14.0985 0.601335
      vertex -11.1848 14.4208 0.897887
    endloop
  endfacet
  facet normal -0.58784 0.697215 -0.410288
    outer loop
      vertex -11.2137 13.8879 0
      vertex -11.793 13.3995 0
      vertex -11.3837 14.0985 0.601335
    endloop
  endfacet
  facet normal -0.878917 0.116855 0.462438
    outer loop
      vertex -11.793 13.3995 0
      vertex -10.6142 14.3513 2
      vertex -11.3837 14.0985 0.601335
    endloop
  endfacet
  facet normal -0.878917 0.116855 0.462438
    outer loop
      vertex -11.1848 14.4208 0.897887
      vertex -10.6142 14.3513 2
      vertex -10.9487 14.8036 1.25
    endloop
  endfacet
  facet normal -0.878917 0.116855 0.462438
    outer loop
      vertex -11.3837 14.0985 0.601335
      vertex -10.6142 14.3513 2
      vertex -11.1848 14.4208 0.897887
    endloop
  endfacet
  facet normal 0.0709376 0.883809 -0.462438
    outer loop
      vertex -11.793 13.3995 0
      vertex -11.9343 14.4573 2
      vertex -10.6142 14.3513 2
    endloop
  endfacet
  facet normal -0.58784 0.697215 -0.410288
    outer loop
      vertex -11.793 13.3995 0
      vertex -12.3877 14.0751 2
      vertex -11.9343 14.4573 2
    endloop
  endfacet
  facet normal -0.616902 0.671637 -0.410288
    outer loop
      vertex -12.3716 13.5535 1.12202
      vertex -12.3877 14.0751 2
      vertex -11.793 13.3995 0
    endloop
  endfacet
  facet normal -0.885661 0.0418962 -0.462438
    outer loop
      vertex -12.8869 12.3511 2
      vertex -12.3716 13.5535 1.12202
      vertex -11.793 13.3995 0
    endloop
  endfacet
  facet normal -0.885661 0.0418962 -0.462438
    outer loop
      vertex -12.8869 12.3511 2
      vertex -12.8243 13.674 2
      vertex -12.3716 13.5535 1.12202
    endloop
  endfacet
  facet normal -0.00427027 0.886641 0.462438
    outer loop
      vertex -13.293 12.7403 1.25
      vertex -12.8869 12.3511 2
      vertex -12.5383 13.0823 0.601335
    endloop
  endfacet
  facet normal -0.00427027 0.886641 0.462438
    outer loop
      vertex -12.3595 13.1584 0.457002
      vertex -12.8869 12.3511 2
      vertex -11.793 13.3995 0
    endloop
  endfacet
  facet normal -0.00427027 0.886641 0.462438
    outer loop
      vertex -12.5383 13.0823 0.601335
      vertex -12.8869 12.3511 2
      vertex -12.3595 13.1584 0.457002
    endloop
  endfacet
  facet normal -0.616902 0.671637 -0.410288
    outer loop
      vertex -12.3511 12.8869 0
      vertex -12.3595 13.1584 0.457002
      vertex -11.793 13.3995 0
    endloop
  endfacet
  facet normal -0.616901 0.671638 -0.410288
    outer loop
      vertex -12.3511 12.8869 0
      vertex -12.5383 13.0823 0.601335
      vertex -12.3595 13.1584 0.457002
    endloop
  endfacet
  facet normal -0.64485 0.64485 -0.410288
    outer loop
      vertex -12.8869 12.3511 0
      vertex -13.293 12.7403 1.25
      vertex -12.5383 13.0823 0.601335
    endloop
  endfacet
  facet normal -0.64485 0.64485 -0.410288
    outer loop
      vertex -12.8869 12.3511 0
      vertex -12.5383 13.0823 0.601335
      vertex -12.3511 12.8869 0
    endloop
  endfacet
  facet normal -0.671637 0.616901 -0.410288
    outer loop
      vertex -13.4611 12.3232 0.897885
      vertex -13.293 12.7403 1.25
      vertex -13.3995 11.793 0
    endloop
  endfacet
  facet normal -0.671637 0.616901 -0.410288
    outer loop
      vertex -13.3995 11.793 0
      vertex -13.293 12.7403 1.25
      vertex -12.8869 12.3511 0
    endloop
  endfacet
  facet normal -0.671638 0.616901 -0.410288
    outer loop
      vertex -13.3995 11.793 0
      vertex -13.6026 11.9718 0.601334
      vertex -13.4611 12.3232 0.897885
    endloop
  endfacet
  facet normal -0.697215 0.58784 -0.410288
    outer loop
      vertex -13.3995 11.793 0
      vertex -13.8879 11.2137 0
      vertex -13.6026 11.9718 0.601334
    endloop
  endfacet
  facet normal -0.886024 -0.0333638 0.462438
    outer loop
      vertex -13.8879 11.2137 0
      vertex -12.8869 12.3511 2
      vertex -13.6026 11.9718 0.601334
    endloop
  endfacet
  facet normal -0.886024 -0.0333638 0.462438
    outer loop
      vertex -13.6026 11.9718 0.601334
      vertex -12.8869 12.3511 2
      vertex -13.293 12.7403 1.25
    endloop
  endfacet
  facet normal -0.886024 -0.0333638 0.462438
    outer loop
      vertex -13.6026 11.9718 0.601334
      vertex -13.293 12.7403 1.25
      vertex -13.4611 12.3232 0.897885
    endloop
  endfacet
  facet normal -0.0794472 0.883085 -0.462438
    outer loop
      vertex -13.8879 11.2137 0
      vertex -14.206 12.2324 2
      vertex -12.8869 12.3511 2
    endloop
  endfacet
  facet normal -0.697215 0.58784 -0.410288
    outer loop
      vertex -13.8879 11.2137 0
      vertex -14.5882 11.7791 2
      vertex -14.206 12.2324 2
    endloop
  endfacet
  facet normal -0.721535 0.55772 -0.410288
    outer loop
      vertex -14.4842 11.2677 1.12202
      vertex -14.5882 11.7791 2
      vertex -13.8879 11.2137 0
    endloop
  endfacet
  facet normal -0.880002 -0.108384 -0.462438
    outer loop
      vertex -14.9508 11.31 2
      vertex -14.4842 11.2677 1.12202
      vertex -14.7889 9.99555 2
    endloop
  endfacet
  facet normal -0.880002 -0.108384 -0.462438
    outer loop
      vertex -14.7889 9.99555 2
      vertex -14.4842 11.2677 1.12202
      vertex -13.8879 11.2137 0
    endloop
  endfacet
  facet normal -0.154052 0.873166 0.462438
    outer loop
      vertex -15.2549 10.3105 1.25
      vertex -14.7889 9.99555 2
      vertex -14.9228 10.5355 0.93591
    endloop
  endfacet
  facet normal -0.154052 0.873166 0.462438
    outer loop
      vertex -14.9228 10.5355 0.93591
      vertex -14.7889 9.99555 2
      vertex -13.8879 11.2137 0
    endloop
  endfacet
  facet normal -0.154052 0.873166 0.462438
    outer loop
      vertex -14.9228 10.5355 0.93591
      vertex -13.8879 11.2137 0
      vertex -14.4055 10.8804 0.457001
    endloop
  endfacet
  facet normal -0.154052 0.873166 0.462438
    outer loop
      vertex -14.9228 10.5355 0.93591
      vertex -14.4055 10.8804 0.457001
      vertex -14.5689 10.7751 0.601335
    endloop
  endfacet
  facet normal -0.721535 0.55772 -0.410288
    outer loop
      vertex -14.3513 10.6142 0
      vertex -14.4055 10.8804 0.457001
      vertex -13.8879 11.2137 0
    endloop
  endfacet
  facet normal -0.721535 0.55772 -0.410288
    outer loop
      vertex -14.3513 10.6142 0
      vertex -14.5689 10.7751 0.601335
      vertex -14.4055 10.8804 0.457001
    endloop
  endfacet
  facet normal -0.744555 0.526594 -0.410288
    outer loop
      vertex -14.9228 10.5355 0.93591
      vertex -14.5689 10.7751 0.601335
      vertex -14.7889 9.99555 0
    endloop
  endfacet
  facet normal -0.744555 0.526594 -0.410288
    outer loop
      vertex -14.7889 9.99555 0
      vertex -14.5689 10.7751 0.601335
      vertex -14.3513 10.6142 0
    endloop
  endfacet
  facet normal -0.744555 0.526595 -0.410288
    outer loop
      vertex -14.7889 9.99555 0
      vertex -15.2549 10.3105 1.25
      vertex -14.9228 10.5355 0.93591
    endloop
  endfacet
  facet normal -0.766233 0.49452 -0.410288
    outer loop
      vertex -15.3501 9.87097 0.897886
      vertex -15.2549 10.3105 1.25
      vertex -15.1998 9.35888 0
    endloop
  endfacet
  facet normal -0.766233 0.49452 -0.410288
    outer loop
      vertex -15.1998 9.35888 0
      vertex -15.2549 10.3105 1.25
      vertex -14.7889 9.99555 0
    endloop
  endfacet
  facet normal -0.766233 0.49452 -0.410288
    outer loop
      vertex -15.1998 9.35888 0
      vertex -15.4302 9.50076 0.601335
      vertex -15.3501 9.87097 0.897886
    endloop
  endfacet
  facet normal -0.786531 0.461555 -0.410288
    outer loop
      vertex -15.1998 9.35888 0
      vertex -15.5833 8.70535 0
      vertex -15.4302 9.50076 0.601335
    endloop
  endfacet
  facet normal -0.86764 -0.182623 0.462438
    outer loop
      vertex -15.5833 8.70535 0
      vertex -14.7889 9.99555 2
      vertex -15.4302 9.50076 0.601335
    endloop
  endfacet
  facet normal -0.86764 -0.182623 0.462438
    outer loop
      vertex -15.4302 9.50076 0.601335
      vertex -14.7889 9.99555 2
      vertex -15.2549 10.3105 1.25
    endloop
  endfacet
  facet normal -0.86764 -0.182623 0.462438
    outer loop
      vertex -15.4302 9.50076 0.601335
      vertex -15.2549 10.3105 1.25
      vertex -15.3501 9.87097 0.897886
    endloop
  endfacet
  facet normal -0.227547 0.856956 -0.462438
    outer loop
      vertex -15.5833 8.70535 0
      vertex -16.0689 9.65567 2
      vertex -14.7889 9.99555 2
    endloop
  endfacet
  facet normal -0.786531 0.461555 -0.410288
    outer loop
      vertex -15.5833 8.70535 0
      vertex -16.369 9.14428 2
      vertex -16.0689 9.65567 2
    endloop
  endfacet
  facet normal -0.805411 0.427758 -0.410288
    outer loop
      vertex -16.1801 8.65782 1.12202
      vertex -16.369 9.14428 2
      vertex -15.5833 8.70535 0
    endloop
  endfacet
  facet normal -0.849027 -0.255546 -0.462438
    outer loop
      vertex -16.6471 8.62062 2
      vertex -16.1801 8.65782 1.12202
      vertex -16.2654 7.35244 2
    endloop
  endfacet
  facet normal -0.849027 -0.255546 -0.462438
    outer loop
      vertex -16.2654 7.35244 2
      vertex -16.1801 8.65782 1.12202
      vertex -15.5833 8.70535 0
    endloop
  endfacet
  facet normal -0.299402 0.834571 0.462438
    outer loop
      vertex -16.778 7.58413 1.25
      vertex -16.2654 7.35244 2
      vertex -16.4886 7.86199 0.93591
    endloop
  endfacet
  facet normal -0.299402 0.834571 0.462438
    outer loop
      vertex -16.4886 7.86199 0.93591
      vertex -16.2654 7.35244 2
      vertex -15.5833 8.70535 0
    endloop
  endfacet
  facet normal -0.299402 0.834571 0.462438
    outer loop
      vertex -16.4886 7.86199 0.93591
      vertex -15.5833 8.70535 0
      vertex -16.037 8.28935 0.457001
    endloop
  endfacet
  facet normal -0.299402 0.834571 0.462438
    outer loop
      vertex -16.4886 7.86199 0.93591
      vertex -16.037 8.28935 0.457001
      vertex -16.1804 8.15796 0.601335
    endloop
  endfacet
  facet normal -0.805411 0.427758 -0.410288
    outer loop
      vertex -15.9387 8.03614 0
      vertex -16.037 8.28935 0.457001
      vertex -15.5833 8.70535 0
    endloop
  endfacet
  facet normal -0.805411 0.427757 -0.410288
    outer loop
      vertex -15.9387 8.03614 0
      vertex -16.1804 8.15796 0.601335
      vertex -16.037 8.28935 0.457001
    endloop
  endfacet
  facet normal -0.82284 0.393189 -0.410288
    outer loop
      vertex -16.4886 7.86199 0.93591
      vertex -16.1804 8.15796 0.601335
      vertex -16.2654 7.35244 0
    endloop
  endfacet
  facet normal -0.82284 0.393189 -0.410288
    outer loop
      vertex -16.2654 7.35244 0
      vertex -16.1804 8.15796 0.601335
      vertex -15.9387 8.03614 0
    endloop
  endfacet
  facet normal -0.82284 0.393189 -0.410288
    outer loop
      vertex -16.2654 7.35244 0
      vertex -16.778 7.58413 1.25
      vertex -16.4886 7.86199 0.93591
    endloop
  endfacet
  facet normal -0.838787 0.357912 -0.410288
    outer loop
      vertex -16.7975 7.13481 0.897887
      vertex -16.778 7.58413 1.25
      vertex -16.5628 6.65549 0
    endloop
  endfacet
  facet normal -0.838787 0.357912 -0.410288
    outer loop
      vertex -16.5628 6.65549 0
      vertex -16.778 7.58413 1.25
      vertex -16.2654 7.35244 0
    endloop
  endfacet
  facet normal -0.838786 0.357913 -0.410288
    outer loop
      vertex -16.5628 6.65549 0
      vertex -16.8139 6.75638 0.601335
      vertex -16.7975 7.13481 0.897887
    endloop
  endfacet
  facet normal -0.853221 0.321991 -0.410288
    outer loop
      vertex -16.5628 6.65549 0
      vertex -16.8304 5.94654 0
      vertex -16.8139 6.75638 0.601335
    endloop
  endfacet
  facet normal -0.824297 -0.326628 0.462438
    outer loop
      vertex -16.8304 5.94654 0
      vertex -16.2654 7.35244 2
      vertex -16.8139 6.75638 0.601335
    endloop
  endfacet
  facet normal -0.824297 -0.326628 0.462438
    outer loop
      vertex -16.7975 7.13481 0.897887
      vertex -16.2654 7.35244 2
      vertex -16.778 7.58413 1.25
    endloop
  endfacet
  facet normal -0.824297 -0.326628 0.462438
    outer loop
      vertex -16.8139 6.75638 0.601335
      vertex -16.2654 7.35244 2
      vertex -16.7975 7.13481 0.897887
    endloop
  endfacet
  facet normal -0.3691 0.806174 -0.462438
    outer loop
      vertex -16.8304 5.94654 0
      vertex -17.4696 6.80112 2
      vertex -16.2654 7.35244 2
    endloop
  endfacet
  facet normal -0.853221 0.321991 -0.410288
    outer loop
      vertex -16.8304 5.94654 0
      vertex -17.679 6.24637 2
      vertex -17.4696 6.80112 2
    endloop
  endfacet
  facet normal -0.866117 0.28549 -0.410288
    outer loop
      vertex -17.4106 5.79883 1.12202
      vertex -17.679 6.24637 2
      vertex -16.8304 5.94654 0
    endloop
  endfacet
  facet normal -0.793627 -0.395356 -0.462438
    outer loop
      vertex -17.8646 5.68324 2
      vertex -17.4106 5.79883 1.12202
      vertex -17.274 4.49781 2
    endloop
  endfacet
  facet normal -0.793627 -0.395356 -0.462438
    outer loop
      vertex -17.274 4.49781 2
      vertex -17.4106 5.79883 1.12202
      vertex -16.8304 5.94654 0
    endloop
  endfacet
  facet normal -0.436138 0.771968 0.462438
    outer loop
      vertex -17.8184 4.63955 1.25
      vertex -17.274 4.49781 2
      vertex -16.8304 5.94654 0
    endloop
  endfacet
  facet normal -0.436138 0.771968 0.462438
    outer loop
      vertex -17.8184 4.63955 1.25
      vertex -16.8304 5.94654 0
      vertex -17.2073 5.45984 0.457001
    endloop
  endfacet
  facet normal -0.436138 0.771968 0.462438
    outer loop
      vertex -17.5801 4.96231 0.93591
      vertex -17.2073 5.45984 0.457001
      vertex -17.3263 5.30612 0.601335
    endloop
  endfacet
  facet normal -0.436138 0.771968 0.462438
    outer loop
      vertex -17.8184 4.63955 1.25
      vertex -17.2073 5.45984 0.457001
      vertex -17.5801 4.96231 0.93591
    endloop
  endfacet
  facet normal -0.866117 0.28549 -0.410288
    outer loop
      vertex -17.0676 5.22689 0
      vertex -17.2073 5.45984 0.457001
      vertex -16.8304 5.94654 0
    endloop
  endfacet
  facet normal -0.866118 0.285489 -0.410288
    outer loop
      vertex -17.0676 5.22689 0
      vertex -17.3263 5.30612 0.601335
      vertex -17.2073 5.45984 0.457001
    endloop
  endfacet
  facet normal -0.877454 0.248473 -0.410288
    outer loop
      vertex -17.5801 4.96231 0.93591
      vertex -17.3263 5.30612 0.601335
      vertex -17.274 4.49781 0
    endloop
  endfacet
  facet normal -0.877454 0.248473 -0.410288
    outer loop
      vertex -17.274 4.49781 0
      vertex -17.3263 5.30612 0.601335
      vertex -17.0676 5.22689 0
    endloop
  endfacet
  facet normal -0.877453 0.248474 -0.410288
    outer loop
      vertex -17.274 4.49781 0
      vertex -17.8184 4.63955 1.25
      vertex -17.5801 4.96231 0.93591
    endloop
  endfacet
  facet normal -0.887208 0.211009 -0.410288
    outer loop
      vertex -17.7617 4.19339 0.897887
      vertex -17.8184 4.63955 1.25
      vertex -17.274 4.49781 0
    endloop
  endfacet
  facet normal -0.887208 0.211009 -0.410288
    outer loop
      vertex -17.7617 4.19339 0.897887
      vertex -17.274 4.49781 0
      vertex -17.4494 3.76062 0
    endloop
  endfacet
  facet normal -0.887209 0.211009 -0.410288
    outer loop
      vertex -17.7139 3.81763 0.601335
      vertex -17.7617 4.19339 0.897887
      vertex -17.4494 3.76062 0
    endloop
  endfacet
  facet normal -0.895365 0.173165 -0.410288
    outer loop
      vertex -17.5932 3.01666 0
      vertex -17.7139 3.81763 0.601335
      vertex -17.4494 3.76062 0
    endloop
  endfacet
  facet normal -0.757239 -0.461237 0.462438
    outer loop
      vertex -17.8184 4.63955 1.25
      vertex -17.7617 4.19339 0.897887
      vertex -17.274 4.49781 2
    endloop
  endfacet
  facet normal -0.757239 -0.461237 0.462438
    outer loop
      vertex -17.274 4.49781 2
      vertex -17.7617 4.19339 0.897887
      vertex -17.7139 3.81763 0.601335
    endloop
  endfacet
  facet normal -0.757239 -0.461237 0.462438
    outer loop
      vertex -17.274 4.49781 2
      vertex -17.7139 3.81763 0.601335
      vertex -17.5932 3.01666 0
    endloop
  endfacet
  facet normal -0.500034 0.7322 -0.462438
    outer loop
      vertex -17.5932 3.01666 0
      vertex -18.3677 3.75091 2
      vertex -17.274 4.49781 2
    endloop
  endfacet
  facet normal -0.895365 0.173164 -0.410288
    outer loop
      vertex -17.5932 3.01666 0
      vertex -18.4803 3.16877 2
      vertex -18.3677 3.75091 2
    endloop
  endfacet
  facet normal -0.901907 0.135009 -0.410288
    outer loop
      vertex -18.1401 2.77302 1.12202
      vertex -18.4803 3.16877 2
      vertex -17.5932 3.01666 0
    endloop
  endfacet
  facet normal -0.715396 -0.523793 -0.462438
    outer loop
      vertex -18.5681 2.58236 2
      vertex -18.1401 2.77302 1.12202
      vertex -17.7857 1.51379 2
    endloop
  endfacet
  facet normal -0.715396 -0.523793 -0.462438
    outer loop
      vertex -17.7857 1.51379 2
      vertex -18.1401 2.77302 1.12202
      vertex -17.5932 3.01666 0
    endloop
  endfacet
  facet normal -0.560328 0.687156 0.462438
    outer loop
      vertex -18.3462 1.56149 1.25
      vertex -17.7857 1.51379 2
      vertex -18.1659 1.91988 0.93591
    endloop
  endfacet
  facet normal -0.560328 0.687156 0.462438
    outer loop
      vertex -18.1659 1.91988 0.93591
      vertex -17.7857 1.51379 2
      vertex -17.5932 3.01666 0
    endloop
  endfacet
  facet normal -0.560328 0.687156 0.462438
    outer loop
      vertex -18.1659 1.91988 0.93591
      vertex -17.5932 3.01666 0
      vertex -17.8825 2.47326 0.457002
    endloop
  endfacet
  facet normal -0.560328 0.687156 0.462438
    outer loop
      vertex -18.1659 1.91988 0.93591
      vertex -17.8825 2.47326 0.457002
      vertex -17.9738 2.30164 0.601335
    endloop
  endfacet
  facet normal -0.901907 0.135009 -0.410288
    outer loop
      vertex -17.7054 2.26727 0
      vertex -17.8825 2.47326 0.457002
      vertex -17.5932 3.01666 0
    endloop
  endfacet
  facet normal -0.901907 0.135009 -0.410288
    outer loop
      vertex -17.7054 2.26727 0
      vertex -17.9738 2.30164 0.601335
      vertex -17.8825 2.47326 0.457002
    endloop
  endfacet
  facet normal -0.906825 0.0966083 -0.410288
    outer loop
      vertex -18.1659 1.91988 0.93591
      vertex -17.9738 2.30164 0.601335
      vertex -17.7857 1.51379 0
    endloop
  endfacet
  facet normal -0.906825 0.0966083 -0.410288
    outer loop
      vertex -17.7857 1.51379 0
      vertex -17.9738 2.30164 0.601335
      vertex -17.7054 2.26727 0
    endloop
  endfacet
  facet normal -0.906824 0.096609 -0.410288
    outer loop
      vertex -18.3462 1.56149 1.25
      vertex -18.1659 1.91988 0.93591
      vertex -17.7857 1.51379 0
    endloop
  endfacet
  facet normal -0.910108 0.0580357 -0.410288
    outer loop
      vertex -18.3462 1.56149 1.25
      vertex -17.7857 1.51379 0
      vertex -18.2149 1.13134 0.897885
    endloop
  endfacet
  facet normal -0.910108 0.0580357 -0.410288
    outer loop
      vertex -18.2149 1.13134 0.897885
      vertex -17.7857 1.51379 0
      vertex -17.8339 0.757575 0
    endloop
  endfacet
  facet normal -0.910108 0.0580353 -0.410288
    outer loop
      vertex -18.1043 0.76906 0.601334
      vertex -18.2149 1.13134 0.897885
      vertex -17.8339 0.757575 0
    endloop
  endfacet
  facet normal 1 0 0
    outer loop
      vertex -1.5 -2.8158 6
      vertex -1.5 -2.8158 0
      vertex -1.5 2.8158 0
    endloop
  endfacet
  facet normal 1 0 0
    outer loop
      vertex -1.5 2.8158 6
      vertex -1.5 -2.8158 6
      vertex -1.5 2.8158 0
    endloop
  endfacet
  facet normal 0.406737 -0.913545 0
    outer loop
      vertex -0.988854 3.04338 0
      vertex -0.988854 3.04338 6
      vertex -1.5 2.8158 6
    endloop
  endfacet
  facet normal 0.406737 -0.913545 0
    outer loop
      vertex -1.5 2.8158 0
      vertex -0.988854 3.04338 0
      vertex -1.5 2.8158 6
    endloop
  endfacet
  facet normal 0.207911 -0.978148 0
    outer loop
      vertex -0.334491 3.18247 0
      vertex -0.334491 3.18247 6
      vertex -0.988854 3.04338 6
    endloop
  endfacet
  facet normal 0.207911 -0.978148 0
    outer loop
      vertex -0.988854 3.04338 0
      vertex -0.334491 3.18247 0
      vertex -0.988854 3.04338 6
    endloop
  endfacet
  facet normal 0 -1 0
    outer loop
      vertex 0.334491 3.18247 0
      vertex 0.334491 3.18247 6
      vertex -0.334491 3.18247 6
    endloop
  endfacet
  facet normal 0 -1 0
    outer loop
      vertex -0.334491 3.18247 0
      vertex 0.334491 3.18247 0
      vertex -0.334491 3.18247 6
    endloop
  endfacet
  facet normal -0.207911 -0.978148 0
    outer loop
      vertex 0.988854 3.04338 0
      vertex 0.988854 3.04338 6
      vertex 0.334491 3.18247 6
    endloop
  endfacet
  facet normal -0.207911 -0.978148 0
    outer loop
      vertex 0.334491 3.18247 0
      vertex 0.988854 3.04338 0
      vertex 0.334491 3.18247 6
    endloop
  endfacet
  facet normal -0.406737 -0.913545 0
    outer loop
      vertex 1.6 2.77128 0
      vertex 1.6 2.77128 6
      vertex 0.988854 3.04338 6
    endloop
  endfacet
  facet normal -0.406737 -0.913545 0
    outer loop
      vertex 0.988854 3.04338 0
      vertex 1.6 2.77128 0
      vertex 0.988854 3.04338 6
    endloop
  endfacet
  facet normal -0.587785 -0.809017 0
    outer loop
      vertex 2.14122 2.37806 0
      vertex 2.14122 2.37806 6
      vertex 1.6 2.77128 6
    endloop
  endfacet
  facet normal -0.587785 -0.809017 0
    outer loop
      vertex 1.6 2.77128 0
      vertex 2.14122 2.37806 0
      vertex 1.6 2.77128 6
    endloop
  endfacet
  facet normal -0.743145 -0.669131 0
    outer loop
      vertex 2.58885 1.88091 6
      vertex 2.14122 2.37806 6
      vertex 2.58885 1.88091 0
    endloop
  endfacet
  facet normal -0.743145 -0.669131 0
    outer loop
      vertex 2.58885 1.88091 0
      vertex 2.14122 2.37806 6
      vertex 2.14122 2.37806 0
    endloop
  endfacet
  facet normal -0.866026 -0.5 0
    outer loop
      vertex 2.92334 1.30156 6
      vertex 2.58885 1.88091 6
      vertex 2.92334 1.30156 0
    endloop
  endfacet
  facet normal -0.866026 -0.5 0
    outer loop
      vertex 2.92334 1.30156 0
      vertex 2.58885 1.88091 6
      vertex 2.58885 1.88091 0
    endloop
  endfacet
  facet normal -0.951056 -0.309017 0
    outer loop
      vertex 3.13007 0.665317 6
      vertex 2.92334 1.30156 6
      vertex 3.13007 0.665317 0
    endloop
  endfacet
  facet normal -0.951056 -0.309017 0
    outer loop
      vertex 3.13007 0.665317 0
      vertex 2.92334 1.30156 6
      vertex 2.92334 1.30156 0
    endloop
  endfacet
  facet normal -0.994522 -0.104529 0
    outer loop
      vertex 3.2 0 6
      vertex 3.13007 0.665317 6
      vertex 3.2 0 0
    endloop
  endfacet
  facet normal -0.994522 -0.104529 0
    outer loop
      vertex 3.2 0 0
      vertex 3.13007 0.665317 6
      vertex 3.13007 0.665317 0
    endloop
  endfacet
  facet normal -0.994522 0.104529 0
    outer loop
      vertex 3.2 0 6
      vertex 3.2 0 0
      vertex 3.13007 -0.665317 6
    endloop
  endfacet
  facet normal -0.994522 0.104529 0
    outer loop
      vertex 3.13007 -0.665317 6
      vertex 3.2 0 0
      vertex 3.13007 -0.665317 0
    endloop
  endfacet
  facet normal -0.951056 0.309017 0
    outer loop
      vertex 3.13007 -0.665317 6
      vertex 3.13007 -0.665317 0
      vertex 2.92334 -1.30156 6
    endloop
  endfacet
  facet normal -0.951056 0.309017 0
    outer loop
      vertex 2.92334 -1.30156 6
      vertex 3.13007 -0.665317 0
      vertex 2.92334 -1.30156 0
    endloop
  endfacet
  facet normal -0.866026 0.5 0
    outer loop
      vertex 2.92334 -1.30156 6
      vertex 2.92334 -1.30156 0
      vertex 2.58885 -1.88091 6
    endloop
  endfacet
  facet normal -0.866026 0.5 0
    outer loop
      vertex 2.58885 -1.88091 6
      vertex 2.92334 -1.30156 0
      vertex 2.58885 -1.88091 0
    endloop
  endfacet
  facet normal -0.743145 0.669131 0
    outer loop
      vertex 2.58885 -1.88091 6
      vertex 2.58885 -1.88091 0
      vertex 2.14122 -2.37806 6
    endloop
  endfacet
  facet normal -0.743145 0.669131 0
    outer loop
      vertex 2.14122 -2.37806 6
      vertex 2.58885 -1.88091 0
      vertex 2.14122 -2.37806 0
    endloop
  endfacet
  facet normal -0.587785 0.809017 0
    outer loop
      vertex 2.14122 -2.37806 6
      vertex 2.14122 -2.37806 0
      vertex 1.6 -2.77128 6
    endloop
  endfacet
  facet normal -0.587785 0.809017 0
    outer loop
      vertex 1.6 -2.77128 6
      vertex 2.14122 -2.37806 0
      vertex 1.6 -2.77128 0
    endloop
  endfacet
  facet normal -0.406737 0.913545 0
    outer loop
      vertex 1.6 -2.77128 6
      vertex 1.6 -2.77128 0
      vertex 0.988854 -3.04338 6
    endloop
  endfacet
  facet normal -0.406737 0.913545 0
    outer loop
      vertex 0.988854 -3.04338 6
      vertex 1.6 -2.77128 0
      vertex 0.988854 -3.04338 0
    endloop
  endfacet
  facet normal -0.207911 0.978148 0
    outer loop
      vertex 0.988854 -3.04338 6
      vertex 0.988854 -3.04338 0
      vertex 0.334491 -3.18247 6
    endloop
  endfacet
  facet normal -0.207911 0.978148 0
    outer loop
      vertex 0.334491 -3.18247 6
      vertex 0.988854 -3.04338 0
      vertex 0.334491 -3.18247 0
    endloop
  endfacet
  facet normal 0 1 0
    outer loop
      vertex 0.334491 -3.18247 6
      vertex 0.334491 -3.18247 0
      vertex -0.334491 -3.18247 6
    endloop
  endfacet
  facet normal 0 1 0
    outer loop
      vertex -0.334491 -3.18247 6
      vertex 0.334491 -3.18247 0
      vertex -0.334491 -3.18247 0
    endloop
  endfacet
  facet normal 0.207911 0.978148 0
    outer loop
      vertex -0.334491 -3.18247 6
      vertex -0.334491 -3.18247 0
      vertex -0.988854 -3.04338 6
    endloop
  endfacet
  facet normal 0.207911 0.978148 0
    outer loop
      vertex -0.988854 -3.04338 6
      vertex -0.334491 -3.18247 0
      vertex -0.988854 -3.04338 0
    endloop
  endfacet
  facet normal 0.406737 0.913545 0
    outer loop
      vertex -0.988854 -3.04338 6
      vertex -0.988854 -3.04338 0
      vertex -1.5 -2.8158 6
    endloop
  endfacet
  facet normal 0.406737 0.913545 0
    outer loop
      vertex -1.5 -2.8158 6
      vertex -0.988854 -3.04338 0
      vertex -1.5 -2.8158 0
    endloop
  endfacet
  facet normal -0.715396 -0.523793 0.462438
    outer loop
      vertex -18.5681 2.58236 2
      vertex -17.7857 1.51379 2
      vertex -18.4803 3.16877 2.8
    endloop
  endfacet
  facet normal -0.715396 -0.523793 0.462438
    outer loop
      vertex -18.4803 3.16877 2.8
      vertex -17.7857 1.51379 2
      vertex -17.5932 3.01666 4
    endloop
  endfacet
  facet normal -0.560328 0.687156 -0.462438
    outer loop
      vertex -18.6825 1.59011 3.2
      vertex -18.6196 2.17971 4
      vertex -17.7857 1.51379 2
    endloop
  endfacet
  facet normal -0.560328 0.687156 -0.462438
    outer loop
      vertex -17.7857 1.51379 2
      vertex -18.6196 2.17971 4
      vertex -17.5932 3.01666 4
    endloop
  endfacet
  facet normal -0.668398 -0.582576 -0.462438
    outer loop
      vertex -18.7202 0.998378 4
      vertex -18.6825 1.59011 3.2
      vertex -17.85 0 4
    endloop
  endfacet
  facet normal -0.668398 -0.582576 -0.462438
    outer loop
      vertex -17.85 0 4
      vertex -18.6825 1.59011 3.2
      vertex -17.7857 1.51379 2
    endloop
  endfacet
  facet normal -0.668398 0.582576 0.462438
    outer loop
      vertex -18.7202 -0.998378 4
      vertex -18.6825 -1.59011 4.8
      vertex -17.85 0 4
    endloop
  endfacet
  facet normal -0.668398 0.582576 0.462438
    outer loop
      vertex -17.85 0 4
      vertex -18.6825 -1.59011 4.8
      vertex -17.7857 -1.51379 6
    endloop
  endfacet
  facet normal -0.668398 -0.582576 0.462438
    outer loop
      vertex -18.7202 0.998378 4
      vertex -17.85 0 4
      vertex -18.6825 1.59011 4.8
    endloop
  endfacet
  facet normal -0.668398 -0.582576 0.462438
    outer loop
      vertex -18.6825 1.59011 4.8
      vertex -17.85 0 4
      vertex -17.7857 1.51379 6
    endloop
  endfacet
  facet normal -0.616584 0.637161 -0.462438
    outer loop
      vertex -18.75 0 5.2
      vertex -18.7374 0.592802 6
      vertex -17.85 0 4
    endloop
  endfacet
  facet normal -0.616584 0.637161 -0.462438
    outer loop
      vertex -17.85 0 4
      vertex -18.7374 0.592802 6
      vertex -17.7857 1.51379 6
    endloop
  endfacet
  facet normal -0.616584 -0.637161 -0.462438
    outer loop
      vertex -18.7374 -0.592802 6
      vertex -18.75 0 5.2
      vertex -17.85 0 4
    endloop
  endfacet
  facet normal -0.616584 -0.637161 -0.462438
    outer loop
      vertex -17.7857 -1.51379 6
      vertex -18.7374 -0.592802 6
      vertex -17.85 0 4
    endloop
  endfacet
  facet normal -0.757239 0.461237 0.462438
    outer loop
      vertex -18.2822 -4.14774 4
      vertex -18.145 -4.72459 4.8
      vertex -17.5932 -3.01666 4
    endloop
  endfacet
  facet normal -0.757239 0.461237 0.462438
    outer loop
      vertex -17.5932 -3.01666 4
      vertex -18.145 -4.72459 4.8
      vertex -17.274 -4.49781 6
    endloop
  endfacet
  facet normal -0.757239 0.461237 -0.462438
    outer loop
      vertex -18.2822 -4.14774 4
      vertex -17.5932 -3.01666 4
      vertex -18.145 -4.72459 3.2
    endloop
  endfacet
  facet normal -0.757239 0.461237 -0.462438
    outer loop
      vertex -18.145 -4.72459 3.2
      vertex -17.5932 -3.01666 4
      vertex -17.274 -4.49781 2
    endloop
  endfacet
  facet normal -0.500034 -0.7322 0.462438
    outer loop
      vertex -17.5932 -3.01666 4
      vertex -18.4803 -3.16877 2.8
      vertex -18.3677 -3.75091 2
    endloop
  endfacet
  facet normal -0.500034 -0.7322 0.462438
    outer loop
      vertex -17.274 -4.49781 2
      vertex -17.5932 -3.01666 4
      vertex -18.3677 -3.75091 2
    endloop
  endfacet
  facet normal -0.560328 -0.687156 0.462438
    outer loop
      vertex -17.7857 -1.51379 6
      vertex -18.6825 -1.59011 4.8
      vertex -18.6196 -2.17971 4
    endloop
  endfacet
  facet normal -0.560328 -0.687156 0.462438
    outer loop
      vertex -17.5932 -3.01666 4
      vertex -17.7857 -1.51379 6
      vertex -18.6196 -2.17971 4
    endloop
  endfacet
  facet normal -0.715396 0.523793 -0.462438
    outer loop
      vertex -18.5681 -2.58236 6
      vertex -17.7857 -1.51379 6
      vertex -18.4803 -3.16877 5.2
    endloop
  endfacet
  facet normal -0.715396 0.523793 -0.462438
    outer loop
      vertex -18.4803 -3.16877 5.2
      vertex -17.7857 -1.51379 6
      vertex -17.5932 -3.01666 4
    endloop
  endfacet
  facet normal -0.500034 -0.7322 -0.462438
    outer loop
      vertex -18.3677 -3.75091 6
      vertex -18.4803 -3.16877 5.2
      vertex -17.5932 -3.01666 4
    endloop
  endfacet
  facet normal -0.500034 -0.7322 -0.462438
    outer loop
      vertex -17.274 -4.49781 6
      vertex -18.3677 -3.75091 6
      vertex -17.5932 -3.01666 4
    endloop
  endfacet
  facet normal -0.981807 -0.189882 0
    outer loop
      vertex -18.4803 -3.16877 2
      vertex -18.3677 -3.75091 2
      vertex -18.4803 -3.16877 2.8
    endloop
  endfacet
  facet normal -0.988981 -0.148043 0
    outer loop
      vertex -18.4803 -3.16877 2.8
      vertex -18.5681 -2.58236 2
      vertex -18.4803 -3.16877 2
    endloop
  endfacet
  facet normal -0.997973 -0.0636383 0
    outer loop
      vertex -18.6825 -1.59011 4.8
      vertex -18.7202 -0.998378 4
      vertex -18.6825 -1.59011 3.2
    endloop
  endfacet
  facet normal -0.994373 -0.105936 0
    outer loop
      vertex -18.6825 -1.59011 4.8
      vertex -18.6825 -1.59011 3.2
      vertex -18.6196 -2.17971 4
    endloop
  endfacet
  facet normal -0.895365 -0.173164 -0.410288
    outer loop
      vertex -18.3677 -3.75091 2
      vertex -18.4803 -3.16877 2
      vertex -18.0277 -3.42859 1.12202
    endloop
  endfacet
  facet normal -0.793627 0.395356 0.462438
    outer loop
      vertex -17.8646 -5.68324 2
      vertex -17.679 -6.24637 2.8
      vertex -17.274 -4.49781 2
    endloop
  endfacet
  facet normal -0.793627 0.395356 0.462438
    outer loop
      vertex -17.274 -4.49781 2
      vertex -17.679 -6.24637 2.8
      vertex -16.8304 -5.94654 4
    endloop
  endfacet
  facet normal -0.436138 -0.771968 -0.462438
    outer loop
      vertex -17.9834 -5.29509 4
      vertex -18.145 -4.72459 3.2
      vertex -16.8304 -5.94654 4
    endloop
  endfacet
  facet normal -0.436138 -0.771968 -0.462438
    outer loop
      vertex -16.8304 -5.94654 4
      vertex -18.145 -4.72459 3.2
      vertex -17.274 -4.49781 2
    endloop
  endfacet
  facet normal -0.949736 -0.313052 0
    outer loop
      vertex -17.8646 -5.68324 2
      vertex -17.679 -6.24637 2
      vertex -17.679 -6.24637 2.8
    endloop
  endfacet
  facet normal -0.935594 -0.353078 0
    outer loop
      vertex -17.679 -6.24637 2.8
      vertex -17.679 -6.24637 2
      vertex -17.4696 -6.80112 2
    endloop
  endfacet
  facet normal -0.853221 -0.321991 -0.410288
    outer loop
      vertex -17.4696 -6.80112 2
      vertex -17.679 -6.24637 2
      vertex -17.189 -6.42597 1.12202
    endloop
  endfacet
  facet normal -0.849027 0.255546 0.462438
    outer loop
      vertex -16.6471 -8.62062 2
      vertex -16.369 -9.14428 2.8
      vertex -16.2654 -7.35244 2
    endloop
  endfacet
  facet normal -0.849027 0.255546 0.462438
    outer loop
      vertex -16.2654 -7.35244 2
      vertex -16.369 -9.14428 2.8
      vertex -15.5833 -8.70535 4
    endloop
  endfacet
  facet normal -0.3691 -0.806174 0.462438
    outer loop
      vertex -16.2654 -7.35244 2
      vertex -16.8304 -5.94654 4
      vertex -17.4696 -6.80112 2
    endloop
  endfacet
  facet normal -0.3691 -0.806174 0.462438
    outer loop
      vertex -17.4696 -6.80112 2
      vertex -16.8304 -5.94654 4
      vertex -17.679 -6.24637 2.8
    endloop
  endfacet
  facet normal -0.824297 0.326628 -0.462438
    outer loop
      vertex -17.3182 -7.17779 4
      vertex -16.8304 -5.94654 4
      vertex -17.0855 -7.72315 3.2
    endloop
  endfacet
  facet normal -0.824297 0.326628 -0.462438
    outer loop
      vertex -17.0855 -7.72315 3.2
      vertex -16.8304 -5.94654 4
      vertex -16.2654 -7.35244 2
    endloop
  endfacet
  facet normal -0.299402 -0.834571 -0.462438
    outer loop
      vertex -16.8299 -8.25814 4
      vertex -17.0855 -7.72315 3.2
      vertex -16.2654 -7.35244 2
    endloop
  endfacet
  facet normal -0.299402 -0.834571 -0.462438
    outer loop
      vertex -15.5833 -8.70535 4
      vertex -16.8299 -8.25814 4
      vertex -16.2654 -7.35244 2
    endloop
  endfacet
  facet normal -0.883169 -0.469055 0
    outer loop
      vertex -16.369 -9.14428 2.8
      vertex -16.6471 -8.62062 2
      vertex -16.369 -9.14428 2
    endloop
  endfacet
  facet normal -0.862466 -0.506115 0
    outer loop
      vertex -16.369 -9.14428 2
      vertex -16.0689 -9.65567 2
      vertex -16.369 -9.14428 2.8
    endloop
  endfacet
  facet normal -0.786531 -0.461555 -0.410288
    outer loop
      vertex -16.0689 -9.65567 2
      vertex -16.369 -9.14428 2
      vertex -15.8557 -9.23849 1.12202
    endloop
  endfacet
  facet normal -0.880002 0.108384 0.462438
    outer loop
      vertex -14.9508 -11.31 2
      vertex -14.5882 -11.7791 2.8
      vertex -14.7889 -9.99555 2
    endloop
  endfacet
  facet normal -0.880002 0.108384 0.462438
    outer loop
      vertex -14.7889 -9.99555 2
      vertex -14.5882 -11.7791 2.8
      vertex -13.8879 -11.2137 4
    endloop
  endfacet
  facet normal -0.227547 -0.856956 0.462438
    outer loop
      vertex -15.5833 -8.70535 4
      vertex -16.369 -9.14428 2.8
      vertex -16.0689 -9.65567 2
    endloop
  endfacet
  facet normal -0.227547 -0.856956 0.462438
    outer loop
      vertex -14.7889 -9.99555 2
      vertex -15.5833 -8.70535 4
      vertex -16.0689 -9.65567 2
    endloop
  endfacet
  facet normal -0.86764 0.182623 -0.462438
    outer loop
      vertex -15.8561 -10.0013 4
      vertex -15.5833 -8.70535 4
      vertex -15.5346 -10.4995 3.2
    endloop
  endfacet
  facet normal -0.86764 0.182623 -0.462438
    outer loop
      vertex -15.5346 -10.4995 3.2
      vertex -15.5833 -8.70535 4
      vertex -14.7889 -9.99555 2
    endloop
  endfacet
  facet normal -0.154052 -0.873166 -0.462438
    outer loop
      vertex -15.1922 -10.9836 4
      vertex -15.5346 -10.4995 3.2
      vertex -14.7889 -9.99555 2
    endloop
  endfacet
  facet normal -0.154052 -0.873166 -0.462438
    outer loop
      vertex -13.8879 -11.2137 4
      vertex -15.1922 -10.9836 4
      vertex -14.7889 -9.99555 2
    endloop
  endfacet
  facet normal -0.791195 -0.611564 0
    outer loop
      vertex -14.9508 -11.31 2
      vertex -14.5882 -11.7791 2
      vertex -14.5882 -11.7791 2.8
    endloop
  endfacet
  facet normal -0.764527 -0.644592 0
    outer loop
      vertex -14.5882 -11.7791 2.8
      vertex -14.5882 -11.7791 2
      vertex -14.206 -12.2324 2
    endloop
  endfacet
  facet normal -0.697215 -0.58784 -0.410288
    outer loop
      vertex -14.206 -12.2324 2
      vertex -14.5882 -11.7791 2
      vertex -14.0664 -11.7852 1.12202
    endloop
  endfacet
  facet normal -0.0794472 -0.883085 0.462438
    outer loop
      vertex -12.8869 -12.3511 2
      vertex -13.8879 -11.2137 4
      vertex -14.206 -12.2324 2
    endloop
  endfacet
  facet normal -0.0794472 -0.883085 0.462438
    outer loop
      vertex -14.206 -12.2324 2
      vertex -13.8879 -11.2137 4
      vertex -14.5882 -11.7791 2.8
    endloop
  endfacet
  facet normal -0.886024 0.0333638 -0.462438
    outer loop
      vertex -13.9378 -12.5372 4
      vertex -13.8879 -11.2137 4
      vertex -13.5367 -12.9739 3.2
    endloop
  endfacet
  facet normal -0.886024 0.0333638 -0.462438
    outer loop
      vertex -13.5367 -12.9739 3.2
      vertex -13.8879 -11.2137 4
      vertex -12.8869 -12.3511 2
    endloop
  endfacet
  facet normal -0.00427027 -0.886641 -0.462438
    outer loop
      vertex -13.1174 -13.3931 4
      vertex -13.5367 -12.9739 3.2
      vertex -12.8869 -12.3511 2
    endloop
  endfacet
  facet normal -0.00427027 -0.886641 -0.462438
    outer loop
      vertex -11.793 -13.3995 4
      vertex -13.1174 -13.3931 4
      vertex -12.8869 -12.3511 2
    endloop
  endfacet
  facet normal -0.885661 -0.0418962 0.462438
    outer loop
      vertex -12.8869 -12.3511 2
      vertex -12.8243 -13.674 2
      vertex -11.793 -13.3995 4
    endloop
  endfacet
  facet normal -0.885661 -0.0418962 0.462438
    outer loop
      vertex -11.793 -13.3995 4
      vertex -12.8243 -13.674 2
      vertex -12.3877 -14.0751 2.8
    endloop
  endfacet
  facet normal -0.676459 -0.73648 0
    outer loop
      vertex -12.3877 -14.0751 2.8
      vertex -12.8243 -13.674 2
      vertex -12.3877 -14.0751 2
    endloop
  endfacet
  facet normal -0.644592 -0.764527 0
    outer loop
      vertex -12.3877 -14.0751 2.8
      vertex -12.3877 -14.0751 2
      vertex -11.9343 -14.4573 2
    endloop
  endfacet
  facet normal -0.58784 -0.697215 -0.410288
    outer loop
      vertex -11.9343 -14.4573 2
      vertex -12.3877 -14.0751 2
      vertex -11.8723 -13.9929 1.12202
    endloop
  endfacet
  facet normal 0.0709376 -0.883809 0.462438
    outer loop
      vertex -10.6142 -14.3513 2
      vertex -11.793 -13.3995 4
      vertex -11.9343 -14.4573 2
    endloop
  endfacet
  facet normal 0.0709376 -0.883809 0.462438
    outer loop
      vertex -11.9343 -14.4573 2
      vertex -11.793 -13.3995 4
      vertex -12.3877 -14.0751 2.8
    endloop
  endfacet
  facet normal -0.878917 -0.116855 -0.462438
    outer loop
      vertex -11.793 -13.3995 4
      vertex -10.6142 -14.3513 2
      vertex -11.6185 -14.7123 4
    endloop
  endfacet
  facet normal -0.878917 -0.116855 -0.462438
    outer loop
      vertex -11.6185 -14.7123 4
      vertex -10.6142 -14.3513 2
      vertex -11.1494 -15.0749 3.2
    endloop
  endfacet
  facet normal 0.145634 -0.874609 -0.462438
    outer loop
      vertex -10.6653 -15.4173 4
      vertex -11.1494 -15.0749 3.2
      vertex -10.6142 -14.3513 2
    endloop
  endfacet
  facet normal 0.145634 -0.874609 -0.462438
    outer loop
      vertex -9.35888 -15.1998 4
      vertex -10.6653 -15.4173 4
      vertex -10.6142 -14.3513 2
    endloop
  endfacet
  facet normal -0.865841 -0.190971 0.462438
    outer loop
      vertex -10.6142 -14.3513 2
      vertex -10.329 -15.6446 2
      vertex -9.35888 -15.1998 4
    endloop
  endfacet
  facet normal -0.865841 -0.190971 0.462438
    outer loop
      vertex -9.35888 -15.1998 4
      vertex -10.329 -15.6446 2
      vertex -9.83076 -15.9662 2.8
    endloop
  endfacet
  facet normal -0.542263 -0.840209 0
    outer loop
      vertex -9.83076 -15.9662 2.8
      vertex -10.329 -15.6446 2
      vertex -9.83076 -15.9662 2
    endloop
  endfacet
  facet normal -0.506115 -0.862466 0
    outer loop
      vertex -9.83076 -15.9662 2.8
      vertex -9.83076 -15.9662 2
      vertex -9.31937 -16.2663 2
    endloop
  endfacet
  facet normal -0.461555 -0.786531 -0.410288
    outer loop
      vertex -9.31937 -16.2663 2
      vertex -9.83076 -15.9662 2
      vertex -9.33672 -15.7981 1.12202
    endloop
  endfacet
  facet normal 0.219282 -0.859108 0.462438
    outer loop
      vertex -9.35888 -15.1998 4
      vertex -9.83076 -15.9662 2.8
      vertex -9.31937 -16.2663 2
    endloop
  endfacet
  facet normal 0.219282 -0.859108 0.462438
    outer loop
      vertex -8.03614 -15.9387 2
      vertex -9.35888 -15.1998 4
      vertex -9.31937 -16.2663 2
    endloop
  endfacet
  facet normal -0.846526 -0.263712 -0.462438
    outer loop
      vertex -9.35888 -15.1998 4
      vertex -8.03614 -15.9387 2
      vertex -8.96498 -16.4642 4
    endloop
  endfacet
  facet normal -0.846526 -0.263712 -0.462438
    outer loop
      vertex -8.96498 -16.4642 4
      vertex -8.03614 -15.9387 2
      vertex -8.44132 -16.7424 3.2
    endloop
  endfacet
  facet normal 0.291349 -0.837417 -0.462438
    outer loop
      vertex -7.90633 -16.998 4
      vertex -8.44132 -16.7424 3.2
      vertex -6.65549 -16.5628 4
    endloop
  endfacet
  facet normal 0.291349 -0.837417 -0.462438
    outer loop
      vertex -6.65549 -16.5628 4
      vertex -8.44132 -16.7424 3.2
      vertex -8.03614 -15.9387 2
    endloop
  endfacet
  facet normal -0.821112 -0.334552 0.462438
    outer loop
      vertex -8.03614 -15.9387 2
      vertex -7.53642 -17.1652 2
      vertex -6.65549 -16.5628 4
    endloop
  endfacet
  facet normal -0.821112 -0.334552 0.462438
    outer loop
      vertex -6.65549 -16.5628 4
      vertex -7.53642 -17.1652 2
      vertex -6.99106 -17.3979 2.8
    endloop
  endfacet
  facet normal -0.392467 -0.919766 0
    outer loop
      vertex -6.99106 -17.3979 2.8
      vertex -7.53642 -17.1652 2
      vertex -6.99106 -17.3979 2
    endloop
  endfacet
  facet normal -0.353078 -0.935594 0
    outer loop
      vertex -6.99106 -17.3979 2.8
      vertex -6.99106 -17.3979 2
      vertex -6.43631 -17.6073 2
    endloop
  endfacet
  facet normal -0.321991 -0.853221 -0.410288
    outer loop
      vertex -6.43631 -17.6073 2
      vertex -6.99106 -17.3979 2
      vertex -6.53253 -17.1488 1.12202
    endloop
  endfacet
  facet normal 0.361318 -0.809692 0.462438
    outer loop
      vertex -6.65549 -16.5628 4
      vertex -6.99106 -17.3979 2.8
      vertex -6.43631 -17.6073 2
    endloop
  endfacet
  facet normal 0.361318 -0.809692 0.462438
    outer loop
      vertex -5.22689 -17.0676 2
      vertex -6.65549 -16.5628 4
      vertex -6.43631 -17.6073 2
    endloop
  endfacet
  facet normal -0.789782 -0.402982 -0.462438
    outer loop
      vertex -6.65549 -16.5628 4
      vertex -5.22689 -17.0676 2
      vertex -6.05356 -17.7425 4
    endloop
  endfacet
  facet normal -0.789782 -0.402982 -0.462438
    outer loop
      vertex -6.05356 -17.7425 4
      vertex -5.22689 -17.0676 2
      vertex -5.49043 -17.9281 3.2
    endloop
  endfacet
  facet normal 0.428682 -0.776133 -0.462438
    outer loop
      vertex -4.91992 -18.0897 4
      vertex -5.49043 -17.9281 3.2
      vertex -3.76062 -17.4494 4
    endloop
  endfacet
  facet normal 0.428682 -0.776133 -0.462438
    outer loop
      vertex -3.76062 -17.4494 4
      vertex -5.49043 -17.9281 3.2
      vertex -5.22689 -17.0676 2
    endloop
  endfacet
  facet normal -0.752762 -0.468508 0.462438
    outer loop
      vertex -5.22689 -17.0676 2
      vertex -4.52708 -18.192 2
      vertex -3.76062 -17.4494 4
    endloop
  endfacet
  facet normal -0.752762 -0.468508 0.462438
    outer loop
      vertex -3.76062 -17.4494 4
      vertex -4.52708 -18.192 2
      vertex -3.95024 -18.3292 2.8
    endloop
  endfacet
  facet normal -0.231381 -0.972863 0
    outer loop
      vertex -3.95024 -18.3292 2.8
      vertex -4.52708 -18.192 2
      vertex -3.95024 -18.3292 2
    endloop
  endfacet
  facet normal -0.189882 -0.981807 0
    outer loop
      vertex -3.95024 -18.3292 2.8
      vertex -3.95024 -18.3292 2
      vertex -3.36809 -18.4417 2
    endloop
  endfacet
  facet normal -0.173164 -0.895365 -0.410288
    outer loop
      vertex -3.36809 -18.4417 2
      vertex -3.95024 -18.3292 2
      vertex -3.54041 -18.0061 1.12202
    endloop
  endfacet
  facet normal 0.492959 -0.736982 0.462438
    outer loop
      vertex -2.26727 -17.7054 2
      vertex -3.76062 -17.4494 4
      vertex -3.36809 -18.4417 2
    endloop
  endfacet
  facet normal 0.492959 -0.736982 0.462438
    outer loop
      vertex -3.36809 -18.4417 2
      vertex -3.76062 -17.4494 4
      vertex -3.95024 -18.3292 2.8
    endloop
  endfacet
  facet normal -0.710318 -0.530659 -0.462438
    outer loop
      vertex -3.76062 -17.4494 4
      vertex -2.26727 -17.7054 2
      vertex -2.96799 -18.5104 4
    endloop
  endfacet
  facet normal -0.710318 -0.530659 -0.462438
    outer loop
      vertex -2.96799 -18.5104 4
      vertex -2.26727 -17.7054 2
      vertex -2.38158 -18.5981 3.2
    endloop
  endfacet
  facet normal 0.553683 -0.692521 -0.462438
    outer loop
      vertex -1.79199 -18.6609 4
      vertex -2.38158 -18.5981 3.2
      vertex -0.757575 -17.8339 4
    endloop
  endfacet
  facet normal 0.553683 -0.692521 -0.462438
    outer loop
      vertex -0.757575 -17.8339 4
      vertex -2.38158 -18.5981 3.2
      vertex -2.26727 -17.7054 2
    endloop
  endfacet
  facet normal -0.662756 -0.588987 0.462438
    outer loop
      vertex -2.26727 -17.7054 2
      vertex -1.38751 -18.6954 2
      vertex -0.757575 -17.8339 4
    endloop
  endfacet
  facet normal -0.662756 -0.588987 0.462438
    outer loop
      vertex -0.757575 -17.8339 4
      vertex -1.38751 -18.6954 2
      vertex -0.795773 -18.7331 2.8
    endloop
  endfacet
  facet normal -0.662756 -0.588987 0.462438
    outer loop
      vertex -0.757575 -17.8339 4
      vertex -0.795773 -18.7331 2.8
      vertex -0.795772 -18.7331 2.8
    endloop
  endfacet
  facet normal -0.0636383 -0.997973 0
    outer loop
      vertex -0.795773 -18.7331 2.8
      vertex -1.38751 -18.6954 2
      vertex -0.795773 -18.7331 2
    endloop
  endfacet
  facet normal -0.0212249 -0.999775 0
    outer loop
      vertex -0.795773 -18.7331 2.8
      vertex -0.795773 -18.7331 2
      vertex -0.202971 -18.7457 2
    endloop
  endfacet
  facet normal -0.0212249 -0.999775 0
    outer loop
      vertex -0.795772 -18.7331 2.8
      vertex -0.795773 -18.7331 2.8
      vertex -0.202971 -18.7457 2
    endloop
  endfacet
  facet normal -0.0193562 -0.911751 -0.410288
    outer loop
      vertex -0.202971 -18.7457 2
      vertex -0.795773 -18.7331 2
      vertex -0.446436 -18.3454 1.12202
    endloop
  endfacet
  facet normal 0.610419 -0.643071 0.462438
    outer loop
      vertex -0.757575 -17.8339 4
      vertex -0.795772 -18.7331 2.8
      vertex -0.202971 -18.7457 2
    endloop
  endfacet
  facet normal 0.610419 -0.643071 0.462438
    outer loop
      vertex 0.757575 -17.8339 2
      vertex -0.757575 -17.8339 4
      vertex -0.202971 -18.7457 2
    endloop
  endfacet
  facet normal -0.610419 -0.643071 -0.462438
    outer loop
      vertex 0.202971 -18.7457 4
      vertex -0.757575 -17.8339 4
      vertex 0.757575 -17.8339 2
    endloop
  endfacet
  facet normal -0.610419 -0.643071 -0.462438
    outer loop
      vertex 0.795772 -18.7331 3.2
      vertex 0.202971 -18.7457 4
      vertex 0.757575 -17.8339 2
    endloop
  endfacet
  facet normal 0.662756 -0.588987 -0.462438
    outer loop
      vertex 0.795772 -18.7331 3.2
      vertex 0.757575 -17.8339 2
      vertex 2.26727 -17.7054 4
    endloop
  endfacet
  facet normal 0.662756 -0.588987 -0.462438
    outer loop
      vertex 0.795773 -18.7331 3.2
      vertex 0.795772 -18.7331 3.2
      vertex 1.38751 -18.6954 4
    endloop
  endfacet
  facet normal 0.662756 -0.588987 -0.462438
    outer loop
      vertex 1.38751 -18.6954 4
      vertex 0.795772 -18.7331 3.2
      vertex 2.26727 -17.7054 4
    endloop
  endfacet
  facet normal -0.553683 -0.692521 0.462438
    outer loop
      vertex 2.26727 -17.7054 4
      vertex 0.757575 -17.8339 2
      vertex 1.79199 -18.6609 2
    endloop
  endfacet
  facet normal -0.553683 -0.692521 0.462438
    outer loop
      vertex 2.38158 -18.5981 2.8
      vertex 2.26727 -17.7054 4
      vertex 1.79199 -18.6609 2
    endloop
  endfacet
  facet normal 0.105936 -0.994373 0
    outer loop
      vertex 2.38158 -18.5981 2.8
      vertex 1.79199 -18.6609 2
      vertex 2.38158 -18.5981 2
    endloop
  endfacet
  facet normal 0.148043 -0.988981 0
    outer loop
      vertex 2.38158 -18.5981 2.8
      vertex 2.38158 -18.5981 2
      vertex 2.96799 -18.5104 2
    endloop
  endfacet
  facet normal 0.135009 -0.901907 -0.410288
    outer loop
      vertex 2.96799 -18.5104 2
      vertex 2.38158 -18.5981 2
      vertex 2.66038 -18.157 1.12202
    endloop
  endfacet
  facet normal 0.710318 -0.530659 0.462438
    outer loop
      vertex 3.76062 -17.4494 2
      vertex 2.26727 -17.7054 4
      vertex 2.38158 -18.5981 2.8
    endloop
  endfacet
  facet normal 0.710318 -0.530659 0.462438
    outer loop
      vertex 2.96799 -18.5104 2
      vertex 3.76062 -17.4494 2
      vertex 2.38158 -18.5981 2.8
    endloop
  endfacet
  facet normal -0.492959 -0.736982 -0.462438
    outer loop
      vertex 3.36809 -18.4417 4
      vertex 2.26727 -17.7054 4
      vertex 3.76062 -17.4494 2
    endloop
  endfacet
  facet normal -0.492959 -0.736982 -0.462438
    outer loop
      vertex 3.95024 -18.3292 3.2
      vertex 3.36809 -18.4417 4
      vertex 3.76062 -17.4494 2
    endloop
  endfacet
  facet normal 0.752762 -0.468508 -0.462438
    outer loop
      vertex 3.95024 -18.3292 3.2
      vertex 3.76062 -17.4494 2
      vertex 5.22689 -17.0676 4
    endloop
  endfacet
  facet normal 0.752762 -0.468508 -0.462438
    outer loop
      vertex 4.52708 -18.192 4
      vertex 3.95024 -18.3292 3.2
      vertex 5.22689 -17.0676 4
    endloop
  endfacet
  facet normal -0.428682 -0.776133 0.462438
    outer loop
      vertex 5.22689 -17.0676 4
      vertex 3.76062 -17.4494 2
      vertex 4.91992 -18.0897 2
    endloop
  endfacet
  facet normal -0.428682 -0.776133 0.462438
    outer loop
      vertex 5.49043 -17.9281 2.8
      vertex 5.22689 -17.0676 4
      vertex 4.91992 -18.0897 2
    endloop
  endfacet
  facet normal 0.272463 -0.962166 0
    outer loop
      vertex 5.49043 -17.9281 2.8
      vertex 4.91992 -18.0897 2
      vertex 5.49043 -17.9281 2
    endloop
  endfacet
  facet normal 0.313052 -0.949736 0
    outer loop
      vertex 5.49043 -17.9281 2.8
      vertex 5.49043 -17.9281 2
      vertex 6.05356 -17.7425 2
    endloop
  endfacet
  facet normal 0.285489 -0.866118 -0.410288
    outer loop
      vertex 6.05356 -17.7425 2
      vertex 5.49043 -17.9281 2
      vertex 5.69066 -17.4462 1.12202
    endloop
  endfacet
  facet normal 0.789782 -0.402982 0.462438
    outer loop
      vertex 6.65549 -16.5628 2
      vertex 5.22689 -17.0676 4
      vertex 5.49043 -17.9281 2.8
    endloop
  endfacet
  facet normal 0.789782 -0.402982 0.462438
    outer loop
      vertex 6.05356 -17.7425 2
      vertex 6.65549 -16.5628 2
      vertex 5.49043 -17.9281 2.8
    endloop
  endfacet
  facet normal -0.361318 -0.809692 -0.462438
    outer loop
      vertex 6.43631 -17.6073 4
      vertex 5.22689 -17.0676 4
      vertex 6.65549 -16.5628 2
    endloop
  endfacet
  facet normal -0.361318 -0.809692 -0.462438
    outer loop
      vertex 6.99106 -17.3979 3.2
      vertex 6.43631 -17.6073 4
      vertex 6.65549 -16.5628 2
    endloop
  endfacet
  facet normal 0.821112 -0.334552 -0.462438
    outer loop
      vertex 6.99106 -17.3979 3.2
      vertex 6.65549 -16.5628 2
      vertex 8.03614 -15.9387 4
    endloop
  endfacet
  facet normal 0.821112 -0.334552 -0.462438
    outer loop
      vertex 7.53642 -17.1652 4
      vertex 6.99106 -17.3979 3.2
      vertex 8.03614 -15.9387 4
    endloop
  endfacet
  facet normal -0.291349 -0.837417 0.462438
    outer loop
      vertex 8.03614 -15.9387 4
      vertex 6.65549 -16.5628 2
      vertex 7.90633 -16.998 2
    endloop
  endfacet
  facet normal -0.291349 -0.837417 0.462438
    outer loop
      vertex 8.44132 -16.7424 2.8
      vertex 8.03614 -15.9387 4
      vertex 7.90633 -16.998 2
    endloop
  endfacet
  facet normal 0.431149 -0.902281 0
    outer loop
      vertex 8.44132 -16.7424 2.8
      vertex 7.90633 -16.998 2
      vertex 8.44132 -16.7424 2
    endloop
  endfacet
  facet normal 0.469055 -0.883169 0
    outer loop
      vertex 8.44132 -16.7424 2.8
      vertex 8.44132 -16.7424 2
      vertex 8.96498 -16.4642 2
    endloop
  endfacet
  facet normal 0.427757 -0.805411 -0.410288
    outer loop
      vertex 8.96498 -16.4642 2
      vertex 8.44132 -16.7424 2
      vertex 8.55723 -16.2335 1.12202
    endloop
  endfacet
  facet normal 0.846526 -0.263712 0.462438
    outer loop
      vertex 9.35888 -15.1998 2
      vertex 8.03614 -15.9387 4
      vertex 8.44132 -16.7424 2.8
    endloop
  endfacet
  facet normal 0.846526 -0.263712 0.462438
    outer loop
      vertex 8.96498 -16.4642 2
      vertex 9.35888 -15.1998 2
      vertex 8.44132 -16.7424 2.8
    endloop
  endfacet
  facet normal -0.219282 -0.859108 -0.462438
    outer loop
      vertex 9.31937 -16.2663 4
      vertex 8.03614 -15.9387 4
      vertex 9.35888 -15.1998 2
    endloop
  endfacet
  facet normal -0.219282 -0.859108 -0.462438
    outer loop
      vertex 9.83076 -15.9662 3.2
      vertex 9.31937 -16.2663 4
      vertex 9.35888 -15.1998 2
    endloop
  endfacet
  facet normal 0.865841 -0.190971 -0.462438
    outer loop
      vertex 9.83076 -15.9662 3.2
      vertex 9.35888 -15.1998 2
      vertex 10.6142 -14.3513 4
    endloop
  endfacet
  facet normal 0.865841 -0.190971 -0.462438
    outer loop
      vertex 10.329 -15.6446 4
      vertex 9.83076 -15.9662 3.2
      vertex 10.6142 -14.3513 4
    endloop
  endfacet
  facet normal -0.145634 -0.874609 0.462438
    outer loop
      vertex 10.6142 -14.3513 4
      vertex 9.35888 -15.1998 2
      vertex 10.6653 -15.4173 2
    endloop
  endfacet
  facet normal -0.145634 -0.874609 0.462438
    outer loop
      vertex 11.1494 -15.0749 2.8
      vertex 10.6142 -14.3513 4
      vertex 10.6653 -15.4173 2
    endloop
  endfacet
  facet normal 0.577434 -0.816437 0
    outer loop
      vertex 11.1494 -15.0749 2.8
      vertex 10.6653 -15.4173 2
      vertex 11.1494 -15.0749 2
    endloop
  endfacet
  facet normal 0.611564 -0.791195 0
    outer loop
      vertex 11.1494 -15.0749 2.8
      vertex 11.1494 -15.0749 2
      vertex 11.6185 -14.7123 2
    endloop
  endfacet
  facet normal 0.55772 -0.721535 -0.410288
    outer loop
      vertex 11.6185 -14.7123 2
      vertex 11.1494 -15.0749 2
      vertex 11.1776 -14.5539 1.12202
    endloop
  endfacet
  facet normal 0.878917 -0.116855 0.462438
    outer loop
      vertex 11.793 -13.3995 2
      vertex 10.6142 -14.3513 4
      vertex 11.1494 -15.0749 2.8
    endloop
  endfacet
  facet normal 0.878917 -0.116855 0.462438
    outer loop
      vertex 11.6185 -14.7123 2
      vertex 11.793 -13.3995 2
      vertex 11.1494 -15.0749 2.8
    endloop
  endfacet
  facet normal -0.0709376 -0.883809 -0.462438
    outer loop
      vertex 11.9343 -14.4573 4
      vertex 10.6142 -14.3513 4
      vertex 11.793 -13.3995 2
    endloop
  endfacet
  facet normal -0.0709376 -0.883809 -0.462438
    outer loop
      vertex 12.3877 -14.0751 3.2
      vertex 11.9343 -14.4573 4
      vertex 11.793 -13.3995 2
    endloop
  endfacet
  facet normal 0.885661 -0.0418962 -0.462438
    outer loop
      vertex 12.3877 -14.0751 3.2
      vertex 11.793 -13.3995 2
      vertex 12.8869 -12.3511 4
    endloop
  endfacet
  facet normal 0.885661 -0.0418962 -0.462438
    outer loop
      vertex 12.8243 -13.674 4
      vertex 12.3877 -14.0751 3.2
      vertex 12.8869 -12.3511 4
    endloop
  endfacet
  facet normal 0.00427027 -0.886641 0.462438
    outer loop
      vertex 12.8869 -12.3511 4
      vertex 11.793 -13.3995 2
      vertex 13.1174 -13.3931 2
    endloop
  endfacet
  facet normal 0.00427027 -0.886641 0.462438
    outer loop
      vertex 13.5367 -12.9739 2.8
      vertex 12.8869 -12.3511 4
      vertex 13.1174 -13.3931 2
    endloop
  endfacet
  facet normal 0.707107 -0.707107 0
    outer loop
      vertex 13.5367 -12.9739 2.8
      vertex 13.1174 -13.3931 2
      vertex 13.5367 -12.9739 2
    endloop
  endfacet
  facet normal 0.73648 -0.676459 0
    outer loop
      vertex 13.5367 -12.9739 2.8
      vertex 13.5367 -12.9739 2
      vertex 13.9378 -12.5372 2
    endloop
  endfacet
  facet normal 0.671638 -0.616901 -0.410288
    outer loop
      vertex 13.5367 -12.9739 2
      vertex 13.4765 -12.4555 1.12202
      vertex 13.9378 -12.5372 2
    endloop
  endfacet
  facet normal 0.886024 0.0333638 0.462438
    outer loop
      vertex 13.8879 -11.2137 2
      vertex 12.8869 -12.3511 4
      vertex 13.5367 -12.9739 2.8
    endloop
  endfacet
  facet normal 0.886024 0.0333638 0.462438
    outer loop
      vertex 13.9378 -12.5372 2
      vertex 13.8879 -11.2137 2
      vertex 13.5367 -12.9739 2.8
    endloop
  endfacet
  facet normal 0.0794472 -0.883085 -0.462438
    outer loop
      vertex 14.206 -12.2324 4
      vertex 12.8869 -12.3511 4
      vertex 13.8879 -11.2137 2
    endloop
  endfacet
  facet normal 0.0794472 -0.883085 -0.462438
    outer loop
      vertex 14.5882 -11.7791 3.2
      vertex 14.206 -12.2324 4
      vertex 13.8879 -11.2137 2
    endloop
  endfacet
  facet normal 0.880002 0.108384 -0.462438
    outer loop
      vertex 14.5882 -11.7791 3.2
      vertex 13.8879 -11.2137 2
      vertex 14.7889 -9.99555 4
    endloop
  endfacet
  facet normal 0.880002 0.108384 -0.462438
    outer loop
      vertex 14.9508 -11.31 4
      vertex 14.5882 -11.7791 3.2
      vertex 14.7889 -9.99555 4
    endloop
  endfacet
  facet normal 0.154052 -0.873166 0.462438
    outer loop
      vertex 14.7889 -9.99555 4
      vertex 13.8879 -11.2137 2
      vertex 15.1922 -10.9836 2
    endloop
  endfacet
  facet normal 0.154052 -0.873166 0.462438
    outer loop
      vertex 15.5346 -10.4995 2.8
      vertex 14.7889 -9.99555 4
      vertex 15.1922 -10.9836 2
    endloop
  endfacet
  facet normal 0.816437 -0.577434 0
    outer loop
      vertex 15.5346 -10.4995 2.8
      vertex 15.1922 -10.9836 2
      vertex 15.5346 -10.4995 2
    endloop
  endfacet
  facet normal 0.840209 -0.542263 0
    outer loop
      vertex 15.5346 -10.4995 2.8
      vertex 15.5346 -10.4995 2
      vertex 15.8561 -10.0013 2
    endloop
  endfacet
  facet normal 0.766233 -0.49452 -0.410288
    outer loop
      vertex 15.5346 -10.4995 2
      vertex 15.3876 -9.9988 1.12202
      vertex 15.8561 -10.0013 2
    endloop
  endfacet
  facet normal 0.86764 0.182623 0.462438
    outer loop
      vertex 15.5833 -8.70535 2
      vertex 14.7889 -9.99555 4
      vertex 15.5346 -10.4995 2.8
    endloop
  endfacet
  facet normal 0.86764 0.182623 0.462438
    outer loop
      vertex 15.8561 -10.0013 2
      vertex 15.5833 -8.70535 2
      vertex 15.5346 -10.4995 2.8
    endloop
  endfacet
  facet normal 0.227547 -0.856956 -0.462438
    outer loop
      vertex 16.0689 -9.65567 4
      vertex 14.7889 -9.99555 4
      vertex 15.5833 -8.70535 2
    endloop
  endfacet
  facet normal 0.227547 -0.856956 -0.462438
    outer loop
      vertex 16.369 -9.14428 3.2
      vertex 16.0689 -9.65567 4
      vertex 15.5833 -8.70535 2
    endloop
  endfacet
  facet normal 0.849027 0.255546 -0.462438
    outer loop
      vertex 16.369 -9.14428 3.2
      vertex 15.5833 -8.70535 2
      vertex 16.2654 -7.35244 4
    endloop
  endfacet
  facet normal 0.849027 0.255546 -0.462438
    outer loop
      vertex 16.6471 -8.62062 4
      vertex 16.369 -9.14428 3.2
      vertex 16.2654 -7.35244 4
    endloop
  endfacet
  facet normal 0.299402 -0.834571 0.462438
    outer loop
      vertex 16.2654 -7.35244 4
      vertex 15.5833 -8.70535 2
      vertex 16.8299 -8.25814 2
    endloop
  endfacet
  facet normal 0.299402 -0.834571 0.462438
    outer loop
      vertex 17.0855 -7.72315 2.8
      vertex 16.2654 -7.35244 4
      vertex 16.8299 -8.25814 2
    endloop
  endfacet
  facet normal 0.902281 -0.431149 0
    outer loop
      vertex 17.0855 -7.72315 2.8
      vertex 16.8299 -8.25814 2
      vertex 17.0855 -7.72315 2
    endloop
  endfacet
  facet normal 0.919766 -0.392467 0
    outer loop
      vertex 17.0855 -7.72315 2.8
      vertex 17.0855 -7.72315 2
      vertex 17.3182 -7.17779 2
    endloop
  endfacet
  facet normal 0.838786 -0.357913 -0.410288
    outer loop
      vertex 17.0855 -7.72315 2
      vertex 16.8561 -7.25446 1.12202
      vertex 17.3182 -7.17779 2
    endloop
  endfacet
  facet normal 0.824297 0.326628 0.462438
    outer loop
      vertex 16.8304 -5.94654 2
      vertex 16.2654 -7.35244 4
      vertex 17.0855 -7.72315 2.8
    endloop
  endfacet
  facet normal 0.824297 0.326628 0.462438
    outer loop
      vertex 17.3182 -7.17779 2
      vertex 16.8304 -5.94654 2
      vertex 17.0855 -7.72315 2.8
    endloop
  endfacet
  facet normal 0.3691 -0.806174 -0.462438
    outer loop
      vertex 17.4696 -6.80112 4
      vertex 16.2654 -7.35244 4
      vertex 16.8304 -5.94654 2
    endloop
  endfacet
  facet normal 0.3691 -0.806174 -0.462438
    outer loop
      vertex 17.679 -6.24637 3.2
      vertex 17.4696 -6.80112 4
      vertex 16.8304 -5.94654 2
    endloop
  endfacet
  facet normal 0.793627 0.395356 -0.462438
    outer loop
      vertex 17.679 -6.24637 3.2
      vertex 16.8304 -5.94654 2
      vertex 17.274 -4.49781 4
    endloop
  endfacet
  facet normal 0.793627 0.395356 -0.462438
    outer loop
      vertex 17.8646 -5.68324 4
      vertex 17.679 -6.24637 3.2
      vertex 17.274 -4.49781 4
    endloop
  endfacet
  facet normal 0.436138 -0.771968 0.462438
    outer loop
      vertex 17.274 -4.49781 4
      vertex 16.8304 -5.94654 2
      vertex 17.9834 -5.29509 2
    endloop
  endfacet
  facet normal 0.436138 -0.771968 0.462438
    outer loop
      vertex 18.145 -4.72459 2.8
      vertex 17.274 -4.49781 4
      vertex 17.9834 -5.29509 2
    endloop
  endfacet
  facet normal 0.962166 -0.272463 0
    outer loop
      vertex 18.145 -4.72459 2.8
      vertex 17.9834 -5.29509 2
      vertex 18.145 -4.72459 2
    endloop
  endfacet
  facet normal 0.972863 -0.231381 0
    outer loop
      vertex 18.145 -4.72459 2.8
      vertex 18.145 -4.72459 2
      vertex 18.2822 -4.14774 2
    endloop
  endfacet
  facet normal 0.887209 -0.211009 -0.410288
    outer loop
      vertex 18.145 -4.72459 2
      vertex 17.8396 -4.30142 1.12202
      vertex 18.2822 -4.14774 2
    endloop
  endfacet
  facet normal 0.757239 0.461237 0.462438
    outer loop
      vertex 17.5932 -3.01666 2
      vertex 17.274 -4.49781 4
      vertex 18.145 -4.72459 2.8
    endloop
  endfacet
  facet normal 0.757239 0.461237 0.462438
    outer loop
      vertex 18.2822 -4.14774 2
      vertex 17.5932 -3.01666 2
      vertex 18.145 -4.72459 2.8
    endloop
  endfacet
  facet normal 0.500034 -0.7322 -0.462438
    outer loop
      vertex 18.3677 -3.75091 4
      vertex 17.274 -4.49781 4
      vertex 17.5932 -3.01666 2
    endloop
  endfacet
  facet normal 0.500034 -0.7322 -0.462438
    outer loop
      vertex 18.4803 -3.16877 3.2
      vertex 18.3677 -3.75091 4
      vertex 17.5932 -3.01666 2
    endloop
  endfacet
  facet normal 0.715396 0.523793 -0.462438
    outer loop
      vertex 18.4803 -3.16877 3.2
      vertex 17.5932 -3.01666 2
      vertex 17.7857 -1.51379 4
    endloop
  endfacet
  facet normal 0.715396 0.523793 -0.462438
    outer loop
      vertex 18.5681 -2.58236 4
      vertex 18.4803 -3.16877 3.2
      vertex 17.7857 -1.51379 4
    endloop
  endfacet
  facet normal 0.560328 -0.687156 0.462438
    outer loop
      vertex 17.7857 -1.51379 4
      vertex 17.5932 -3.01666 2
      vertex 18.6196 -2.17971 2
    endloop
  endfacet
  facet normal 0.560328 -0.687156 0.462438
    outer loop
      vertex 18.6825 -1.59011 2.8
      vertex 17.7857 -1.51379 4
      vertex 18.6196 -2.17971 2
    endloop
  endfacet
  facet normal 0.994373 -0.105936 0
    outer loop
      vertex 18.6825 -1.59011 2.8
      vertex 18.6196 -2.17971 2
      vertex 18.6825 -1.59011 2
    endloop
  endfacet
  facet normal 0.997973 -0.0636383 0
    outer loop
      vertex 18.6825 -1.59011 2.8
      vertex 18.6825 -1.59011 2
      vertex 18.7202 -0.998378 2
    endloop
  endfacet
  facet normal 0.910108 -0.0580353 -0.410288
    outer loop
      vertex 18.6825 -1.59011 2
      vertex 18.31 -1.22464 1.12202
      vertex 18.7202 -0.998378 2
    endloop
  endfacet
  facet normal 0.668398 0.582576 0.462438
    outer loop
      vertex 17.85 0 2
      vertex 17.7857 -1.51379 4
      vertex 18.6825 -1.59011 2.8
    endloop
  endfacet
  facet normal 0.668398 0.582576 0.462438
    outer loop
      vertex 18.7202 -0.998378 2
      vertex 17.85 0 2
      vertex 18.6825 -1.59011 2.8
    endloop
  endfacet
  facet normal 0.616584 -0.637161 -0.462438
    outer loop
      vertex 18.7374 -0.592802 4
      vertex 17.7857 -1.51379 4
      vertex 17.85 0 2
    endloop
  endfacet
  facet normal 0.616584 -0.637161 -0.462438
    outer loop
      vertex 18.75 0 3.2
      vertex 18.7374 -0.592802 4
      vertex 17.85 0 2
    endloop
  endfacet
  facet normal 0.616584 0.637161 -0.462438
    outer loop
      vertex 17.7857 1.51379 4
      vertex 18.7374 0.592802 4
      vertex 17.85 0 2
    endloop
  endfacet
  facet normal 0.616584 0.637161 -0.462438
    outer loop
      vertex 17.85 0 2
      vertex 18.7374 0.592802 4
      vertex 18.75 0 3.2
    endloop
  endfacet
  facet normal 0.668398 -0.582576 0.462438
    outer loop
      vertex 18.6825 1.59011 2.8
      vertex 17.7857 1.51379 4
      vertex 17.85 0 2
    endloop
  endfacet
  facet normal 0.668398 -0.582576 0.462438
    outer loop
      vertex 18.7202 0.998378 2
      vertex 18.6825 1.59011 2.8
      vertex 17.85 0 2
    endloop
  endfacet
  facet normal 0.997973 0.0636383 0
    outer loop
      vertex 18.7202 0.998378 2
      vertex 18.6825 1.59011 2
      vertex 18.6825 1.59011 2.8
    endloop
  endfacet
  facet normal 0.994373 0.105936 0
    outer loop
      vertex 18.6825 1.59011 2
      vertex 18.6196 2.17971 2
      vertex 18.6825 1.59011 2.8
    endloop
  endfacet
  facet normal 0.906825 0.096609 -0.410288
    outer loop
      vertex 18.6825 1.59011 2
      vertex 18.2535 1.88738 1.12202
      vertex 18.6196 2.17971 2
    endloop
  endfacet
  facet normal 0.560328 0.687156 0.462438
    outer loop
      vertex 17.5932 3.01666 2
      vertex 17.7857 1.51379 4
      vertex 18.6196 2.17971 2
    endloop
  endfacet
  facet normal 0.560328 0.687156 0.462438
    outer loop
      vertex 18.6196 2.17971 2
      vertex 17.7857 1.51379 4
      vertex 18.6825 1.59011 2.8
    endloop
  endfacet
  facet normal 0.757239 -0.461237 0.462438
    outer loop
      vertex 18.145 4.72459 2.8
      vertex 17.274 4.49781 4
      vertex 17.5932 3.01666 2
    endloop
  endfacet
  facet normal 0.757239 -0.461237 0.462438
    outer loop
      vertex 18.2822 4.14774 2
      vertex 18.145 4.72459 2.8
      vertex 17.5932 3.01666 2
    endloop
  endfacet
  facet normal 0.715396 -0.523793 -0.462438
    outer loop
      vertex 17.7857 1.51379 4
      vertex 17.5932 3.01666 2
      vertex 18.4803 3.16877 3.2
    endloop
  endfacet
  facet normal 0.715396 -0.523793 -0.462438
    outer loop
      vertex 18.5681 2.58236 4
      vertex 17.7857 1.51379 4
      vertex 18.4803 3.16877 3.2
    endloop
  endfacet
  facet normal 0.500034 0.7322 -0.462438
    outer loop
      vertex 17.274 4.49781 4
      vertex 18.3677 3.75091 4
      vertex 17.5932 3.01666 2
    endloop
  endfacet
  facet normal 0.500034 0.7322 -0.462438
    outer loop
      vertex 17.5932 3.01666 2
      vertex 18.3677 3.75091 4
      vertex 18.4803 3.16877 3.2
    endloop
  endfacet
  facet normal 0.972863 0.231381 0
    outer loop
      vertex 18.2822 4.14774 2
      vertex 18.145 4.72459 2
      vertex 18.145 4.72459 2.8
    endloop
  endfacet
  facet normal 0.962166 0.272463 0
    outer loop
      vertex 18.145 4.72459 2
      vertex 17.9834 5.29509 2
      vertex 18.145 4.72459 2.8
    endloop
  endfacet
  facet normal 0.877454 0.248474 -0.410288
    outer loop
      vertex 18.145 4.72459 2
      vertex 17.672 4.94509 1.12202
      vertex 17.9834 5.29509 2
    endloop
  endfacet
  facet normal 0.436138 0.771968 0.462438
    outer loop
      vertex 16.8304 5.94654 2
      vertex 17.274 4.49781 4
      vertex 17.9834 5.29509 2
    endloop
  endfacet
  facet normal 0.436138 0.771968 0.462438
    outer loop
      vertex 17.9834 5.29509 2
      vertex 17.274 4.49781 4
      vertex 18.145 4.72459 2.8
    endloop
  endfacet
  facet normal 0.824297 -0.326628 0.462438
    outer loop
      vertex 17.0855 7.72315 2.8
      vertex 16.2654 7.35244 4
      vertex 16.8304 5.94654 2
    endloop
  endfacet
  facet normal 0.824297 -0.326628 0.462438
    outer loop
      vertex 17.3182 7.17779 2
      vertex 17.0855 7.72315 2.8
      vertex 16.8304 5.94654 2
    endloop
  endfacet
  facet normal 0.793627 -0.395356 -0.462438
    outer loop
      vertex 17.274 4.49781 4
      vertex 16.8304 5.94654 2
      vertex 17.679 6.24637 3.2
    endloop
  endfacet
  facet normal 0.793627 -0.395356 -0.462438
    outer loop
      vertex 17.8646 5.68324 4
      vertex 17.274 4.49781 4
      vertex 17.679 6.24637 3.2
    endloop
  endfacet
  facet normal 0.3691 0.806174 -0.462438
    outer loop
      vertex 16.2654 7.35244 4
      vertex 17.4696 6.80112 4
      vertex 16.8304 5.94654 2
    endloop
  endfacet
  facet normal 0.3691 0.806174 -0.462438
    outer loop
      vertex 16.8304 5.94654 2
      vertex 17.4696 6.80112 4
      vertex 17.679 6.24637 3.2
    endloop
  endfacet
  facet normal 0.919766 0.392467 0
    outer loop
      vertex 17.3182 7.17779 2
      vertex 17.0855 7.72315 2
      vertex 17.0855 7.72315 2.8
    endloop
  endfacet
  facet normal 0.902281 0.431149 0
    outer loop
      vertex 17.0855 7.72315 2
      vertex 16.8299 8.25814 2
      vertex 17.0855 7.72315 2.8
    endloop
  endfacet
  facet normal 0.82284 0.393189 -0.410288
    outer loop
      vertex 17.0855 7.72315 2
      vertex 16.5821 7.86055 1.12202
      vertex 16.8299 8.25814 2
    endloop
  endfacet
  facet normal 0.299402 0.834571 0.462438
    outer loop
      vertex 15.5833 8.70535 2
      vertex 16.2654 7.35244 4
      vertex 16.8299 8.25814 2
    endloop
  endfacet
  facet normal 0.299402 0.834571 0.462438
    outer loop
      vertex 16.8299 8.25814 2
      vertex 16.2654 7.35244 4
      vertex 17.0855 7.72315 2.8
    endloop
  endfacet
  facet normal 0.86764 -0.182623 0.462438
    outer loop
      vertex 15.5346 10.4995 2.8
      vertex 14.7889 9.99555 4
      vertex 15.5833 8.70535 2
    endloop
  endfacet
  facet normal 0.86764 -0.182623 0.462438
    outer loop
      vertex 15.8561 10.0013 2
      vertex 15.5346 10.4995 2.8
      vertex 15.5833 8.70535 2
    endloop
  endfacet
  facet normal 0.849027 -0.255546 -0.462438
    outer loop
      vertex 16.2654 7.35244 4
      vertex 15.5833 8.70535 2
      vertex 16.369 9.14428 3.2
    endloop
  endfacet
  facet normal 0.849027 -0.255546 -0.462438
    outer loop
      vertex 16.6471 8.62062 4
      vertex 16.2654 7.35244 4
      vertex 16.369 9.14428 3.2
    endloop
  endfacet
  facet normal 0.227547 0.856956 -0.462438
    outer loop
      vertex 14.7889 9.99555 4
      vertex 16.0689 9.65567 4
      vertex 15.5833 8.70535 2
    endloop
  endfacet
  facet normal 0.227547 0.856956 -0.462438
    outer loop
      vertex 15.5833 8.70535 2
      vertex 16.0689 9.65567 4
      vertex 16.369 9.14428 3.2
    endloop
  endfacet
  facet normal 0.840209 0.542263 0
    outer loop
      vertex 15.8561 10.0013 2
      vertex 15.5346 10.4995 2
      vertex 15.5346 10.4995 2.8
    endloop
  endfacet
  facet normal 0.816437 0.577434 0
    outer loop
      vertex 15.5346 10.4995 2
      vertex 15.1922 10.9836 2
      vertex 15.5346 10.4995 2.8
    endloop
  endfacet
  facet normal 0.744555 0.526595 -0.410288
    outer loop
      vertex 15.5346 10.4995 2
      vertex 15.0151 10.5499 1.12202
      vertex 15.1922 10.9836 2
    endloop
  endfacet
  facet normal 0.154052 0.873166 0.462438
    outer loop
      vertex 13.8879 11.2137 2
      vertex 14.7889 9.99555 4
      vertex 15.1922 10.9836 2
    endloop
  endfacet
  facet normal 0.154052 0.873166 0.462438
    outer loop
      vertex 15.1922 10.9836 2
      vertex 14.7889 9.99555 4
      vertex 15.5346 10.4995 2.8
    endloop
  endfacet
  facet normal 0.886024 -0.0333638 0.462438
    outer loop
      vertex 13.5367 12.9739 2.8
      vertex 12.8869 12.3511 4
      vertex 13.8879 11.2137 2
    endloop
  endfacet
  facet normal 0.886024 -0.0333638 0.462438
    outer loop
      vertex 13.9378 12.5372 2
      vertex 13.5367 12.9739 2.8
      vertex 13.8879 11.2137 2
    endloop
  endfacet
  facet normal 0.880002 -0.108384 -0.462438
    outer loop
      vertex 14.7889 9.99555 4
      vertex 13.8879 11.2137 2
      vertex 14.5882 11.7791 3.2
    endloop
  endfacet
  facet normal 0.880002 -0.108384 -0.462438
    outer loop
      vertex 14.9508 11.31 4
      vertex 14.7889 9.99555 4
      vertex 14.5882 11.7791 3.2
    endloop
  endfacet
  facet normal 0.0794472 0.883085 -0.462438
    outer loop
      vertex 12.8869 12.3511 4
      vertex 14.206 12.2324 4
      vertex 13.8879 11.2137 2
    endloop
  endfacet
  facet normal 0.0794472 0.883085 -0.462438
    outer loop
      vertex 13.8879 11.2137 2
      vertex 14.206 12.2324 4
      vertex 14.5882 11.7791 3.2
    endloop
  endfacet
  facet normal 0.73648 0.676459 0
    outer loop
      vertex 13.9378 12.5372 2
      vertex 13.5367 12.9739 2
      vertex 13.5367 12.9739 2.8
    endloop
  endfacet
  facet normal 0.707107 0.707107 0
    outer loop
      vertex 13.1174 13.3931 2
      vertex 13.5367 12.9739 2.8
      vertex 13.5367 12.9739 2
    endloop
  endfacet
  facet normal 0.00427027 0.886641 0.462438
    outer loop
      vertex 11.793 13.3995 2
      vertex 12.8869 12.3511 4
      vertex 13.1174 13.3931 2
    endloop
  endfacet
  facet normal 0.00427027 0.886641 0.462438
    outer loop
      vertex 13.1174 13.3931 2
      vertex 12.8869 12.3511 4
      vertex 13.5367 12.9739 2.8
    endloop
  endfacet
  facet normal 0.878917 0.116855 0.462438
    outer loop
      vertex 11.1494 15.0749 2.8
      vertex 10.6142 14.3513 4
      vertex 11.793 13.3995 2
    endloop
  endfacet
  facet normal 0.878917 0.116855 0.462438
    outer loop
      vertex 11.6185 14.7123 2
      vertex 11.1494 15.0749 2.8
      vertex 11.793 13.3995 2
    endloop
  endfacet
  facet normal 0.885661 0.0418962 -0.462438
    outer loop
      vertex 12.8869 12.3511 4
      vertex 11.793 13.3995 2
      vertex 12.3877 14.0751 3.2
    endloop
  endfacet
  facet normal 0.885661 0.0418962 -0.462438
    outer loop
      vertex 12.8243 13.674 4
      vertex 12.8869 12.3511 4
      vertex 12.3877 14.0751 3.2
    endloop
  endfacet
  facet normal -0.0709376 0.883809 -0.462438
    outer loop
      vertex 10.6142 14.3513 4
      vertex 11.9343 14.4573 4
      vertex 11.793 13.3995 2
    endloop
  endfacet
  facet normal -0.0709376 0.883809 -0.462438
    outer loop
      vertex 11.793 13.3995 2
      vertex 11.9343 14.4573 4
      vertex 12.3877 14.0751 3.2
    endloop
  endfacet
  facet normal 0.611564 0.791195 0
    outer loop
      vertex 11.6185 14.7123 2
      vertex 11.1494 15.0749 2
      vertex 11.1494 15.0749 2.8
    endloop
  endfacet
  facet normal 0.577434 0.816437 0
    outer loop
      vertex 11.1494 15.0749 2
      vertex 10.6653 15.4173 2
      vertex 11.1494 15.0749 2.8
    endloop
  endfacet
  facet normal 0.526595 0.744555 -0.410288
    outer loop
      vertex 11.1494 15.0749 2
      vertex 10.6429 14.9494 1.12202
      vertex 10.6653 15.4173 2
    endloop
  endfacet
  facet normal -0.145634 0.874609 0.462438
    outer loop
      vertex 9.35888 15.1998 2
      vertex 10.6142 14.3513 4
      vertex 10.6653 15.4173 2
    endloop
  endfacet
  facet normal -0.145634 0.874609 0.462438
    outer loop
      vertex 10.6653 15.4173 2
      vertex 10.6142 14.3513 4
      vertex 11.1494 15.0749 2.8
    endloop
  endfacet
  facet normal 0.846526 0.263712 0.462438
    outer loop
      vertex 8.44132 16.7424 2.8
      vertex 8.03614 15.9387 4
      vertex 9.35888 15.1998 2
    endloop
  endfacet
  facet normal 0.846526 0.263712 0.462438
    outer loop
      vertex 8.96498 16.4642 2
      vertex 8.44132 16.7424 2.8
      vertex 9.35888 15.1998 2
    endloop
  endfacet
  facet normal 0.865841 0.190971 -0.462438
    outer loop
      vertex 10.6142 14.3513 4
      vertex 9.35888 15.1998 2
      vertex 9.83076 15.9662 3.2
    endloop
  endfacet
  facet normal 0.865841 0.190971 -0.462438
    outer loop
      vertex 10.329 15.6446 4
      vertex 10.6142 14.3513 4
      vertex 9.83076 15.9662 3.2
    endloop
  endfacet
  facet normal -0.219282 0.859108 -0.462438
    outer loop
      vertex 8.03614 15.9387 4
      vertex 9.31937 16.2663 4
      vertex 9.35888 15.1998 2
    endloop
  endfacet
  facet normal -0.219282 0.859108 -0.462438
    outer loop
      vertex 9.35888 15.1998 2
      vertex 9.31937 16.2663 4
      vertex 9.83076 15.9662 3.2
    endloop
  endfacet
  facet normal 0.469055 0.883169 0
    outer loop
      vertex 8.44132 16.7424 2
      vertex 8.44132 16.7424 2.8
      vertex 8.96498 16.4642 2
    endloop
  endfacet
  facet normal 0.431149 0.902281 0
    outer loop
      vertex 8.44132 16.7424 2
      vertex 7.90633 16.998 2
      vertex 8.44132 16.7424 2.8
    endloop
  endfacet
  facet normal 0.393189 0.82284 -0.410288
    outer loop
      vertex 7.96331 16.533 1.12202
      vertex 7.90633 16.998 2
      vertex 8.44132 16.7424 2
    endloop
  endfacet
  facet normal -0.291349 0.837417 0.462438
    outer loop
      vertex 6.65549 16.5628 2
      vertex 8.03614 15.9387 4
      vertex 7.90633 16.998 2
    endloop
  endfacet
  facet normal -0.291349 0.837417 0.462438
    outer loop
      vertex 7.90633 16.998 2
      vertex 8.03614 15.9387 4
      vertex 8.44132 16.7424 2.8
    endloop
  endfacet
  facet normal 0.789782 0.402982 0.462438
    outer loop
      vertex 5.49043 17.9281 2.8
      vertex 5.22689 17.0676 4
      vertex 6.65549 16.5628 2
    endloop
  endfacet
  facet normal 0.789782 0.402982 0.462438
    outer loop
      vertex 6.05356 17.7425 2
      vertex 5.49043 17.9281 2.8
      vertex 6.65549 16.5628 2
    endloop
  endfacet
  facet normal 0.821112 0.334552 -0.462438
    outer loop
      vertex 8.03614 15.9387 4
      vertex 6.65549 16.5628 2
      vertex 6.99106 17.3979 3.2
    endloop
  endfacet
  facet normal 0.821112 0.334552 -0.462438
    outer loop
      vertex 7.53642 17.1652 4
      vertex 8.03614 15.9387 4
      vertex 6.99106 17.3979 3.2
    endloop
  endfacet
  facet normal -0.361318 0.809692 -0.462438
    outer loop
      vertex 5.22689 17.0676 4
      vertex 6.43631 17.6073 4
      vertex 6.65549 16.5628 2
    endloop
  endfacet
  facet normal -0.361318 0.809692 -0.462438
    outer loop
      vertex 6.65549 16.5628 2
      vertex 6.43631 17.6073 4
      vertex 6.99106 17.3979 3.2
    endloop
  endfacet
  facet normal 0.313052 0.949736 0
    outer loop
      vertex 5.49043 17.9281 2
      vertex 5.49043 17.9281 2.8
      vertex 6.05356 17.7425 2
    endloop
  endfacet
  facet normal 0.272463 0.962166 0
    outer loop
      vertex 5.49043 17.9281 2
      vertex 4.91992 18.0897 2
      vertex 5.49043 17.9281 2.8
    endloop
  endfacet
  facet normal 0.248474 0.877453 -0.410288
    outer loop
      vertex 5.05468 17.641 1.12202
      vertex 4.91992 18.0897 2
      vertex 5.49043 17.9281 2
    endloop
  endfacet
  facet normal -0.428682 0.776133 0.462438
    outer loop
      vertex 3.76062 17.4494 2
      vertex 5.22689 17.0676 4
      vertex 4.91992 18.0897 2
    endloop
  endfacet
  facet normal -0.428682 0.776133 0.462438
    outer loop
      vertex 4.91992 18.0897 2
      vertex 5.22689 17.0676 4
      vertex 5.49043 17.9281 2.8
    endloop
  endfacet
  facet normal 0.710318 0.530659 0.462438
    outer loop
      vertex 2.38158 18.5981 2.8
      vertex 2.26727 17.7054 4
      vertex 3.76062 17.4494 2
    endloop
  endfacet
  facet normal 0.710318 0.530659 0.462438
    outer loop
      vertex 2.96799 18.5104 2
      vertex 2.38158 18.5981 2.8
      vertex 3.76062 17.4494 2
    endloop
  endfacet
  facet normal 0.752762 0.468508 -0.462438
    outer loop
      vertex 5.22689 17.0676 4
      vertex 3.76062 17.4494 2
      vertex 3.95024 18.3292 3.2
    endloop
  endfacet
  facet normal 0.752762 0.468508 -0.462438
    outer loop
      vertex 4.52708 18.192 4
      vertex 5.22689 17.0676 4
      vertex 3.95024 18.3292 3.2
    endloop
  endfacet
  facet normal -0.492959 0.736982 -0.462438
    outer loop
      vertex 2.26727 17.7054 4
      vertex 3.36809 18.4417 4
      vertex 3.76062 17.4494 2
    endloop
  endfacet
  facet normal -0.492959 0.736982 -0.462438
    outer loop
      vertex 3.76062 17.4494 2
      vertex 3.36809 18.4417 4
      vertex 3.95024 18.3292 3.2
    endloop
  endfacet
  facet normal 0.148043 0.988981 0
    outer loop
      vertex 2.38158 18.5981 2
      vertex 2.38158 18.5981 2.8
      vertex 2.96799 18.5104 2
    endloop
  endfacet
  facet normal 0.105936 0.994373 0
    outer loop
      vertex 2.38158 18.5981 2
      vertex 1.79199 18.6609 2
      vertex 2.38158 18.5981 2.8
    endloop
  endfacet
  facet normal 0.096609 0.906824 -0.410288
    outer loop
      vertex 2.00063 18.2415 1.12202
      vertex 1.79199 18.6609 2
      vertex 2.38158 18.5981 2
    endloop
  endfacet
  facet normal -0.553683 0.692521 0.462438
    outer loop
      vertex 0.757575 17.8339 2
      vertex 2.26727 17.7054 4
      vertex 1.79199 18.6609 2
    endloop
  endfacet
  facet normal -0.553683 0.692521 0.462438
    outer loop
      vertex 1.79199 18.6609 2
      vertex 2.26727 17.7054 4
      vertex 2.38158 18.5981 2.8
    endloop
  endfacet
  facet normal 0.610419 0.643071 0.462438
    outer loop
      vertex -0.795772 18.7331 2.8
      vertex -0.757575 17.8339 4
      vertex -0.202971 18.7457 2
    endloop
  endfacet
  facet normal 0.610419 0.643071 0.462438
    outer loop
      vertex -0.202971 18.7457 2
      vertex -0.757575 17.8339 4
      vertex 0.757575 17.8339 2
    endloop
  endfacet
  facet normal 0.662756 0.588987 -0.462438
    outer loop
      vertex 2.26727 17.7054 4
      vertex 0.757575 17.8339 2
      vertex 0.795772 18.7331 3.2
    endloop
  endfacet
  facet normal 0.662756 0.588987 -0.462438
    outer loop
      vertex 1.38751 18.6954 4
      vertex 2.26727 17.7054 4
      vertex 0.795773 18.7331 3.2
    endloop
  endfacet
  facet normal 0.662756 0.588987 -0.462438
    outer loop
      vertex 0.795773 18.7331 3.2
      vertex 2.26727 17.7054 4
      vertex 0.795772 18.7331 3.2
    endloop
  endfacet
  facet normal -0.610419 0.643071 -0.462438
    outer loop
      vertex -0.757575 17.8339 4
      vertex 0.202971 18.7457 4
      vertex 0.757575 17.8339 2
    endloop
  endfacet
  facet normal -0.610419 0.643071 -0.462438
    outer loop
      vertex 0.757575 17.8339 2
      vertex 0.202971 18.7457 4
      vertex 0.795772 18.7331 3.2
    endloop
  endfacet
  facet normal -0.0212249 0.999775 0
    outer loop
      vertex -0.795773 18.7331 2
      vertex -0.795773 18.7331 2.8
      vertex -0.202971 18.7457 2
    endloop
  endfacet
  facet normal -0.0212249 0.999775 0
    outer loop
      vertex -0.202971 18.7457 2
      vertex -0.795773 18.7331 2.8
      vertex -0.795772 18.7331 2.8
    endloop
  endfacet
  facet normal -0.0636383 0.997973 0
    outer loop
      vertex -0.795773 18.7331 2
      vertex -1.38751 18.6954 2
      vertex -0.795773 18.7331 2.8
    endloop
  endfacet
  facet normal -0.0580353 0.910108 -0.410288
    outer loop
      vertex -1.11097 18.3172 1.12202
      vertex -1.38751 18.6954 2
      vertex -0.795773 18.7331 2
    endloop
  endfacet
  facet normal -0.662756 0.588987 0.462438
    outer loop
      vertex -2.26727 17.7054 2
      vertex -0.757575 17.8339 4
      vertex -1.38751 18.6954 2
    endloop
  endfacet
  facet normal -0.662756 0.588987 0.462438
    outer loop
      vertex -1.38751 18.6954 2
      vertex -0.757575 17.8339 4
      vertex -0.795772 18.7331 2.8
    endloop
  endfacet
  facet normal -0.662756 0.588987 0.462438
    outer loop
      vertex -1.38751 18.6954 2
      vertex -0.795772 18.7331 2.8
      vertex -0.795773 18.7331 2.8
    endloop
  endfacet
  facet normal 0.492959 0.736982 0.462438
    outer loop
      vertex -3.95024 18.3292 2.8
      vertex -3.76062 17.4494 4
      vertex -2.26727 17.7054 2
    endloop
  endfacet
  facet normal 0.492959 0.736982 0.462438
    outer loop
      vertex -3.95024 18.3292 2.8
      vertex -2.26727 17.7054 2
      vertex -3.36809 18.4417 2
    endloop
  endfacet
  facet normal 0.553683 0.692521 -0.462438
    outer loop
      vertex -2.26727 17.7054 2
      vertex -2.38158 18.5981 3.2
      vertex -1.79199 18.6609 4
    endloop
  endfacet
  facet normal 0.553683 0.692521 -0.462438
    outer loop
      vertex -2.26727 17.7054 2
      vertex -1.79199 18.6609 4
      vertex -0.757575 17.8339 4
    endloop
  endfacet
  facet normal -0.710318 0.530659 -0.462438
    outer loop
      vertex -3.76062 17.4494 4
      vertex -2.96799 18.5104 4
      vertex -2.26727 17.7054 2
    endloop
  endfacet
  facet normal -0.710318 0.530659 -0.462438
    outer loop
      vertex -2.26727 17.7054 2
      vertex -2.96799 18.5104 4
      vertex -2.38158 18.5981 3.2
    endloop
  endfacet
  facet normal -0.189882 0.981807 0
    outer loop
      vertex -3.36809 18.4417 2
      vertex -3.95024 18.3292 2
      vertex -3.95024 18.3292 2.8
    endloop
  endfacet
  facet normal -0.231381 0.972863 0
    outer loop
      vertex -4.52708 18.192 2
      vertex -3.95024 18.3292 2.8
      vertex -3.95024 18.3292 2
    endloop
  endfacet
  facet normal -0.211009 0.887209 -0.410288
    outer loop
      vertex -4.19061 17.866 1.12202
      vertex -4.52708 18.192 2
      vertex -3.95024 18.3292 2
    endloop
  endfacet
  facet normal -0.752762 0.468508 0.462438
    outer loop
      vertex -5.22689 17.0676 2
      vertex -3.76062 17.4494 4
      vertex -4.52708 18.192 2
    endloop
  endfacet
  facet normal -0.752762 0.468508 0.462438
    outer loop
      vertex -4.52708 18.192 2
      vertex -3.76062 17.4494 4
      vertex -3.95024 18.3292 2.8
    endloop
  endfacet
  facet normal 0.361318 0.809692 0.462438
    outer loop
      vertex -6.99106 17.3979 2.8
      vertex -6.65549 16.5628 4
      vertex -6.43631 17.6073 2
    endloop
  endfacet
  facet normal 0.361318 0.809692 0.462438
    outer loop
      vertex -6.43631 17.6073 2
      vertex -6.65549 16.5628 4
      vertex -5.22689 17.0676 2
    endloop
  endfacet
  facet normal 0.428682 0.776133 -0.462438
    outer loop
      vertex -5.22689 17.0676 2
      vertex -5.49043 17.9281 3.2
      vertex -4.91992 18.0897 4
    endloop
  endfacet
  facet normal 0.428682 0.776133 -0.462438
    outer loop
      vertex -5.22689 17.0676 2
      vertex -4.91992 18.0897 4
      vertex -3.76062 17.4494 4
    endloop
  endfacet
  facet normal -0.789782 0.402982 -0.462438
    outer loop
      vertex -6.65549 16.5628 4
      vertex -6.05356 17.7425 4
      vertex -5.22689 17.0676 2
    endloop
  endfacet
  facet normal -0.789782 0.402982 -0.462438
    outer loop
      vertex -5.22689 17.0676 2
      vertex -6.05356 17.7425 4
      vertex -5.49043 17.9281 3.2
    endloop
  endfacet
  facet normal -0.353078 0.935594 0
    outer loop
      vertex -6.99106 17.3979 2
      vertex -6.99106 17.3979 2.8
      vertex -6.43631 17.6073 2
    endloop
  endfacet
  facet normal -0.392467 0.919766 0
    outer loop
      vertex -6.99106 17.3979 2
      vertex -7.53642 17.1652 2
      vertex -6.99106 17.3979 2.8
    endloop
  endfacet
  facet normal -0.357913 0.838786 -0.410288
    outer loop
      vertex -7.1497 16.9008 1.12202
      vertex -7.53642 17.1652 2
      vertex -6.99106 17.3979 2
    endloop
  endfacet
  facet normal -0.821112 0.334552 0.462438
    outer loop
      vertex -8.03614 15.9387 2
      vertex -6.65549 16.5628 4
      vertex -7.53642 17.1652 2
    endloop
  endfacet
  facet normal -0.821112 0.334552 0.462438
    outer loop
      vertex -7.53642 17.1652 2
      vertex -6.65549 16.5628 4
      vertex -6.99106 17.3979 2.8
    endloop
  endfacet
  facet normal 0.219282 0.859108 0.462438
    outer loop
      vertex -9.83076 15.9662 2.8
      vertex -9.35888 15.1998 4
      vertex -9.31937 16.2663 2
    endloop
  endfacet
  facet normal 0.219282 0.859108 0.462438
    outer loop
      vertex -9.31937 16.2663 2
      vertex -9.35888 15.1998 4
      vertex -8.03614 15.9387 2
    endloop
  endfacet
  facet normal 0.291349 0.837417 -0.462438
    outer loop
      vertex -8.03614 15.9387 2
      vertex -8.44132 16.7424 3.2
      vertex -7.90633 16.998 4
    endloop
  endfacet
  facet normal 0.291349 0.837417 -0.462438
    outer loop
      vertex -8.03614 15.9387 2
      vertex -7.90633 16.998 4
      vertex -6.65549 16.5628 4
    endloop
  endfacet
  facet normal -0.846526 0.263712 -0.462438
    outer loop
      vertex -9.35888 15.1998 4
      vertex -8.96498 16.4642 4
      vertex -8.03614 15.9387 2
    endloop
  endfacet
  facet normal -0.846526 0.263712 -0.462438
    outer loop
      vertex -8.03614 15.9387 2
      vertex -8.96498 16.4642 4
      vertex -8.44132 16.7424 3.2
    endloop
  endfacet
  facet normal -0.506115 0.862466 0
    outer loop
      vertex -9.83076 15.9662 2
      vertex -9.83076 15.9662 2.8
      vertex -9.31937 16.2663 2
    endloop
  endfacet
  facet normal -0.542263 0.840209 0
    outer loop
      vertex -9.83076 15.9662 2
      vertex -10.329 15.6446 2
      vertex -9.83076 15.9662 2.8
    endloop
  endfacet
  facet normal -0.49452 0.766233 -0.410288
    outer loop
      vertex -9.9031 15.4494 1.12202
      vertex -10.329 15.6446 2
      vertex -9.83076 15.9662 2
    endloop
  endfacet
  facet normal -0.865841 0.190971 0.462438
    outer loop
      vertex -10.6142 14.3513 2
      vertex -9.35888 15.1998 4
      vertex -10.329 15.6446 2
    endloop
  endfacet
  facet normal -0.865841 0.190971 0.462438
    outer loop
      vertex -10.329 15.6446 2
      vertex -9.35888 15.1998 4
      vertex -9.83076 15.9662 2.8
    endloop
  endfacet
  facet normal 0.0709376 0.883809 0.462438
    outer loop
      vertex -12.3877 14.0751 2.8
      vertex -11.793 13.3995 4
      vertex -10.6142 14.3513 2
    endloop
  endfacet
  facet normal 0.0709376 0.883809 0.462438
    outer loop
      vertex -12.3877 14.0751 2.8
      vertex -10.6142 14.3513 2
      vertex -11.9343 14.4573 2
    endloop
  endfacet
  facet normal 0.145634 0.874609 -0.462438
    outer loop
      vertex -11.1494 15.0749 3.2
      vertex -10.6653 15.4173 4
      vertex -10.6142 14.3513 2
    endloop
  endfacet
  facet normal 0.145634 0.874609 -0.462438
    outer loop
      vertex -10.6142 14.3513 2
      vertex -10.6653 15.4173 4
      vertex -9.35888 15.1998 4
    endloop
  endfacet
  facet normal -0.878917 0.116855 -0.462438
    outer loop
      vertex -11.793 13.3995 4
      vertex -11.6185 14.7123 4
      vertex -10.6142 14.3513 2
    endloop
  endfacet
  facet normal -0.878917 0.116855 -0.462438
    outer loop
      vertex -10.6142 14.3513 2
      vertex -11.6185 14.7123 4
      vertex -11.1494 15.0749 3.2
    endloop
  endfacet
  facet normal -0.644592 0.764527 0
    outer loop
      vertex -11.9343 14.4573 2
      vertex -12.3877 14.0751 2
      vertex -12.3877 14.0751 2.8
    endloop
  endfacet
  facet normal -0.676459 0.73648 0
    outer loop
      vertex -12.8243 13.674 2
      vertex -12.3877 14.0751 2.8
      vertex -12.3877 14.0751 2
    endloop
  endfacet
  facet normal -0.616901 0.671638 -0.410288
    outer loop
      vertex -12.3716 13.5535 1.12202
      vertex -12.8243 13.674 2
      vertex -12.3877 14.0751 2
    endloop
  endfacet
  facet normal -0.885661 0.0418962 0.462438
    outer loop
      vertex -12.8869 12.3511 2
      vertex -11.793 13.3995 4
      vertex -12.8243 13.674 2
    endloop
  endfacet
  facet normal -0.885661 0.0418962 0.462438
    outer loop
      vertex -12.8243 13.674 2
      vertex -11.793 13.3995 4
      vertex -12.3877 14.0751 2.8
    endloop
  endfacet
  facet normal -0.0794472 0.883085 0.462438
    outer loop
      vertex -14.5882 11.7791 2.8
      vertex -13.8879 11.2137 4
      vertex -12.8869 12.3511 2
    endloop
  endfacet
  facet normal -0.0794472 0.883085 0.462438
    outer loop
      vertex -14.5882 11.7791 2.8
      vertex -12.8869 12.3511 2
      vertex -14.206 12.2324 2
    endloop
  endfacet
  facet normal -0.00427027 0.886641 -0.462438
    outer loop
      vertex -13.5367 12.9739 3.2
      vertex -13.1174 13.3931 4
      vertex -12.8869 12.3511 2
    endloop
  endfacet
  facet normal -0.00427027 0.886641 -0.462438
    outer loop
      vertex -12.8869 12.3511 2
      vertex -13.1174 13.3931 4
      vertex -11.793 13.3995 4
    endloop
  endfacet
  facet normal -0.886024 -0.0333638 -0.462438
    outer loop
      vertex -13.9378 12.5372 4
      vertex -13.5367 12.9739 3.2
      vertex -13.8879 11.2137 4
    endloop
  endfacet
  facet normal -0.886024 -0.0333638 -0.462438
    outer loop
      vertex -13.8879 11.2137 4
      vertex -13.5367 12.9739 3.2
      vertex -12.8869 12.3511 2
    endloop
  endfacet
  facet normal -0.764527 0.644592 0
    outer loop
      vertex -14.206 12.2324 2
      vertex -14.5882 11.7791 2
      vertex -14.5882 11.7791 2.8
    endloop
  endfacet
  facet normal -0.791195 0.611564 0
    outer loop
      vertex -14.9508 11.31 2
      vertex -14.5882 11.7791 2.8
      vertex -14.5882 11.7791 2
    endloop
  endfacet
  facet normal -0.721535 0.55772 -0.410288
    outer loop
      vertex -14.4842 11.2677 1.12202
      vertex -14.9508 11.31 2
      vertex -14.5882 11.7791 2
    endloop
  endfacet
  facet normal -0.227547 0.856956 0.462438
    outer loop
      vertex -16.369 9.14428 2.8
      vertex -15.5833 8.70535 4
      vertex -16.0689 9.65567 2
    endloop
  endfacet
  facet normal -0.227547 0.856956 0.462438
    outer loop
      vertex -16.0689 9.65567 2
      vertex -15.5833 8.70535 4
      vertex -14.7889 9.99555 2
    endloop
  endfacet
  facet normal -0.880002 -0.108384 0.462438
    outer loop
      vertex -14.9508 11.31 2
      vertex -14.7889 9.99555 2
      vertex -14.5882 11.7791 2.8
    endloop
  endfacet
  facet normal -0.880002 -0.108384 0.462438
    outer loop
      vertex -14.5882 11.7791 2.8
      vertex -14.7889 9.99555 2
      vertex -13.8879 11.2137 4
    endloop
  endfacet
  facet normal -0.154052 0.873166 -0.462438
    outer loop
      vertex -15.5346 10.4995 3.2
      vertex -15.1922 10.9836 4
      vertex -14.7889 9.99555 2
    endloop
  endfacet
  facet normal -0.154052 0.873166 -0.462438
    outer loop
      vertex -14.7889 9.99555 2
      vertex -15.1922 10.9836 4
      vertex -13.8879 11.2137 4
    endloop
  endfacet
  facet normal -0.86764 -0.182623 -0.462438
    outer loop
      vertex -15.8561 10.0013 4
      vertex -15.5346 10.4995 3.2
      vertex -15.5833 8.70535 4
    endloop
  endfacet
  facet normal -0.86764 -0.182623 -0.462438
    outer loop
      vertex -15.5833 8.70535 4
      vertex -15.5346 10.4995 3.2
      vertex -14.7889 9.99555 2
    endloop
  endfacet
  facet normal -0.862466 0.506115 0
    outer loop
      vertex -16.369 9.14428 2
      vertex -16.369 9.14428 2.8
      vertex -16.0689 9.65567 2
    endloop
  endfacet
  facet normal -0.883169 0.469055 0
    outer loop
      vertex -16.369 9.14428 2
      vertex -16.6471 8.62062 2
      vertex -16.369 9.14428 2.8
    endloop
  endfacet
  facet normal -0.805411 0.427757 -0.410288
    outer loop
      vertex -16.1801 8.65782 1.12202
      vertex -16.6471 8.62062 2
      vertex -16.369 9.14428 2
    endloop
  endfacet
  facet normal -0.3691 0.806174 0.462438
    outer loop
      vertex -17.679 6.24637 2.8
      vertex -16.8304 5.94654 4
      vertex -16.2654 7.35244 2
    endloop
  endfacet
  facet normal -0.3691 0.806174 0.462438
    outer loop
      vertex -17.679 6.24637 2.8
      vertex -16.2654 7.35244 2
      vertex -17.4696 6.80112 2
    endloop
  endfacet
  facet normal -0.849027 -0.255546 0.462438
    outer loop
      vertex -16.6471 8.62062 2
      vertex -16.2654 7.35244 2
      vertex -16.369 9.14428 2.8
    endloop
  endfacet
  facet normal -0.849027 -0.255546 0.462438
    outer loop
      vertex -16.369 9.14428 2.8
      vertex -16.2654 7.35244 2
      vertex -15.5833 8.70535 4
    endloop
  endfacet
  facet normal -0.299402 0.834571 -0.462438
    outer loop
      vertex -17.0855 7.72315 3.2
      vertex -16.8299 8.25814 4
      vertex -16.2654 7.35244 2
    endloop
  endfacet
  facet normal -0.299402 0.834571 -0.462438
    outer loop
      vertex -16.2654 7.35244 2
      vertex -16.8299 8.25814 4
      vertex -15.5833 8.70535 4
    endloop
  endfacet
  facet normal -0.824297 -0.326628 -0.462438
    outer loop
      vertex -17.3182 7.17779 4
      vertex -17.0855 7.72315 3.2
      vertex -16.8304 5.94654 4
    endloop
  endfacet
  facet normal -0.824297 -0.326628 -0.462438
    outer loop
      vertex -16.8304 5.94654 4
      vertex -17.0855 7.72315 3.2
      vertex -16.2654 7.35244 2
    endloop
  endfacet
  facet normal -0.935594 0.353078 0
    outer loop
      vertex -17.4696 6.80112 2
      vertex -17.679 6.24637 2
      vertex -17.679 6.24637 2.8
    endloop
  endfacet
  facet normal -0.949736 0.313052 0
    outer loop
      vertex -17.8646 5.68324 2
      vertex -17.679 6.24637 2.8
      vertex -17.679 6.24637 2
    endloop
  endfacet
  facet normal -0.866118 0.285489 -0.410288
    outer loop
      vertex -17.4106 5.79883 1.12202
      vertex -17.8646 5.68324 2
      vertex -17.679 6.24637 2
    endloop
  endfacet
  facet normal -0.500034 0.7322 0.462438
    outer loop
      vertex -18.4803 3.16877 2.8
      vertex -17.5932 3.01666 4
      vertex -18.3677 3.75091 2
    endloop
  endfacet
  facet normal -0.500034 0.7322 0.462438
    outer loop
      vertex -18.3677 3.75091 2
      vertex -17.5932 3.01666 4
      vertex -17.274 4.49781 2
    endloop
  endfacet
  facet normal -0.793627 -0.395356 0.462438
    outer loop
      vertex -17.8646 5.68324 2
      vertex -17.274 4.49781 2
      vertex -17.679 6.24637 2.8
    endloop
  endfacet
  facet normal -0.793627 -0.395356 0.462438
    outer loop
      vertex -17.679 6.24637 2.8
      vertex -17.274 4.49781 2
      vertex -16.8304 5.94654 4
    endloop
  endfacet
  facet normal -0.436138 0.771968 -0.462438
    outer loop
      vertex -17.274 4.49781 2
      vertex -18.145 4.72459 3.2
      vertex -17.9834 5.29509 4
    endloop
  endfacet
  facet normal -0.436138 0.771968 -0.462438
    outer loop
      vertex -17.274 4.49781 2
      vertex -17.9834 5.29509 4
      vertex -16.8304 5.94654 4
    endloop
  endfacet
  facet normal -0.757239 -0.461237 -0.462438
    outer loop
      vertex -18.2822 4.14774 4
      vertex -18.145 4.72459 3.2
      vertex -17.5932 3.01666 4
    endloop
  endfacet
  facet normal -0.757239 -0.461237 -0.462438
    outer loop
      vertex -17.5932 3.01666 4
      vertex -18.145 4.72459 3.2
      vertex -17.274 4.49781 2
    endloop
  endfacet
  facet normal -0.981807 0.189882 0
    outer loop
      vertex -18.4803 3.16877 2
      vertex -18.4803 3.16877 2.8
      vertex -18.3677 3.75091 2
    endloop
  endfacet
  facet normal -0.988981 0.148043 0
    outer loop
      vertex -18.4803 3.16877 2
      vertex -18.5681 2.58236 2
      vertex -18.4803 3.16877 2.8
    endloop
  endfacet
  facet normal -0.901907 0.135009 -0.410288
    outer loop
      vertex -18.1401 2.77302 1.12202
      vertex -18.5681 2.58236 2
      vertex -18.4803 3.16877 2
    endloop
  endfacet
  facet normal 0 0 -1
    outer loop
      vertex -0.988854 3.04338 6
      vertex -0.334491 3.18247 6
      vertex -1.5 2.8158 6
    endloop
  endfacet
  facet normal 0 0 -1
    outer loop
      vertex -1.5 2.8158 6
      vertex -0.334491 3.18247 6
      vertex 0.334491 3.18247 6
    endloop
  endfacet
  facet normal 0 0 -1
    outer loop
      vertex -1.5 2.8158 6
      vertex 0.334491 3.18247 6
      vertex 0.988854 3.04338 6
    endloop
  endfacet
  facet normal 0 0 -1
    outer loop
      vertex -1.5 2.8158 6
      vertex 0.988854 3.04338 6
      vertex 1.6 2.77128 6
    endloop
  endfacet
  facet normal 0 0 -1
    outer loop
      vertex -1.5 2.8158 6
      vertex 1.6 2.77128 6
      vertex 2.14122 2.37806 6
    endloop
  endfacet
  facet normal 0 0 -1
    outer loop
      vertex -1.5 2.8158 6
      vertex 2.14122 2.37806 6
      vertex 2.58885 1.88091 6
    endloop
  endfacet
  facet normal 0 0 -1
    outer loop
      vertex -1.5 2.8158 6
      vertex 2.58885 1.88091 6
      vertex 2.92334 1.30156 6
    endloop
  endfacet
  facet normal 0 0 -1
    outer loop
      vertex -1.5 2.8158 6
      vertex 2.92334 1.30156 6
      vertex 3.13007 0.665317 6
    endloop
  endfacet
  facet normal 0 0 -1
    outer loop
      vertex -1.5 2.8158 6
      vertex 3.13007 0.665317 6
      vertex 3.2 0 6
    endloop
  endfacet
  facet normal 0 0 -1
    outer loop
      vertex -1.5 2.8158 6
      vertex 3.2 0 6
      vertex 3.13007 -0.665317 6
    endloop
  endfacet
  facet normal 0 0 -1
    outer loop
      vertex -1.5 2.8158 6
      vertex 3.13007 -0.665317 6
      vertex 2.92334 -1.30156 6
    endloop
  endfacet
  facet normal 0 0 -1
    outer loop
      vertex -1.5 2.8158 6
      vertex 2.92334 -1.30156 6
      vertex 2.58885 -1.88091 6
    endloop
  endfacet
  facet normal 0 0 -1
    outer loop
      vertex -1.5 2.8158 6
      vertex 2.58885 -1.88091 6
      vertex 2.14122 -2.37806 6
    endloop
  endfacet
  facet normal 0 0 -1
    outer loop
      vertex -1.5 2.8158 6
      vertex 2.14122 -2.37806 6
      vertex 1.6 -2.77128 6
    endloop
  endfacet
  facet normal 0 0 -1
    outer loop
      vertex -1.5 2.8158 6
      vertex 1.6 -2.77128 6
      vertex 0.988854 -3.04338 6
    endloop
  endfacet
  facet normal 0 0 -1
    outer loop
      vertex -1.5 2.8158 6
      vertex 0.988854 -3.04338 6
      vertex 0.334491 -3.18247 6
    endloop
  endfacet
  facet normal 0 0 -1
    outer loop
      vertex -1.5 2.8158 6
      vertex 0.334491 -3.18247 6
      vertex -0.334491 -3.18247 6
    endloop
  endfacet
  facet normal 0 0 -1
    outer loop
      vertex -1.5 2.8158 6
      vertex -0.334491 -3.18247 6
      vertex -0.988854 -3.04338 6
    endloop
  endfacet
  facet normal 0 0 -1
    outer loop
      vertex -1.5 2.8158 6
      vertex -0.988854 -3.04338 6
      vertex -1.5 -2.8158 6
    endloop
  endfacet
  facet normal -0.560328 0.687156 0.462438
    outer loop
      vertex -18.6825 1.59011 4.8
      vertex -17.7857 1.51379 6
      vertex -18.6196 2.17971 4
    endloop
  endfacet
  facet normal -0.560328 0.687156 0.462438
    outer loop
      vertex -18.6196 2.17971 4
      vertex -17.7857 1.51379 6
      vertex -17.5932 3.01666 4
    endloop
  endfacet
  facet normal -0.757239 -0.461237 0.462438
    outer loop
      vertex -18.2822 4.14774 4
      vertex -17.5932 3.01666 4
      vertex -18.145 4.72459 4.8
    endloop
  endfacet
  facet normal -0.757239 -0.461237 0.462438
    outer loop
      vertex -18.145 4.72459 4.8
      vertex -17.5932 3.01666 4
      vertex -17.274 4.49781 6
    endloop
  endfacet
  facet normal -0.500034 0.7322 -0.462438
    outer loop
      vertex -18.4803 3.16877 5.2
      vertex -18.3677 3.75091 6
      vertex -17.5932 3.01666 4
    endloop
  endfacet
  facet normal -0.500034 0.7322 -0.462438
    outer loop
      vertex -17.5932 3.01666 4
      vertex -18.3677 3.75091 6
      vertex -17.274 4.49781 6
    endloop
  endfacet
  facet normal -0.715396 -0.523793 -0.462438
    outer loop
      vertex -18.5681 2.58236 6
      vertex -18.4803 3.16877 5.2
      vertex -17.7857 1.51379 6
    endloop
  endfacet
  facet normal -0.715396 -0.523793 -0.462438
    outer loop
      vertex -17.7857 1.51379 6
      vertex -18.4803 3.16877 5.2
      vertex -17.5932 3.01666 4
    endloop
  endfacet
  facet normal -0.994373 0.105936 0
    outer loop
      vertex -18.6825 1.59011 3.2
      vertex -18.6825 1.59011 4.8
      vertex -18.6196 2.17971 4
    endloop
  endfacet
  facet normal -0.997973 0.0636383 0
    outer loop
      vertex -18.6825 1.59011 3.2
      vertex -18.7202 0.998378 4
      vertex -18.6825 1.59011 4.8
    endloop
  endfacet
  facet normal -0.715396 0.523793 0.462438
    outer loop
      vertex -18.5681 -2.58236 6
      vertex -18.1401 -2.77302 6.87798
      vertex -17.7857 -1.51379 6
    endloop
  endfacet
  facet normal -0.715396 0.523793 0.462438
    outer loop
      vertex -17.7857 -1.51379 6
      vertex -18.1401 -2.77302 6.87798
      vertex -17.5932 -3.01666 8
    endloop
  endfacet
  facet normal -0.616584 -0.637161 0.462438
    outer loop
      vertex -17.85 0 8
      vertex -18.7374 -0.592802 6
      vertex -17.7857 -1.51379 6
    endloop
  endfacet
  facet normal -0.668398 0.582576 -0.462438
    outer loop
      vertex -17.7857 -1.51379 6
      vertex -18.3462 -1.56149 6.75
      vertex -18.2149 -1.13134 7.10211
    endloop
  endfacet
  facet normal -0.668398 0.582576 -0.462438
    outer loop
      vertex -17.7857 -1.51379 6
      vertex -18.2149 -1.13134 7.10211
      vertex -18.1043 -0.76906 7.39867
    endloop
  endfacet
  facet normal -0.668398 0.582576 -0.462438
    outer loop
      vertex -17.7857 -1.51379 6
      vertex -18.1043 -0.76906 7.39867
      vertex -17.85 0 8
    endloop
  endfacet
  facet normal -0.560328 -0.687156 -0.462438
    outer loop
      vertex -18.1659 -1.91988 7.06409
      vertex -18.3462 -1.56149 6.75
      vertex -17.7857 -1.51379 6
    endloop
  endfacet
  facet normal -0.560328 -0.687156 -0.462438
    outer loop
      vertex -17.8825 -2.47326 7.543
      vertex -18.1659 -1.91988 7.06409
      vertex -17.5932 -3.01666 8
    endloop
  endfacet
  facet normal -0.560328 -0.687156 -0.462438
    outer loop
      vertex -17.5932 -3.01666 8
      vertex -18.1659 -1.91988 7.06409
      vertex -17.7857 -1.51379 6
    endloop
  endfacet
  facet normal -0.560328 -0.687156 -0.462438
    outer loop
      vertex -17.9738 -2.30164 7.39867
      vertex -18.1659 -1.91988 7.06409
      vertex -17.8825 -2.47326 7.543
    endloop
  endfacet
  facet normal -0.616584 0.637161 0.462438
    outer loop
      vertex -18.7374 0.592802 6
      vertex -18.3478 0.332568 6.87798
      vertex -17.7857 1.51379 6
    endloop
  endfacet
  facet normal -0.616584 0.637161 0.462438
    outer loop
      vertex -17.7857 1.51379 6
      vertex -18.3478 0.332568 6.87798
      vertex -17.85 0 8
    endloop
  endfacet
  facet normal -0.715396 -0.523793 0.462438
    outer loop
      vertex -17.5932 3.01666 8
      vertex -18.5681 2.58236 6
      vertex -17.7857 1.51379 6
    endloop
  endfacet
  facet normal -0.560328 0.687156 -0.462438
    outer loop
      vertex -18.3462 1.56149 6.75
      vertex -18.1441 1.96326 7.10211
      vertex -17.7857 1.51379 6
    endloop
  endfacet
  facet normal -0.560328 0.687156 -0.462438
    outer loop
      vertex -17.7857 1.51379 6
      vertex -18.1441 1.96326 7.10211
      vertex -17.9738 2.30164 7.39867
    endloop
  endfacet
  facet normal -0.560328 0.687156 -0.462438
    outer loop
      vertex -17.7857 1.51379 6
      vertex -17.9738 2.30164 7.39867
      vertex -17.5932 3.01666 8
    endloop
  endfacet
  facet normal -0.668398 -0.582576 -0.462438
    outer loop
      vertex -18.3462 1.56149 6.75
      vertex -17.7857 1.51379 6
      vertex -17.85 0 8
    endloop
  endfacet
  facet normal -0.668398 -0.582576 -0.462438
    outer loop
      vertex -18.3462 1.56149 6.75
      vertex -17.85 0 8
      vertex -18.0432 0.584469 7.543
    endloop
  endfacet
  facet normal -0.668398 -0.582576 -0.462438
    outer loop
      vertex -18.229 1.17779 7.06409
      vertex -18.0432 0.584469 7.543
      vertex -18.1043 0.76906 7.39867
    endloop
  endfacet
  facet normal -0.668398 -0.582576 -0.462438
    outer loop
      vertex -18.3462 1.56149 6.75
      vertex -18.0432 0.584469 7.543
      vertex -18.229 1.17779 7.06409
    endloop
  endfacet
  facet normal -0.911751 0.0193562 0.410288
    outer loop
      vertex -18.7374 0.592802 6
      vertex -18.75 0 6
      vertex -18.3478 0.332568 6.87798
    endloop
  endfacet
  facet normal -0.999775 0.0212249 0
    outer loop
      vertex -18.7374 0.592802 6
      vertex -18.75 0 5.2
      vertex -18.75 0 6
    endloop
  endfacet
  facet normal -0.999775 -0.0212249 0
    outer loop
      vertex -18.75 0 6
      vertex -18.75 0 5.2
      vertex -18.7374 -0.592802 6
    endloop
  endfacet
  facet normal -0.911751 -0.0193562 0.410288
    outer loop
      vertex -17.85 0 8
      vertex -18.75 0 6
      vertex -18.7374 -0.592802 6
    endloop
  endfacet
  facet normal -0.793627 0.395356 0.462438
    outer loop
      vertex -17.8646 -5.68324 6
      vertex -17.4106 -5.79883 6.87798
      vertex -17.274 -4.49781 6
    endloop
  endfacet
  facet normal -0.793627 0.395356 0.462438
    outer loop
      vertex -17.274 -4.49781 6
      vertex -17.4106 -5.79883 6.87798
      vertex -16.8304 -5.94654 8
    endloop
  endfacet
  facet normal -0.793627 0.395356 -0.462438
    outer loop
      vertex -17.8646 -5.68324 6
      vertex -17.274 -4.49781 6
      vertex -17.679 -6.24637 5.2
    endloop
  endfacet
  facet normal -0.793627 0.395356 -0.462438
    outer loop
      vertex -17.679 -6.24637 5.2
      vertex -17.274 -4.49781 6
      vertex -16.8304 -5.94654 4
    endloop
  endfacet
  facet normal -0.436138 -0.771968 0.462438
    outer loop
      vertex -16.8304 -5.94654 4
      vertex -17.274 -4.49781 6
      vertex -17.9834 -5.29509 4
    endloop
  endfacet
  facet normal -0.436138 -0.771968 0.462438
    outer loop
      vertex -17.9834 -5.29509 4
      vertex -17.274 -4.49781 6
      vertex -18.145 -4.72459 4.8
    endloop
  endfacet
  facet normal -0.500034 -0.7322 0.462438
    outer loop
      vertex -17.5932 -3.01666 8
      vertex -18.3677 -3.75091 6
      vertex -17.274 -4.49781 6
    endloop
  endfacet
  facet normal -0.757239 0.461237 -0.462438
    outer loop
      vertex -17.8184 -4.63955 6.75
      vertex -17.7617 -4.19339 7.10211
      vertex -17.274 -4.49781 6
    endloop
  endfacet
  facet normal -0.757239 0.461237 -0.462438
    outer loop
      vertex -17.274 -4.49781 6
      vertex -17.7617 -4.19339 7.10211
      vertex -17.7139 -3.81763 7.39867
    endloop
  endfacet
  facet normal -0.757239 0.461237 -0.462438
    outer loop
      vertex -17.274 -4.49781 6
      vertex -17.7139 -3.81763 7.39867
      vertex -17.5932 -3.01666 8
    endloop
  endfacet
  facet normal -0.436138 -0.771968 -0.462438
    outer loop
      vertex -17.2073 -5.45984 7.543
      vertex -17.8184 -4.63955 6.75
      vertex -16.8304 -5.94654 8
    endloop
  endfacet
  facet normal -0.436138 -0.771968 -0.462438
    outer loop
      vertex -16.8304 -5.94654 8
      vertex -17.8184 -4.63955 6.75
      vertex -17.274 -4.49781 6
    endloop
  endfacet
  facet normal -0.436138 -0.771968 -0.462438
    outer loop
      vertex -17.5801 -4.96231 7.06409
      vertex -17.8184 -4.63955 6.75
      vertex -17.2073 -5.45984 7.543
    endloop
  endfacet
  facet normal -0.436138 -0.771968 -0.462438
    outer loop
      vertex -17.3263 -5.30612 7.39867
      vertex -17.5801 -4.96231 7.06409
      vertex -17.2073 -5.45984 7.543
    endloop
  endfacet
  facet normal -0.972863 -0.231381 0
    outer loop
      vertex -18.2822 -4.14774 4
      vertex -18.145 -4.72459 3.2
      vertex -18.145 -4.72459 4.8
    endloop
  endfacet
  facet normal -0.988981 -0.148043 0
    outer loop
      vertex -18.4803 -3.16877 6
      vertex -18.5681 -2.58236 6
      vertex -18.4803 -3.16877 5.2
    endloop
  endfacet
  facet normal -0.981807 -0.189882 0
    outer loop
      vertex -18.4803 -3.16877 6
      vertex -18.4803 -3.16877 5.2
      vertex -18.3677 -3.75091 6
    endloop
  endfacet
  facet normal -0.901907 -0.135009 0.410288
    outer loop
      vertex -18.1401 -2.77302 6.87798
      vertex -18.5681 -2.58236 6
      vertex -18.4803 -3.16877 6
    endloop
  endfacet
  facet normal -0.895365 -0.173164 0.410288
    outer loop
      vertex -17.5932 -3.01666 8
      vertex -18.4803 -3.16877 6
      vertex -18.3677 -3.75091 6
    endloop
  endfacet
  facet normal -0.824297 0.326628 0.462438
    outer loop
      vertex -17.3182 -7.17779 4
      vertex -17.0855 -7.72315 4.8
      vertex -16.8304 -5.94654 4
    endloop
  endfacet
  facet normal -0.824297 0.326628 0.462438
    outer loop
      vertex -16.8304 -5.94654 4
      vertex -17.0855 -7.72315 4.8
      vertex -16.2654 -7.35244 6
    endloop
  endfacet
  facet normal -0.3691 -0.806174 -0.462438
    outer loop
      vertex -17.4696 -6.80112 6
      vertex -17.679 -6.24637 5.2
      vertex -16.2654 -7.35244 6
    endloop
  endfacet
  facet normal -0.3691 -0.806174 -0.462438
    outer loop
      vertex -16.2654 -7.35244 6
      vertex -17.679 -6.24637 5.2
      vertex -16.8304 -5.94654 4
    endloop
  endfacet
  facet normal -0.962166 -0.272463 0
    outer loop
      vertex -18.145 -4.72459 4.8
      vertex -18.145 -4.72459 3.2
      vertex -17.9834 -5.29509 4
    endloop
  endfacet
  facet normal -0.86764 0.182623 0.462438
    outer loop
      vertex -15.8561 -10.0013 4
      vertex -15.5346 -10.4995 4.8
      vertex -15.5833 -8.70535 4
    endloop
  endfacet
  facet normal -0.86764 0.182623 0.462438
    outer loop
      vertex -15.5833 -8.70535 4
      vertex -15.5346 -10.4995 4.8
      vertex -14.7889 -9.99555 6
    endloop
  endfacet
  facet normal -0.299402 -0.834571 0.462438
    outer loop
      vertex -16.2654 -7.35244 6
      vertex -17.0855 -7.72315 4.8
      vertex -16.8299 -8.25814 4
    endloop
  endfacet
  facet normal -0.299402 -0.834571 0.462438
    outer loop
      vertex -15.5833 -8.70535 4
      vertex -16.2654 -7.35244 6
      vertex -16.8299 -8.25814 4
    endloop
  endfacet
  facet normal -0.849027 0.255546 -0.462438
    outer loop
      vertex -16.6471 -8.62062 6
      vertex -16.2654 -7.35244 6
      vertex -16.369 -9.14428 5.2
    endloop
  endfacet
  facet normal -0.849027 0.255546 -0.462438
    outer loop
      vertex -16.369 -9.14428 5.2
      vertex -16.2654 -7.35244 6
      vertex -15.5833 -8.70535 4
    endloop
  endfacet
  facet normal -0.227547 -0.856956 -0.462438
    outer loop
      vertex -16.0689 -9.65567 6
      vertex -16.369 -9.14428 5.2
      vertex -15.5833 -8.70535 4
    endloop
  endfacet
  facet normal -0.227547 -0.856956 -0.462438
    outer loop
      vertex -14.7889 -9.99555 6
      vertex -16.0689 -9.65567 6
      vertex -15.5833 -8.70535 4
    endloop
  endfacet
  facet normal -0.919766 -0.392467 0
    outer loop
      vertex -17.0855 -7.72315 4.8
      vertex -17.3182 -7.17779 4
      vertex -17.0855 -7.72315 3.2
    endloop
  endfacet
  facet normal -0.902281 -0.431149 0
    outer loop
      vertex -17.0855 -7.72315 4.8
      vertex -17.0855 -7.72315 3.2
      vertex -16.8299 -8.25814 4
    endloop
  endfacet
  facet normal -0.886024 0.0333638 0.462438
    outer loop
      vertex -13.9378 -12.5372 4
      vertex -13.5367 -12.9739 4.8
      vertex -13.8879 -11.2137 4
    endloop
  endfacet
  facet normal -0.886024 0.0333638 0.462438
    outer loop
      vertex -13.8879 -11.2137 4
      vertex -13.5367 -12.9739 4.8
      vertex -12.8869 -12.3511 6
    endloop
  endfacet
  facet normal -0.154052 -0.873166 0.462438
    outer loop
      vertex -14.7889 -9.99555 6
      vertex -15.5346 -10.4995 4.8
      vertex -15.1922 -10.9836 4
    endloop
  endfacet
  facet normal -0.154052 -0.873166 0.462438
    outer loop
      vertex -13.8879 -11.2137 4
      vertex -14.7889 -9.99555 6
      vertex -15.1922 -10.9836 4
    endloop
  endfacet
  facet normal -0.880002 0.108384 -0.462438
    outer loop
      vertex -14.9508 -11.31 6
      vertex -14.7889 -9.99555 6
      vertex -14.5882 -11.7791 5.2
    endloop
  endfacet
  facet normal -0.880002 0.108384 -0.462438
    outer loop
      vertex -14.5882 -11.7791 5.2
      vertex -14.7889 -9.99555 6
      vertex -13.8879 -11.2137 4
    endloop
  endfacet
  facet normal -0.0794472 -0.883085 -0.462438
    outer loop
      vertex -14.206 -12.2324 6
      vertex -14.5882 -11.7791 5.2
      vertex -12.8869 -12.3511 6
    endloop
  endfacet
  facet normal -0.0794472 -0.883085 -0.462438
    outer loop
      vertex -12.8869 -12.3511 6
      vertex -14.5882 -11.7791 5.2
      vertex -13.8879 -11.2137 4
    endloop
  endfacet
  facet normal -0.840209 -0.542263 0
    outer loop
      vertex -15.5346 -10.4995 4.8
      vertex -15.8561 -10.0013 4
      vertex -15.5346 -10.4995 3.2
    endloop
  endfacet
  facet normal -0.816437 -0.577434 0
    outer loop
      vertex -15.5346 -10.4995 4.8
      vertex -15.5346 -10.4995 3.2
      vertex -15.1922 -10.9836 4
    endloop
  endfacet
  facet normal -0.73648 -0.676459 0
    outer loop
      vertex -13.5367 -12.9739 4.8
      vertex -13.9378 -12.5372 4
      vertex -13.5367 -12.9739 3.2
    endloop
  endfacet
  facet normal -0.707107 -0.707107 0
    outer loop
      vertex -13.1174 -13.3931 4
      vertex -13.5367 -12.9739 4.8
      vertex -13.5367 -12.9739 3.2
    endloop
  endfacet
  facet normal -0.00427027 -0.886641 0.462438
    outer loop
      vertex -12.8869 -12.3511 6
      vertex -13.5367 -12.9739 4.8
      vertex -13.1174 -13.3931 4
    endloop
  endfacet
  facet normal -0.00427027 -0.886641 0.462438
    outer loop
      vertex -11.793 -13.3995 4
      vertex -12.8869 -12.3511 6
      vertex -13.1174 -13.3931 4
    endloop
  endfacet
  facet normal -0.885661 -0.0418962 -0.462438
    outer loop
      vertex -12.8869 -12.3511 6
      vertex -11.793 -13.3995 4
      vertex -12.8243 -13.674 6
    endloop
  endfacet
  facet normal -0.885661 -0.0418962 -0.462438
    outer loop
      vertex -12.8243 -13.674 6
      vertex -11.793 -13.3995 4
      vertex -12.3877 -14.0751 5.2
    endloop
  endfacet
  facet normal 0.0709376 -0.883809 -0.462438
    outer loop
      vertex -11.9343 -14.4573 6
      vertex -12.3877 -14.0751 5.2
      vertex -10.6142 -14.3513 6
    endloop
  endfacet
  facet normal 0.0709376 -0.883809 -0.462438
    outer loop
      vertex -10.6142 -14.3513 6
      vertex -12.3877 -14.0751 5.2
      vertex -11.793 -13.3995 4
    endloop
  endfacet
  facet normal -0.878917 -0.116855 0.462438
    outer loop
      vertex -11.793 -13.3995 4
      vertex -11.6185 -14.7123 4
      vertex -10.6142 -14.3513 6
    endloop
  endfacet
  facet normal -0.878917 -0.116855 0.462438
    outer loop
      vertex -10.6142 -14.3513 6
      vertex -11.6185 -14.7123 4
      vertex -11.1494 -15.0749 4.8
    endloop
  endfacet
  facet normal -0.611564 -0.791195 0
    outer loop
      vertex -11.1494 -15.0749 4.8
      vertex -11.6185 -14.7123 4
      vertex -11.1494 -15.0749 3.2
    endloop
  endfacet
  facet normal -0.577434 -0.816437 0
    outer loop
      vertex -11.1494 -15.0749 4.8
      vertex -11.1494 -15.0749 3.2
      vertex -10.6653 -15.4173 4
    endloop
  endfacet
  facet normal 0.145634 -0.874609 0.462438
    outer loop
      vertex -10.6142 -14.3513 6
      vertex -11.1494 -15.0749 4.8
      vertex -10.6653 -15.4173 4
    endloop
  endfacet
  facet normal 0.145634 -0.874609 0.462438
    outer loop
      vertex -9.35888 -15.1998 4
      vertex -10.6142 -14.3513 6
      vertex -10.6653 -15.4173 4
    endloop
  endfacet
  facet normal -0.865841 -0.190971 -0.462438
    outer loop
      vertex -10.6142 -14.3513 6
      vertex -9.35888 -15.1998 4
      vertex -10.329 -15.6446 6
    endloop
  endfacet
  facet normal -0.865841 -0.190971 -0.462438
    outer loop
      vertex -10.329 -15.6446 6
      vertex -9.35888 -15.1998 4
      vertex -9.83076 -15.9662 5.2
    endloop
  endfacet
  facet normal 0.219282 -0.859108 -0.462438
    outer loop
      vertex -9.31937 -16.2663 6
      vertex -9.83076 -15.9662 5.2
      vertex -9.35888 -15.1998 4
    endloop
  endfacet
  facet normal 0.219282 -0.859108 -0.462438
    outer loop
      vertex -8.03614 -15.9387 6
      vertex -9.31937 -16.2663 6
      vertex -9.35888 -15.1998 4
    endloop
  endfacet
  facet normal -0.846526 -0.263712 0.462438
    outer loop
      vertex -9.35888 -15.1998 4
      vertex -8.96498 -16.4642 4
      vertex -8.03614 -15.9387 6
    endloop
  endfacet
  facet normal -0.846526 -0.263712 0.462438
    outer loop
      vertex -8.03614 -15.9387 6
      vertex -8.96498 -16.4642 4
      vertex -8.44132 -16.7424 4.8
    endloop
  endfacet
  facet normal -0.469055 -0.883169 0
    outer loop
      vertex -8.44132 -16.7424 4.8
      vertex -8.96498 -16.4642 4
      vertex -8.44132 -16.7424 3.2
    endloop
  endfacet
  facet normal -0.431149 -0.902281 0
    outer loop
      vertex -8.44132 -16.7424 4.8
      vertex -8.44132 -16.7424 3.2
      vertex -7.90633 -16.998 4
    endloop
  endfacet
  facet normal 0.291349 -0.837417 0.462438
    outer loop
      vertex -6.65549 -16.5628 4
      vertex -8.03614 -15.9387 6
      vertex -7.90633 -16.998 4
    endloop
  endfacet
  facet normal 0.291349 -0.837417 0.462438
    outer loop
      vertex -7.90633 -16.998 4
      vertex -8.03614 -15.9387 6
      vertex -8.44132 -16.7424 4.8
    endloop
  endfacet
  facet normal -0.821112 -0.334552 -0.462438
    outer loop
      vertex -8.03614 -15.9387 6
      vertex -6.65549 -16.5628 4
      vertex -7.53642 -17.1652 6
    endloop
  endfacet
  facet normal -0.821112 -0.334552 -0.462438
    outer loop
      vertex -7.53642 -17.1652 6
      vertex -6.65549 -16.5628 4
      vertex -6.99106 -17.3979 5.2
    endloop
  endfacet
  facet normal 0.361318 -0.809692 -0.462438
    outer loop
      vertex -6.43631 -17.6073 6
      vertex -6.99106 -17.3979 5.2
      vertex -6.65549 -16.5628 4
    endloop
  endfacet
  facet normal 0.361318 -0.809692 -0.462438
    outer loop
      vertex -5.22689 -17.0676 6
      vertex -6.43631 -17.6073 6
      vertex -6.65549 -16.5628 4
    endloop
  endfacet
  facet normal -0.789782 -0.402982 0.462438
    outer loop
      vertex -6.65549 -16.5628 4
      vertex -6.05356 -17.7425 4
      vertex -5.22689 -17.0676 6
    endloop
  endfacet
  facet normal -0.789782 -0.402982 0.462438
    outer loop
      vertex -5.22689 -17.0676 6
      vertex -6.05356 -17.7425 4
      vertex -5.49043 -17.9281 4.8
    endloop
  endfacet
  facet normal -0.313052 -0.949736 0
    outer loop
      vertex -5.49043 -17.9281 4.8
      vertex -6.05356 -17.7425 4
      vertex -5.49043 -17.9281 3.2
    endloop
  endfacet
  facet normal -0.272463 -0.962166 0
    outer loop
      vertex -5.49043 -17.9281 4.8
      vertex -5.49043 -17.9281 3.2
      vertex -4.91992 -18.0897 4
    endloop
  endfacet
  facet normal 0.428682 -0.776133 0.462438
    outer loop
      vertex -3.76062 -17.4494 4
      vertex -5.22689 -17.0676 6
      vertex -4.91992 -18.0897 4
    endloop
  endfacet
  facet normal 0.428682 -0.776133 0.462438
    outer loop
      vertex -4.91992 -18.0897 4
      vertex -5.22689 -17.0676 6
      vertex -5.49043 -17.9281 4.8
    endloop
  endfacet
  facet normal -0.752762 -0.468508 -0.462438
    outer loop
      vertex -5.22689 -17.0676 6
      vertex -3.76062 -17.4494 4
      vertex -4.52708 -18.192 6
    endloop
  endfacet
  facet normal -0.752762 -0.468508 -0.462438
    outer loop
      vertex -4.52708 -18.192 6
      vertex -3.76062 -17.4494 4
      vertex -3.95024 -18.3292 5.2
    endloop
  endfacet
  facet normal 0.492959 -0.736982 -0.462438
    outer loop
      vertex -3.36809 -18.4417 6
      vertex -3.95024 -18.3292 5.2
      vertex -2.26727 -17.7054 6
    endloop
  endfacet
  facet normal 0.492959 -0.736982 -0.462438
    outer loop
      vertex -2.26727 -17.7054 6
      vertex -3.95024 -18.3292 5.2
      vertex -3.76062 -17.4494 4
    endloop
  endfacet
  facet normal -0.710318 -0.530659 0.462438
    outer loop
      vertex -3.76062 -17.4494 4
      vertex -2.96799 -18.5104 4
      vertex -2.26727 -17.7054 6
    endloop
  endfacet
  facet normal -0.710318 -0.530659 0.462438
    outer loop
      vertex -2.26727 -17.7054 6
      vertex -2.96799 -18.5104 4
      vertex -2.38158 -18.5981 4.8
    endloop
  endfacet
  facet normal -0.148043 -0.988981 0
    outer loop
      vertex -2.38158 -18.5981 4.8
      vertex -2.96799 -18.5104 4
      vertex -2.38158 -18.5981 3.2
    endloop
  endfacet
  facet normal -0.105936 -0.994373 0
    outer loop
      vertex -2.38158 -18.5981 4.8
      vertex -2.38158 -18.5981 3.2
      vertex -1.79199 -18.6609 4
    endloop
  endfacet
  facet normal 0.553683 -0.692521 0.462438
    outer loop
      vertex -0.757575 -17.8339 4
      vertex -2.26727 -17.7054 6
      vertex -1.79199 -18.6609 4
    endloop
  endfacet
  facet normal 0.553683 -0.692521 0.462438
    outer loop
      vertex -1.79199 -18.6609 4
      vertex -2.26727 -17.7054 6
      vertex -2.38158 -18.5981 4.8
    endloop
  endfacet
  facet normal -0.662756 -0.588987 -0.462438
    outer loop
      vertex -2.26727 -17.7054 6
      vertex -0.757575 -17.8339 4
      vertex -1.38751 -18.6954 6
    endloop
  endfacet
  facet normal -0.662756 -0.588987 -0.462438
    outer loop
      vertex -1.38751 -18.6954 6
      vertex -0.757575 -17.8339 4
      vertex -0.795772 -18.7331 5.2
    endloop
  endfacet
  facet normal -0.662756 -0.588987 -0.462438
    outer loop
      vertex -1.38751 -18.6954 6
      vertex -0.795772 -18.7331 5.2
      vertex -0.795773 -18.7331 5.2
    endloop
  endfacet
  facet normal 0.610419 -0.643071 -0.462438
    outer loop
      vertex -0.202971 -18.7457 6
      vertex -0.795772 -18.7331 5.2
      vertex -0.757575 -17.8339 4
    endloop
  endfacet
  facet normal 0.610419 -0.643071 -0.462438
    outer loop
      vertex 0.757575 -17.8339 6
      vertex -0.202971 -18.7457 6
      vertex -0.757575 -17.8339 4
    endloop
  endfacet
  facet normal -0.610419 -0.643071 0.462438
    outer loop
      vertex 0.757575 -17.8339 6
      vertex -0.757575 -17.8339 4
      vertex 0.202971 -18.7457 4
    endloop
  endfacet
  facet normal -0.610419 -0.643071 0.462438
    outer loop
      vertex 0.795772 -18.7331 4.8
      vertex 0.757575 -17.8339 6
      vertex 0.202971 -18.7457 4
    endloop
  endfacet
  facet normal 0.0212249 -0.999775 0
    outer loop
      vertex 0.795772 -18.7331 4.8
      vertex 0.202971 -18.7457 4
      vertex 0.795772 -18.7331 3.2
    endloop
  endfacet
  facet normal 0.0212249 -0.999775 0
    outer loop
      vertex 0.795773 -18.7331 4.8
      vertex 0.795772 -18.7331 4.8
      vertex 0.795773 -18.7331 3.2
    endloop
  endfacet
  facet normal 0.0212249 -0.999775 0
    outer loop
      vertex 0.795773 -18.7331 3.2
      vertex 0.795772 -18.7331 4.8
      vertex 0.795772 -18.7331 3.2
    endloop
  endfacet
  facet normal 0.0636383 -0.997973 0
    outer loop
      vertex 0.795773 -18.7331 4.8
      vertex 0.795773 -18.7331 3.2
      vertex 1.38751 -18.6954 4
    endloop
  endfacet
  facet normal 0.662756 -0.588987 0.462438
    outer loop
      vertex 2.26727 -17.7054 4
      vertex 0.757575 -17.8339 6
      vertex 0.795772 -18.7331 4.8
    endloop
  endfacet
  facet normal 0.662756 -0.588987 0.462438
    outer loop
      vertex 1.38751 -18.6954 4
      vertex 2.26727 -17.7054 4
      vertex 0.795773 -18.7331 4.8
    endloop
  endfacet
  facet normal 0.662756 -0.588987 0.462438
    outer loop
      vertex 0.795773 -18.7331 4.8
      vertex 2.26727 -17.7054 4
      vertex 0.795772 -18.7331 4.8
    endloop
  endfacet
  facet normal -0.553683 -0.692521 -0.462438
    outer loop
      vertex 1.79199 -18.6609 6
      vertex 0.757575 -17.8339 6
      vertex 2.26727 -17.7054 4
    endloop
  endfacet
  facet normal -0.553683 -0.692521 -0.462438
    outer loop
      vertex 2.38158 -18.5981 5.2
      vertex 1.79199 -18.6609 6
      vertex 2.26727 -17.7054 4
    endloop
  endfacet
  facet normal 0.710318 -0.530659 -0.462438
    outer loop
      vertex 2.38158 -18.5981 5.2
      vertex 2.26727 -17.7054 4
      vertex 3.76062 -17.4494 6
    endloop
  endfacet
  facet normal 0.710318 -0.530659 -0.462438
    outer loop
      vertex 2.96799 -18.5104 6
      vertex 2.38158 -18.5981 5.2
      vertex 3.76062 -17.4494 6
    endloop
  endfacet
  facet normal -0.492959 -0.736982 0.462438
    outer loop
      vertex 3.76062 -17.4494 6
      vertex 2.26727 -17.7054 4
      vertex 3.36809 -18.4417 4
    endloop
  endfacet
  facet normal -0.492959 -0.736982 0.462438
    outer loop
      vertex 3.95024 -18.3292 4.8
      vertex 3.76062 -17.4494 6
      vertex 3.36809 -18.4417 4
    endloop
  endfacet
  facet normal 0.189882 -0.981807 0
    outer loop
      vertex 3.95024 -18.3292 4.8
      vertex 3.36809 -18.4417 4
      vertex 3.95024 -18.3292 3.2
    endloop
  endfacet
  facet normal 0.231381 -0.972863 0
    outer loop
      vertex 4.52708 -18.192 4
      vertex 3.95024 -18.3292 4.8
      vertex 3.95024 -18.3292 3.2
    endloop
  endfacet
  facet normal 0.752762 -0.468508 0.462438
    outer loop
      vertex 5.22689 -17.0676 4
      vertex 3.76062 -17.4494 6
      vertex 3.95024 -18.3292 4.8
    endloop
  endfacet
  facet normal 0.752762 -0.468508 0.462438
    outer loop
      vertex 4.52708 -18.192 4
      vertex 5.22689 -17.0676 4
      vertex 3.95024 -18.3292 4.8
    endloop
  endfacet
  facet normal -0.428682 -0.776133 -0.462438
    outer loop
      vertex 4.91992 -18.0897 6
      vertex 3.76062 -17.4494 6
      vertex 5.22689 -17.0676 4
    endloop
  endfacet
  facet normal -0.428682 -0.776133 -0.462438
    outer loop
      vertex 5.49043 -17.9281 5.2
      vertex 4.91992 -18.0897 6
      vertex 5.22689 -17.0676 4
    endloop
  endfacet
  facet normal 0.789782 -0.402982 -0.462438
    outer loop
      vertex 5.49043 -17.9281 5.2
      vertex 5.22689 -17.0676 4
      vertex 6.65549 -16.5628 6
    endloop
  endfacet
  facet normal 0.789782 -0.402982 -0.462438
    outer loop
      vertex 6.05356 -17.7425 6
      vertex 5.49043 -17.9281 5.2
      vertex 6.65549 -16.5628 6
    endloop
  endfacet
  facet normal -0.361318 -0.809692 0.462438
    outer loop
      vertex 6.65549 -16.5628 6
      vertex 5.22689 -17.0676 4
      vertex 6.43631 -17.6073 4
    endloop
  endfacet
  facet normal -0.361318 -0.809692 0.462438
    outer loop
      vertex 6.99106 -17.3979 4.8
      vertex 6.65549 -16.5628 6
      vertex 6.43631 -17.6073 4
    endloop
  endfacet
  facet normal 0.353078 -0.935594 0
    outer loop
      vertex 6.99106 -17.3979 4.8
      vertex 6.43631 -17.6073 4
      vertex 6.99106 -17.3979 3.2
    endloop
  endfacet
  facet normal 0.392467 -0.919766 0
    outer loop
      vertex 6.99106 -17.3979 4.8
      vertex 6.99106 -17.3979 3.2
      vertex 7.53642 -17.1652 4
    endloop
  endfacet
  facet normal 0.821112 -0.334552 0.462438
    outer loop
      vertex 8.03614 -15.9387 4
      vertex 6.65549 -16.5628 6
      vertex 6.99106 -17.3979 4.8
    endloop
  endfacet
  facet normal 0.821112 -0.334552 0.462438
    outer loop
      vertex 7.53642 -17.1652 4
      vertex 8.03614 -15.9387 4
      vertex 6.99106 -17.3979 4.8
    endloop
  endfacet
  facet normal -0.291349 -0.837417 -0.462438
    outer loop
      vertex 7.90633 -16.998 6
      vertex 6.65549 -16.5628 6
      vertex 8.03614 -15.9387 4
    endloop
  endfacet
  facet normal -0.291349 -0.837417 -0.462438
    outer loop
      vertex 8.44132 -16.7424 5.2
      vertex 7.90633 -16.998 6
      vertex 8.03614 -15.9387 4
    endloop
  endfacet
  facet normal 0.846526 -0.263712 -0.462438
    outer loop
      vertex 8.44132 -16.7424 5.2
      vertex 8.03614 -15.9387 4
      vertex 9.35888 -15.1998 6
    endloop
  endfacet
  facet normal 0.846526 -0.263712 -0.462438
    outer loop
      vertex 8.96498 -16.4642 6
      vertex 8.44132 -16.7424 5.2
      vertex 9.35888 -15.1998 6
    endloop
  endfacet
  facet normal -0.219282 -0.859108 0.462438
    outer loop
      vertex 9.35888 -15.1998 6
      vertex 8.03614 -15.9387 4
      vertex 9.31937 -16.2663 4
    endloop
  endfacet
  facet normal -0.219282 -0.859108 0.462438
    outer loop
      vertex 9.83076 -15.9662 4.8
      vertex 9.35888 -15.1998 6
      vertex 9.31937 -16.2663 4
    endloop
  endfacet
  facet normal 0.506115 -0.862466 0
    outer loop
      vertex 9.83076 -15.9662 4.8
      vertex 9.31937 -16.2663 4
      vertex 9.83076 -15.9662 3.2
    endloop
  endfacet
  facet normal 0.542263 -0.840209 0
    outer loop
      vertex 9.83076 -15.9662 4.8
      vertex 9.83076 -15.9662 3.2
      vertex 10.329 -15.6446 4
    endloop
  endfacet
  facet normal 0.865841 -0.190971 0.462438
    outer loop
      vertex 10.6142 -14.3513 4
      vertex 9.35888 -15.1998 6
      vertex 9.83076 -15.9662 4.8
    endloop
  endfacet
  facet normal 0.865841 -0.190971 0.462438
    outer loop
      vertex 10.329 -15.6446 4
      vertex 10.6142 -14.3513 4
      vertex 9.83076 -15.9662 4.8
    endloop
  endfacet
  facet normal -0.145634 -0.874609 -0.462438
    outer loop
      vertex 10.6653 -15.4173 6
      vertex 9.35888 -15.1998 6
      vertex 10.6142 -14.3513 4
    endloop
  endfacet
  facet normal -0.145634 -0.874609 -0.462438
    outer loop
      vertex 11.1494 -15.0749 5.2
      vertex 10.6653 -15.4173 6
      vertex 10.6142 -14.3513 4
    endloop
  endfacet
  facet normal 0.878917 -0.116855 -0.462438
    outer loop
      vertex 11.1494 -15.0749 5.2
      vertex 10.6142 -14.3513 4
      vertex 11.793 -13.3995 6
    endloop
  endfacet
  facet normal 0.878917 -0.116855 -0.462438
    outer loop
      vertex 11.6185 -14.7123 6
      vertex 11.1494 -15.0749 5.2
      vertex 11.793 -13.3995 6
    endloop
  endfacet
  facet normal -0.0709376 -0.883809 0.462438
    outer loop
      vertex 11.793 -13.3995 6
      vertex 10.6142 -14.3513 4
      vertex 11.9343 -14.4573 4
    endloop
  endfacet
  facet normal -0.0709376 -0.883809 0.462438
    outer loop
      vertex 12.3877 -14.0751 4.8
      vertex 11.793 -13.3995 6
      vertex 11.9343 -14.4573 4
    endloop
  endfacet
  facet normal 0.644592 -0.764527 0
    outer loop
      vertex 12.3877 -14.0751 4.8
      vertex 11.9343 -14.4573 4
      vertex 12.3877 -14.0751 3.2
    endloop
  endfacet
  facet normal 0.676459 -0.73648 0
    outer loop
      vertex 12.8243 -13.674 4
      vertex 12.3877 -14.0751 4.8
      vertex 12.3877 -14.0751 3.2
    endloop
  endfacet
  facet normal 0.885661 -0.0418962 0.462438
    outer loop
      vertex 12.8869 -12.3511 4
      vertex 11.793 -13.3995 6
      vertex 12.3877 -14.0751 4.8
    endloop
  endfacet
  facet normal 0.885661 -0.0418962 0.462438
    outer loop
      vertex 12.8243 -13.674 4
      vertex 12.8869 -12.3511 4
      vertex 12.3877 -14.0751 4.8
    endloop
  endfacet
  facet normal 0.00427027 -0.886641 -0.462438
    outer loop
      vertex 13.1174 -13.3931 6
      vertex 11.793 -13.3995 6
      vertex 12.8869 -12.3511 4
    endloop
  endfacet
  facet normal 0.00427027 -0.886641 -0.462438
    outer loop
      vertex 13.5367 -12.9739 5.2
      vertex 13.1174 -13.3931 6
      vertex 12.8869 -12.3511 4
    endloop
  endfacet
  facet normal 0.886024 0.0333638 -0.462438
    outer loop
      vertex 13.5367 -12.9739 5.2
      vertex 12.8869 -12.3511 4
      vertex 13.8879 -11.2137 6
    endloop
  endfacet
  facet normal 0.886024 0.0333638 -0.462438
    outer loop
      vertex 13.9378 -12.5372 6
      vertex 13.5367 -12.9739 5.2
      vertex 13.8879 -11.2137 6
    endloop
  endfacet
  facet normal 0.0794472 -0.883085 0.462438
    outer loop
      vertex 13.8879 -11.2137 6
      vertex 12.8869 -12.3511 4
      vertex 14.206 -12.2324 4
    endloop
  endfacet
  facet normal 0.0794472 -0.883085 0.462438
    outer loop
      vertex 14.5882 -11.7791 4.8
      vertex 13.8879 -11.2137 6
      vertex 14.206 -12.2324 4
    endloop
  endfacet
  facet normal 0.764527 -0.644592 0
    outer loop
      vertex 14.5882 -11.7791 4.8
      vertex 14.206 -12.2324 4
      vertex 14.5882 -11.7791 3.2
    endloop
  endfacet
  facet normal 0.791195 -0.611564 0
    outer loop
      vertex 14.9508 -11.31 4
      vertex 14.5882 -11.7791 4.8
      vertex 14.5882 -11.7791 3.2
    endloop
  endfacet
  facet normal 0.880002 0.108384 0.462438
    outer loop
      vertex 14.7889 -9.99555 4
      vertex 13.8879 -11.2137 6
      vertex 14.5882 -11.7791 4.8
    endloop
  endfacet
  facet normal 0.880002 0.108384 0.462438
    outer loop
      vertex 14.9508 -11.31 4
      vertex 14.7889 -9.99555 4
      vertex 14.5882 -11.7791 4.8
    endloop
  endfacet
  facet normal 0.154052 -0.873166 -0.462438
    outer loop
      vertex 15.1922 -10.9836 6
      vertex 13.8879 -11.2137 6
      vertex 14.7889 -9.99555 4
    endloop
  endfacet
  facet normal 0.154052 -0.873166 -0.462438
    outer loop
      vertex 15.5346 -10.4995 5.2
      vertex 15.1922 -10.9836 6
      vertex 14.7889 -9.99555 4
    endloop
  endfacet
  facet normal 0.86764 0.182623 -0.462438
    outer loop
      vertex 15.5346 -10.4995 5.2
      vertex 14.7889 -9.99555 4
      vertex 15.5833 -8.70535 6
    endloop
  endfacet
  facet normal 0.86764 0.182623 -0.462438
    outer loop
      vertex 15.8561 -10.0013 6
      vertex 15.5346 -10.4995 5.2
      vertex 15.5833 -8.70535 6
    endloop
  endfacet
  facet normal 0.227547 -0.856956 0.462438
    outer loop
      vertex 15.5833 -8.70535 6
      vertex 14.7889 -9.99555 4
      vertex 16.0689 -9.65567 4
    endloop
  endfacet
  facet normal 0.227547 -0.856956 0.462438
    outer loop
      vertex 16.369 -9.14428 4.8
      vertex 15.5833 -8.70535 6
      vertex 16.0689 -9.65567 4
    endloop
  endfacet
  facet normal 0.862466 -0.506115 0
    outer loop
      vertex 16.369 -9.14428 4.8
      vertex 16.0689 -9.65567 4
      vertex 16.369 -9.14428 3.2
    endloop
  endfacet
  facet normal 0.883169 -0.469055 0
    outer loop
      vertex 16.369 -9.14428 4.8
      vertex 16.369 -9.14428 3.2
      vertex 16.6471 -8.62062 4
    endloop
  endfacet
  facet normal 0.849027 0.255546 0.462438
    outer loop
      vertex 16.2654 -7.35244 4
      vertex 15.5833 -8.70535 6
      vertex 16.369 -9.14428 4.8
    endloop
  endfacet
  facet normal 0.849027 0.255546 0.462438
    outer loop
      vertex 16.6471 -8.62062 4
      vertex 16.2654 -7.35244 4
      vertex 16.369 -9.14428 4.8
    endloop
  endfacet
  facet normal 0.299402 -0.834571 -0.462438
    outer loop
      vertex 16.8299 -8.25814 6
      vertex 15.5833 -8.70535 6
      vertex 16.2654 -7.35244 4
    endloop
  endfacet
  facet normal 0.299402 -0.834571 -0.462438
    outer loop
      vertex 17.0855 -7.72315 5.2
      vertex 16.8299 -8.25814 6
      vertex 16.2654 -7.35244 4
    endloop
  endfacet
  facet normal 0.824297 0.326628 -0.462438
    outer loop
      vertex 17.0855 -7.72315 5.2
      vertex 16.2654 -7.35244 4
      vertex 16.8304 -5.94654 6
    endloop
  endfacet
  facet normal 0.824297 0.326628 -0.462438
    outer loop
      vertex 17.3182 -7.17779 6
      vertex 17.0855 -7.72315 5.2
      vertex 16.8304 -5.94654 6
    endloop
  endfacet
  facet normal 0.3691 -0.806174 0.462438
    outer loop
      vertex 16.8304 -5.94654 6
      vertex 16.2654 -7.35244 4
      vertex 17.4696 -6.80112 4
    endloop
  endfacet
  facet normal 0.3691 -0.806174 0.462438
    outer loop
      vertex 17.679 -6.24637 4.8
      vertex 16.8304 -5.94654 6
      vertex 17.4696 -6.80112 4
    endloop
  endfacet
  facet normal 0.935594 -0.353078 0
    outer loop
      vertex 17.679 -6.24637 4.8
      vertex 17.4696 -6.80112 4
      vertex 17.679 -6.24637 3.2
    endloop
  endfacet
  facet normal 0.949736 -0.313052 0
    outer loop
      vertex 17.8646 -5.68324 4
      vertex 17.679 -6.24637 4.8
      vertex 17.679 -6.24637 3.2
    endloop
  endfacet
  facet normal 0.793627 0.395356 0.462438
    outer loop
      vertex 17.274 -4.49781 4
      vertex 16.8304 -5.94654 6
      vertex 17.679 -6.24637 4.8
    endloop
  endfacet
  facet normal 0.793627 0.395356 0.462438
    outer loop
      vertex 17.8646 -5.68324 4
      vertex 17.274 -4.49781 4
      vertex 17.679 -6.24637 4.8
    endloop
  endfacet
  facet normal 0.436138 -0.771968 -0.462438
    outer loop
      vertex 17.9834 -5.29509 6
      vertex 16.8304 -5.94654 6
      vertex 17.274 -4.49781 4
    endloop
  endfacet
  facet normal 0.436138 -0.771968 -0.462438
    outer loop
      vertex 18.145 -4.72459 5.2
      vertex 17.9834 -5.29509 6
      vertex 17.274 -4.49781 4
    endloop
  endfacet
  facet normal 0.757239 0.461237 -0.462438
    outer loop
      vertex 18.145 -4.72459 5.2
      vertex 17.274 -4.49781 4
      vertex 17.5932 -3.01666 6
    endloop
  endfacet
  facet normal 0.757239 0.461237 -0.462438
    outer loop
      vertex 18.2822 -4.14774 6
      vertex 18.145 -4.72459 5.2
      vertex 17.5932 -3.01666 6
    endloop
  endfacet
  facet normal 0.500034 -0.7322 0.462438
    outer loop
      vertex 17.5932 -3.01666 6
      vertex 17.274 -4.49781 4
      vertex 18.3677 -3.75091 4
    endloop
  endfacet
  facet normal 0.500034 -0.7322 0.462438
    outer loop
      vertex 18.4803 -3.16877 4.8
      vertex 17.5932 -3.01666 6
      vertex 18.3677 -3.75091 4
    endloop
  endfacet
  facet normal 0.981807 -0.189882 0
    outer loop
      vertex 18.4803 -3.16877 4.8
      vertex 18.3677 -3.75091 4
      vertex 18.4803 -3.16877 3.2
    endloop
  endfacet
  facet normal 0.988981 -0.148043 0
    outer loop
      vertex 18.4803 -3.16877 4.8
      vertex 18.4803 -3.16877 3.2
      vertex 18.5681 -2.58236 4
    endloop
  endfacet
  facet normal 0.715396 0.523793 0.462438
    outer loop
      vertex 17.7857 -1.51379 4
      vertex 17.5932 -3.01666 6
      vertex 18.4803 -3.16877 4.8
    endloop
  endfacet
  facet normal 0.715396 0.523793 0.462438
    outer loop
      vertex 18.5681 -2.58236 4
      vertex 17.7857 -1.51379 4
      vertex 18.4803 -3.16877 4.8
    endloop
  endfacet
  facet normal 0.560328 -0.687156 -0.462438
    outer loop
      vertex 18.6196 -2.17971 6
      vertex 17.5932 -3.01666 6
      vertex 17.7857 -1.51379 4
    endloop
  endfacet
  facet normal 0.560328 -0.687156 -0.462438
    outer loop
      vertex 18.6825 -1.59011 5.2
      vertex 18.6196 -2.17971 6
      vertex 17.7857 -1.51379 4
    endloop
  endfacet
  facet normal 0.668398 0.582576 -0.462438
    outer loop
      vertex 18.6825 -1.59011 5.2
      vertex 17.7857 -1.51379 4
      vertex 17.85 0 6
    endloop
  endfacet
  facet normal 0.668398 0.582576 -0.462438
    outer loop
      vertex 18.7202 -0.998378 6
      vertex 18.6825 -1.59011 5.2
      vertex 17.85 0 6
    endloop
  endfacet
  facet normal 0.616584 -0.637161 0.462438
    outer loop
      vertex 17.85 0 6
      vertex 17.7857 -1.51379 4
      vertex 18.7374 -0.592802 4
    endloop
  endfacet
  facet normal 0.616584 -0.637161 0.462438
    outer loop
      vertex 18.75 0 4.8
      vertex 17.85 0 6
      vertex 18.7374 -0.592802 4
    endloop
  endfacet
  facet normal 0.999775 -0.0212249 0
    outer loop
      vertex 18.75 0 4.8
      vertex 18.7374 -0.592802 4
      vertex 18.75 0 3.2
    endloop
  endfacet
  facet normal 0.999775 0.0212249 0
    outer loop
      vertex 18.75 0 3.2
      vertex 18.7374 0.592802 4
      vertex 18.75 0 4.8
    endloop
  endfacet
  facet normal 0.616584 0.637161 0.462438
    outer loop
      vertex 17.7857 1.51379 4
      vertex 17.85 0 6
      vertex 18.7374 0.592802 4
    endloop
  endfacet
  facet normal 0.616584 0.637161 0.462438
    outer loop
      vertex 18.7374 0.592802 4
      vertex 17.85 0 6
      vertex 18.75 0 4.8
    endloop
  endfacet
  facet normal 0.715396 -0.523793 0.462438
    outer loop
      vertex 18.4803 3.16877 4.8
      vertex 17.5932 3.01666 6
      vertex 17.7857 1.51379 4
    endloop
  endfacet
  facet normal 0.715396 -0.523793 0.462438
    outer loop
      vertex 18.5681 2.58236 4
      vertex 18.4803 3.16877 4.8
      vertex 17.7857 1.51379 4
    endloop
  endfacet
  facet normal 0.668398 -0.582576 -0.462438
    outer loop
      vertex 17.85 0 6
      vertex 17.7857 1.51379 4
      vertex 18.6825 1.59011 5.2
    endloop
  endfacet
  facet normal 0.668398 -0.582576 -0.462438
    outer loop
      vertex 18.7202 0.998378 6
      vertex 17.85 0 6
      vertex 18.6825 1.59011 5.2
    endloop
  endfacet
  facet normal 0.560328 0.687156 -0.462438
    outer loop
      vertex 17.5932 3.01666 6
      vertex 18.6196 2.17971 6
      vertex 17.7857 1.51379 4
    endloop
  endfacet
  facet normal 0.560328 0.687156 -0.462438
    outer loop
      vertex 17.7857 1.51379 4
      vertex 18.6196 2.17971 6
      vertex 18.6825 1.59011 5.2
    endloop
  endfacet
  facet normal 0.793627 -0.395356 0.462438
    outer loop
      vertex 17.679 6.24637 4.8
      vertex 16.8304 5.94654 6
      vertex 17.274 4.49781 4
    endloop
  endfacet
  facet normal 0.793627 -0.395356 0.462438
    outer loop
      vertex 17.8646 5.68324 4
      vertex 17.679 6.24637 4.8
      vertex 17.274 4.49781 4
    endloop
  endfacet
  facet normal 0.500034 0.7322 0.462438
    outer loop
      vertex 17.274 4.49781 4
      vertex 17.5932 3.01666 6
      vertex 18.3677 3.75091 4
    endloop
  endfacet
  facet normal 0.500034 0.7322 0.462438
    outer loop
      vertex 18.3677 3.75091 4
      vertex 17.5932 3.01666 6
      vertex 18.4803 3.16877 4.8
    endloop
  endfacet
  facet normal 0.757239 -0.461237 -0.462438
    outer loop
      vertex 17.5932 3.01666 6
      vertex 17.274 4.49781 4
      vertex 18.145 4.72459 5.2
    endloop
  endfacet
  facet normal 0.757239 -0.461237 -0.462438
    outer loop
      vertex 18.2822 4.14774 6
      vertex 17.5932 3.01666 6
      vertex 18.145 4.72459 5.2
    endloop
  endfacet
  facet normal 0.436138 0.771968 -0.462438
    outer loop
      vertex 16.8304 5.94654 6
      vertex 17.9834 5.29509 6
      vertex 17.274 4.49781 4
    endloop
  endfacet
  facet normal 0.436138 0.771968 -0.462438
    outer loop
      vertex 17.274 4.49781 4
      vertex 17.9834 5.29509 6
      vertex 18.145 4.72459 5.2
    endloop
  endfacet
  facet normal 0.988981 0.148043 0
    outer loop
      vertex 18.5681 2.58236 4
      vertex 18.4803 3.16877 3.2
      vertex 18.4803 3.16877 4.8
    endloop
  endfacet
  facet normal 0.981807 0.189882 0
    outer loop
      vertex 18.4803 3.16877 3.2
      vertex 18.3677 3.75091 4
      vertex 18.4803 3.16877 4.8
    endloop
  endfacet
  facet normal 0.849027 -0.255546 0.462438
    outer loop
      vertex 16.369 9.14428 4.8
      vertex 15.5833 8.70535 6
      vertex 16.2654 7.35244 4
    endloop
  endfacet
  facet normal 0.849027 -0.255546 0.462438
    outer loop
      vertex 16.6471 8.62062 4
      vertex 16.369 9.14428 4.8
      vertex 16.2654 7.35244 4
    endloop
  endfacet
  facet normal 0.3691 0.806174 0.462438
    outer loop
      vertex 16.2654 7.35244 4
      vertex 16.8304 5.94654 6
      vertex 17.4696 6.80112 4
    endloop
  endfacet
  facet normal 0.3691 0.806174 0.462438
    outer loop
      vertex 17.4696 6.80112 4
      vertex 16.8304 5.94654 6
      vertex 17.679 6.24637 4.8
    endloop
  endfacet
  facet normal 0.824297 -0.326628 -0.462438
    outer loop
      vertex 16.8304 5.94654 6
      vertex 16.2654 7.35244 4
      vertex 17.0855 7.72315 5.2
    endloop
  endfacet
  facet normal 0.824297 -0.326628 -0.462438
    outer loop
      vertex 17.3182 7.17779 6
      vertex 16.8304 5.94654 6
      vertex 17.0855 7.72315 5.2
    endloop
  endfacet
  facet normal 0.299402 0.834571 -0.462438
    outer loop
      vertex 15.5833 8.70535 6
      vertex 16.8299 8.25814 6
      vertex 16.2654 7.35244 4
    endloop
  endfacet
  facet normal 0.299402 0.834571 -0.462438
    outer loop
      vertex 16.2654 7.35244 4
      vertex 16.8299 8.25814 6
      vertex 17.0855 7.72315 5.2
    endloop
  endfacet
  facet normal 0.949736 0.313052 0
    outer loop
      vertex 17.8646 5.68324 4
      vertex 17.679 6.24637 3.2
      vertex 17.679 6.24637 4.8
    endloop
  endfacet
  facet normal 0.935594 0.353078 0
    outer loop
      vertex 17.679 6.24637 3.2
      vertex 17.4696 6.80112 4
      vertex 17.679 6.24637 4.8
    endloop
  endfacet
  facet normal 0.880002 -0.108384 0.462438
    outer loop
      vertex 14.5882 11.7791 4.8
      vertex 13.8879 11.2137 6
      vertex 14.7889 9.99555 4
    endloop
  endfacet
  facet normal 0.880002 -0.108384 0.462438
    outer loop
      vertex 14.9508 11.31 4
      vertex 14.5882 11.7791 4.8
      vertex 14.7889 9.99555 4
    endloop
  endfacet
  facet normal 0.227547 0.856956 0.462438
    outer loop
      vertex 14.7889 9.99555 4
      vertex 15.5833 8.70535 6
      vertex 16.0689 9.65567 4
    endloop
  endfacet
  facet normal 0.227547 0.856956 0.462438
    outer loop
      vertex 16.0689 9.65567 4
      vertex 15.5833 8.70535 6
      vertex 16.369 9.14428 4.8
    endloop
  endfacet
  facet normal 0.86764 -0.182623 -0.462438
    outer loop
      vertex 15.5833 8.70535 6
      vertex 14.7889 9.99555 4
      vertex 15.5346 10.4995 5.2
    endloop
  endfacet
  facet normal 0.86764 -0.182623 -0.462438
    outer loop
      vertex 15.8561 10.0013 6
      vertex 15.5833 8.70535 6
      vertex 15.5346 10.4995 5.2
    endloop
  endfacet
  facet normal 0.154052 0.873166 -0.462438
    outer loop
      vertex 13.8879 11.2137 6
      vertex 15.1922 10.9836 6
      vertex 14.7889 9.99555 4
    endloop
  endfacet
  facet normal 0.154052 0.873166 -0.462438
    outer loop
      vertex 14.7889 9.99555 4
      vertex 15.1922 10.9836 6
      vertex 15.5346 10.4995 5.2
    endloop
  endfacet
  facet normal 0.883169 0.469055 0
    outer loop
      vertex 16.6471 8.62062 4
      vertex 16.369 9.14428 3.2
      vertex 16.369 9.14428 4.8
    endloop
  endfacet
  facet normal 0.862466 0.506115 0
    outer loop
      vertex 16.369 9.14428 3.2
      vertex 16.0689 9.65567 4
      vertex 16.369 9.14428 4.8
    endloop
  endfacet
  facet normal 0.885661 0.0418962 0.462438
    outer loop
      vertex 12.3877 14.0751 4.8
      vertex 11.793 13.3995 6
      vertex 12.8869 12.3511 4
    endloop
  endfacet
  facet normal 0.885661 0.0418962 0.462438
    outer loop
      vertex 12.8243 13.674 4
      vertex 12.3877 14.0751 4.8
      vertex 12.8869 12.3511 4
    endloop
  endfacet
  facet normal 0.0794472 0.883085 0.462438
    outer loop
      vertex 12.8869 12.3511 4
      vertex 13.8879 11.2137 6
      vertex 14.206 12.2324 4
    endloop
  endfacet
  facet normal 0.0794472 0.883085 0.462438
    outer loop
      vertex 14.206 12.2324 4
      vertex 13.8879 11.2137 6
      vertex 14.5882 11.7791 4.8
    endloop
  endfacet
  facet normal 0.886024 -0.0333638 -0.462438
    outer loop
      vertex 13.8879 11.2137 6
      vertex 12.8869 12.3511 4
      vertex 13.5367 12.9739 5.2
    endloop
  endfacet
  facet normal 0.886024 -0.0333638 -0.462438
    outer loop
      vertex 13.9378 12.5372 6
      vertex 13.8879 11.2137 6
      vertex 13.5367 12.9739 5.2
    endloop
  endfacet
  facet normal 0.00427027 0.886641 -0.462438
    outer loop
      vertex 11.793 13.3995 6
      vertex 13.1174 13.3931 6
      vertex 12.8869 12.3511 4
    endloop
  endfacet
  facet normal 0.00427027 0.886641 -0.462438
    outer loop
      vertex 12.8869 12.3511 4
      vertex 13.1174 13.3931 6
      vertex 13.5367 12.9739 5.2
    endloop
  endfacet
  facet normal 0.791195 0.611564 0
    outer loop
      vertex 14.9508 11.31 4
      vertex 14.5882 11.7791 3.2
      vertex 14.5882 11.7791 4.8
    endloop
  endfacet
  facet normal 0.764527 0.644592 0
    outer loop
      vertex 14.5882 11.7791 3.2
      vertex 14.206 12.2324 4
      vertex 14.5882 11.7791 4.8
    endloop
  endfacet
  facet normal 0.865841 0.190971 0.462438
    outer loop
      vertex 9.83076 15.9662 4.8
      vertex 9.35888 15.1998 6
      vertex 10.6142 14.3513 4
    endloop
  endfacet
  facet normal 0.865841 0.190971 0.462438
    outer loop
      vertex 10.329 15.6446 4
      vertex 9.83076 15.9662 4.8
      vertex 10.6142 14.3513 4
    endloop
  endfacet
  facet normal -0.0709376 0.883809 0.462438
    outer loop
      vertex 10.6142 14.3513 4
      vertex 11.793 13.3995 6
      vertex 11.9343 14.4573 4
    endloop
  endfacet
  facet normal -0.0709376 0.883809 0.462438
    outer loop
      vertex 11.9343 14.4573 4
      vertex 11.793 13.3995 6
      vertex 12.3877 14.0751 4.8
    endloop
  endfacet
  facet normal 0.878917 0.116855 -0.462438
    outer loop
      vertex 11.793 13.3995 6
      vertex 10.6142 14.3513 4
      vertex 11.1494 15.0749 5.2
    endloop
  endfacet
  facet normal 0.878917 0.116855 -0.462438
    outer loop
      vertex 11.6185 14.7123 6
      vertex 11.793 13.3995 6
      vertex 11.1494 15.0749 5.2
    endloop
  endfacet
  facet normal -0.145634 0.874609 -0.462438
    outer loop
      vertex 9.35888 15.1998 6
      vertex 10.6653 15.4173 6
      vertex 10.6142 14.3513 4
    endloop
  endfacet
  facet normal -0.145634 0.874609 -0.462438
    outer loop
      vertex 10.6142 14.3513 4
      vertex 10.6653 15.4173 6
      vertex 11.1494 15.0749 5.2
    endloop
  endfacet
  facet normal 0.676459 0.73648 0
    outer loop
      vertex 12.3877 14.0751 3.2
      vertex 12.3877 14.0751 4.8
      vertex 12.8243 13.674 4
    endloop
  endfacet
  facet normal 0.644592 0.764527 0
    outer loop
      vertex 12.3877 14.0751 3.2
      vertex 11.9343 14.4573 4
      vertex 12.3877 14.0751 4.8
    endloop
  endfacet
  facet normal 0.821112 0.334552 0.462438
    outer loop
      vertex 6.99106 17.3979 4.8
      vertex 6.65549 16.5628 6
      vertex 8.03614 15.9387 4
    endloop
  endfacet
  facet normal 0.821112 0.334552 0.462438
    outer loop
      vertex 7.53642 17.1652 4
      vertex 6.99106 17.3979 4.8
      vertex 8.03614 15.9387 4
    endloop
  endfacet
  facet normal -0.219282 0.859108 0.462438
    outer loop
      vertex 8.03614 15.9387 4
      vertex 9.35888 15.1998 6
      vertex 9.31937 16.2663 4
    endloop
  endfacet
  facet normal -0.219282 0.859108 0.462438
    outer loop
      vertex 9.31937 16.2663 4
      vertex 9.35888 15.1998 6
      vertex 9.83076 15.9662 4.8
    endloop
  endfacet
  facet normal 0.846526 0.263712 -0.462438
    outer loop
      vertex 9.35888 15.1998 6
      vertex 8.03614 15.9387 4
      vertex 8.44132 16.7424 5.2
    endloop
  endfacet
  facet normal 0.846526 0.263712 -0.462438
    outer loop
      vertex 8.96498 16.4642 6
      vertex 9.35888 15.1998 6
      vertex 8.44132 16.7424 5.2
    endloop
  endfacet
  facet normal -0.291349 0.837417 -0.462438
    outer loop
      vertex 6.65549 16.5628 6
      vertex 7.90633 16.998 6
      vertex 8.03614 15.9387 4
    endloop
  endfacet
  facet normal -0.291349 0.837417 -0.462438
    outer loop
      vertex 8.03614 15.9387 4
      vertex 7.90633 16.998 6
      vertex 8.44132 16.7424 5.2
    endloop
  endfacet
  facet normal 0.542263 0.840209 0
    outer loop
      vertex 10.329 15.6446 4
      vertex 9.83076 15.9662 3.2
      vertex 9.83076 15.9662 4.8
    endloop
  endfacet
  facet normal 0.506115 0.862466 0
    outer loop
      vertex 9.31937 16.2663 4
      vertex 9.83076 15.9662 4.8
      vertex 9.83076 15.9662 3.2
    endloop
  endfacet
  facet normal 0.752762 0.468508 0.462438
    outer loop
      vertex 3.95024 18.3292 4.8
      vertex 3.76062 17.4494 6
      vertex 5.22689 17.0676 4
    endloop
  endfacet
  facet normal 0.752762 0.468508 0.462438
    outer loop
      vertex 4.52708 18.192 4
      vertex 3.95024 18.3292 4.8
      vertex 5.22689 17.0676 4
    endloop
  endfacet
  facet normal -0.361318 0.809692 0.462438
    outer loop
      vertex 5.22689 17.0676 4
      vertex 6.65549 16.5628 6
      vertex 6.43631 17.6073 4
    endloop
  endfacet
  facet normal -0.361318 0.809692 0.462438
    outer loop
      vertex 6.43631 17.6073 4
      vertex 6.65549 16.5628 6
      vertex 6.99106 17.3979 4.8
    endloop
  endfacet
  facet normal 0.789782 0.402982 -0.462438
    outer loop
      vertex 6.65549 16.5628 6
      vertex 5.22689 17.0676 4
      vertex 5.49043 17.9281 5.2
    endloop
  endfacet
  facet normal 0.789782 0.402982 -0.462438
    outer loop
      vertex 6.05356 17.7425 6
      vertex 6.65549 16.5628 6
      vertex 5.49043 17.9281 5.2
    endloop
  endfacet
  facet normal -0.428682 0.776133 -0.462438
    outer loop
      vertex 3.76062 17.4494 6
      vertex 4.91992 18.0897 6
      vertex 5.22689 17.0676 4
    endloop
  endfacet
  facet normal -0.428682 0.776133 -0.462438
    outer loop
      vertex 5.22689 17.0676 4
      vertex 4.91992 18.0897 6
      vertex 5.49043 17.9281 5.2
    endloop
  endfacet
  facet normal 0.392467 0.919766 0
    outer loop
      vertex 7.53642 17.1652 4
      vertex 6.99106 17.3979 3.2
      vertex 6.99106 17.3979 4.8
    endloop
  endfacet
  facet normal 0.353078 0.935594 0
    outer loop
      vertex 6.43631 17.6073 4
      vertex 6.99106 17.3979 4.8
      vertex 6.99106 17.3979 3.2
    endloop
  endfacet
  facet normal 0.662756 0.588987 0.462438
    outer loop
      vertex 0.795772 18.7331 4.8
      vertex 0.757575 17.8339 6
      vertex 2.26727 17.7054 4
    endloop
  endfacet
  facet normal 0.662756 0.588987 0.462438
    outer loop
      vertex 0.795773 18.7331 4.8
      vertex 0.795772 18.7331 4.8
      vertex 1.38751 18.6954 4
    endloop
  endfacet
  facet normal 0.662756 0.588987 0.462438
    outer loop
      vertex 1.38751 18.6954 4
      vertex 0.795772 18.7331 4.8
      vertex 2.26727 17.7054 4
    endloop
  endfacet
  facet normal -0.492959 0.736982 0.462438
    outer loop
      vertex 2.26727 17.7054 4
      vertex 3.76062 17.4494 6
      vertex 3.36809 18.4417 4
    endloop
  endfacet
  facet normal -0.492959 0.736982 0.462438
    outer loop
      vertex 3.36809 18.4417 4
      vertex 3.76062 17.4494 6
      vertex 3.95024 18.3292 4.8
    endloop
  endfacet
  facet normal 0.710318 0.530659 -0.462438
    outer loop
      vertex 3.76062 17.4494 6
      vertex 2.26727 17.7054 4
      vertex 2.38158 18.5981 5.2
    endloop
  endfacet
  facet normal 0.710318 0.530659 -0.462438
    outer loop
      vertex 2.96799 18.5104 6
      vertex 3.76062 17.4494 6
      vertex 2.38158 18.5981 5.2
    endloop
  endfacet
  facet normal -0.553683 0.692521 -0.462438
    outer loop
      vertex 0.757575 17.8339 6
      vertex 1.79199 18.6609 6
      vertex 2.26727 17.7054 4
    endloop
  endfacet
  facet normal -0.553683 0.692521 -0.462438
    outer loop
      vertex 2.26727 17.7054 4
      vertex 1.79199 18.6609 6
      vertex 2.38158 18.5981 5.2
    endloop
  endfacet
  facet normal 0.231381 0.972863 0
    outer loop
      vertex 3.95024 18.3292 3.2
      vertex 3.95024 18.3292 4.8
      vertex 4.52708 18.192 4
    endloop
  endfacet
  facet normal 0.189882 0.981807 0
    outer loop
      vertex 3.95024 18.3292 3.2
      vertex 3.36809 18.4417 4
      vertex 3.95024 18.3292 4.8
    endloop
  endfacet
  facet normal 0.553683 0.692521 0.462438
    outer loop
      vertex -2.38158 18.5981 4.8
      vertex -2.26727 17.7054 6
      vertex -0.757575 17.8339 4
    endloop
  endfacet
  facet normal 0.553683 0.692521 0.462438
    outer loop
      vertex -2.38158 18.5981 4.8
      vertex -0.757575 17.8339 4
      vertex -1.79199 18.6609 4
    endloop
  endfacet
  facet normal -0.610419 0.643071 0.462438
    outer loop
      vertex -0.757575 17.8339 4
      vertex 0.757575 17.8339 6
      vertex 0.202971 18.7457 4
    endloop
  endfacet
  facet normal -0.610419 0.643071 0.462438
    outer loop
      vertex 0.202971 18.7457 4
      vertex 0.757575 17.8339 6
      vertex 0.795772 18.7331 4.8
    endloop
  endfacet
  facet normal 0.610419 0.643071 -0.462438
    outer loop
      vertex -0.795772 18.7331 5.2
      vertex -0.202971 18.7457 6
      vertex -0.757575 17.8339 4
    endloop
  endfacet
  facet normal 0.610419 0.643071 -0.462438
    outer loop
      vertex -0.757575 17.8339 4
      vertex -0.202971 18.7457 6
      vertex 0.757575 17.8339 6
    endloop
  endfacet
  facet normal -0.662756 0.588987 -0.462438
    outer loop
      vertex -2.26727 17.7054 6
      vertex -1.38751 18.6954 6
      vertex -0.757575 17.8339 4
    endloop
  endfacet
  facet normal -0.662756 0.588987 -0.462438
    outer loop
      vertex -0.757575 17.8339 4
      vertex -1.38751 18.6954 6
      vertex -0.795773 18.7331 5.2
    endloop
  endfacet
  facet normal -0.662756 0.588987 -0.462438
    outer loop
      vertex -0.757575 17.8339 4
      vertex -0.795773 18.7331 5.2
      vertex -0.795772 18.7331 5.2
    endloop
  endfacet
  facet normal 0.0636383 0.997973 0
    outer loop
      vertex 1.38751 18.6954 4
      vertex 0.795773 18.7331 3.2
      vertex 0.795773 18.7331 4.8
    endloop
  endfacet
  facet normal 0.0212249 0.999775 0
    outer loop
      vertex 0.202971 18.7457 4
      vertex 0.795772 18.7331 4.8
      vertex 0.795772 18.7331 3.2
    endloop
  endfacet
  facet normal 0.0212249 0.999775 0
    outer loop
      vertex 0.795772 18.7331 3.2
      vertex 0.795772 18.7331 4.8
      vertex 0.795773 18.7331 4.8
    endloop
  endfacet
  facet normal 0.0212249 0.999775 0
    outer loop
      vertex 0.795772 18.7331 3.2
      vertex 0.795773 18.7331 4.8
      vertex 0.795773 18.7331 3.2
    endloop
  endfacet
  facet normal 0.428682 0.776133 0.462438
    outer loop
      vertex -5.49043 17.9281 4.8
      vertex -5.22689 17.0676 6
      vertex -3.76062 17.4494 4
    endloop
  endfacet
  facet normal 0.428682 0.776133 0.462438
    outer loop
      vertex -5.49043 17.9281 4.8
      vertex -3.76062 17.4494 4
      vertex -4.91992 18.0897 4
    endloop
  endfacet
  facet normal -0.710318 0.530659 0.462438
    outer loop
      vertex -3.76062 17.4494 4
      vertex -2.26727 17.7054 6
      vertex -2.96799 18.5104 4
    endloop
  endfacet
  facet normal -0.710318 0.530659 0.462438
    outer loop
      vertex -2.96799 18.5104 4
      vertex -2.26727 17.7054 6
      vertex -2.38158 18.5981 4.8
    endloop
  endfacet
  facet normal 0.492959 0.736982 -0.462438
    outer loop
      vertex -3.76062 17.4494 4
      vertex -3.95024 18.3292 5.2
      vertex -3.36809 18.4417 6
    endloop
  endfacet
  facet normal 0.492959 0.736982 -0.462438
    outer loop
      vertex -3.76062 17.4494 4
      vertex -3.36809 18.4417 6
      vertex -2.26727 17.7054 6
    endloop
  endfacet
  facet normal -0.752762 0.468508 -0.462438
    outer loop
      vertex -5.22689 17.0676 6
      vertex -4.52708 18.192 6
      vertex -3.76062 17.4494 4
    endloop
  endfacet
  facet normal -0.752762 0.468508 -0.462438
    outer loop
      vertex -3.76062 17.4494 4
      vertex -4.52708 18.192 6
      vertex -3.95024 18.3292 5.2
    endloop
  endfacet
  facet normal -0.105936 0.994373 0
    outer loop
      vertex -1.79199 18.6609 4
      vertex -2.38158 18.5981 3.2
      vertex -2.38158 18.5981 4.8
    endloop
  endfacet
  facet normal -0.148043 0.988981 0
    outer loop
      vertex -2.96799 18.5104 4
      vertex -2.38158 18.5981 4.8
      vertex -2.38158 18.5981 3.2
    endloop
  endfacet
  facet normal 0.291349 0.837417 0.462438
    outer loop
      vertex -8.44132 16.7424 4.8
      vertex -8.03614 15.9387 6
      vertex -6.65549 16.5628 4
    endloop
  endfacet
  facet normal 0.291349 0.837417 0.462438
    outer loop
      vertex -8.44132 16.7424 4.8
      vertex -6.65549 16.5628 4
      vertex -7.90633 16.998 4
    endloop
  endfacet
  facet normal -0.789782 0.402982 0.462438
    outer loop
      vertex -6.65549 16.5628 4
      vertex -5.22689 17.0676 6
      vertex -6.05356 17.7425 4
    endloop
  endfacet
  facet normal -0.789782 0.402982 0.462438
    outer loop
      vertex -6.05356 17.7425 4
      vertex -5.22689 17.0676 6
      vertex -5.49043 17.9281 4.8
    endloop
  endfacet
  facet normal 0.361318 0.809692 -0.462438
    outer loop
      vertex -6.99106 17.3979 5.2
      vertex -6.43631 17.6073 6
      vertex -6.65549 16.5628 4
    endloop
  endfacet
  facet normal 0.361318 0.809692 -0.462438
    outer loop
      vertex -6.65549 16.5628 4
      vertex -6.43631 17.6073 6
      vertex -5.22689 17.0676 6
    endloop
  endfacet
  facet normal -0.821112 0.334552 -0.462438
    outer loop
      vertex -8.03614 15.9387 6
      vertex -7.53642 17.1652 6
      vertex -6.65549 16.5628 4
    endloop
  endfacet
  facet normal -0.821112 0.334552 -0.462438
    outer loop
      vertex -6.65549 16.5628 4
      vertex -7.53642 17.1652 6
      vertex -6.99106 17.3979 5.2
    endloop
  endfacet
  facet normal -0.272463 0.962166 0
    outer loop
      vertex -4.91992 18.0897 4
      vertex -5.49043 17.9281 3.2
      vertex -5.49043 17.9281 4.8
    endloop
  endfacet
  facet normal -0.313052 0.949736 0
    outer loop
      vertex -6.05356 17.7425 4
      vertex -5.49043 17.9281 4.8
      vertex -5.49043 17.9281 3.2
    endloop
  endfacet
  facet normal 0.145634 0.874609 0.462438
    outer loop
      vertex -11.1494 15.0749 4.8
      vertex -10.6142 14.3513 6
      vertex -10.6653 15.4173 4
    endloop
  endfacet
  facet normal 0.145634 0.874609 0.462438
    outer loop
      vertex -10.6653 15.4173 4
      vertex -10.6142 14.3513 6
      vertex -9.35888 15.1998 4
    endloop
  endfacet
  facet normal -0.846526 0.263712 0.462438
    outer loop
      vertex -9.35888 15.1998 4
      vertex -8.03614 15.9387 6
      vertex -8.96498 16.4642 4
    endloop
  endfacet
  facet normal -0.846526 0.263712 0.462438
    outer loop
      vertex -8.96498 16.4642 4
      vertex -8.03614 15.9387 6
      vertex -8.44132 16.7424 4.8
    endloop
  endfacet
  facet normal 0.219282 0.859108 -0.462438
    outer loop
      vertex -9.83076 15.9662 5.2
      vertex -9.31937 16.2663 6
      vertex -9.35888 15.1998 4
    endloop
  endfacet
  facet normal 0.219282 0.859108 -0.462438
    outer loop
      vertex -9.35888 15.1998 4
      vertex -9.31937 16.2663 6
      vertex -8.03614 15.9387 6
    endloop
  endfacet
  facet normal -0.865841 0.190971 -0.462438
    outer loop
      vertex -10.6142 14.3513 6
      vertex -10.329 15.6446 6
      vertex -9.35888 15.1998 4
    endloop
  endfacet
  facet normal -0.865841 0.190971 -0.462438
    outer loop
      vertex -9.35888 15.1998 4
      vertex -10.329 15.6446 6
      vertex -9.83076 15.9662 5.2
    endloop
  endfacet
  facet normal -0.431149 0.902281 0
    outer loop
      vertex -7.90633 16.998 4
      vertex -8.44132 16.7424 3.2
      vertex -8.44132 16.7424 4.8
    endloop
  endfacet
  facet normal -0.469055 0.883169 0
    outer loop
      vertex -8.96498 16.4642 4
      vertex -8.44132 16.7424 4.8
      vertex -8.44132 16.7424 3.2
    endloop
  endfacet
  facet normal -0.00427027 0.886641 0.462438
    outer loop
      vertex -13.5367 12.9739 4.8
      vertex -12.8869 12.3511 6
      vertex -13.1174 13.3931 4
    endloop
  endfacet
  facet normal -0.00427027 0.886641 0.462438
    outer loop
      vertex -13.1174 13.3931 4
      vertex -12.8869 12.3511 6
      vertex -11.793 13.3995 4
    endloop
  endfacet
  facet normal -0.878917 0.116855 0.462438
    outer loop
      vertex -11.793 13.3995 4
      vertex -10.6142 14.3513 6
      vertex -11.6185 14.7123 4
    endloop
  endfacet
  facet normal -0.878917 0.116855 0.462438
    outer loop
      vertex -11.6185 14.7123 4
      vertex -10.6142 14.3513 6
      vertex -11.1494 15.0749 4.8
    endloop
  endfacet
  facet normal 0.0709376 0.883809 -0.462438
    outer loop
      vertex -11.793 13.3995 4
      vertex -12.3877 14.0751 5.2
      vertex -11.9343 14.4573 6
    endloop
  endfacet
  facet normal 0.0709376 0.883809 -0.462438
    outer loop
      vertex -11.793 13.3995 4
      vertex -11.9343 14.4573 6
      vertex -10.6142 14.3513 6
    endloop
  endfacet
  facet normal -0.885661 0.0418962 -0.462438
    outer loop
      vertex -12.8869 12.3511 6
      vertex -12.8243 13.674 6
      vertex -11.793 13.3995 4
    endloop
  endfacet
  facet normal -0.885661 0.0418962 -0.462438
    outer loop
      vertex -11.793 13.3995 4
      vertex -12.8243 13.674 6
      vertex -12.3877 14.0751 5.2
    endloop
  endfacet
  facet normal -0.577434 0.816437 0
    outer loop
      vertex -10.6653 15.4173 4
      vertex -11.1494 15.0749 3.2
      vertex -11.1494 15.0749 4.8
    endloop
  endfacet
  facet normal -0.611564 0.791195 0
    outer loop
      vertex -11.1494 15.0749 3.2
      vertex -11.6185 14.7123 4
      vertex -11.1494 15.0749 4.8
    endloop
  endfacet
  facet normal -0.154052 0.873166 0.462438
    outer loop
      vertex -15.5346 10.4995 4.8
      vertex -14.7889 9.99555 6
      vertex -15.1922 10.9836 4
    endloop
  endfacet
  facet normal -0.154052 0.873166 0.462438
    outer loop
      vertex -15.1922 10.9836 4
      vertex -14.7889 9.99555 6
      vertex -13.8879 11.2137 4
    endloop
  endfacet
  facet normal -0.886024 -0.0333638 0.462438
    outer loop
      vertex -13.9378 12.5372 4
      vertex -13.8879 11.2137 4
      vertex -13.5367 12.9739 4.8
    endloop
  endfacet
  facet normal -0.886024 -0.0333638 0.462438
    outer loop
      vertex -13.5367 12.9739 4.8
      vertex -13.8879 11.2137 4
      vertex -12.8869 12.3511 6
    endloop
  endfacet
  facet normal -0.0794472 0.883085 -0.462438
    outer loop
      vertex -13.8879 11.2137 4
      vertex -14.5882 11.7791 5.2
      vertex -14.206 12.2324 6
    endloop
  endfacet
  facet normal -0.0794472 0.883085 -0.462438
    outer loop
      vertex -13.8879 11.2137 4
      vertex -14.206 12.2324 6
      vertex -12.8869 12.3511 6
    endloop
  endfacet
  facet normal -0.880002 -0.108384 -0.462438
    outer loop
      vertex -14.9508 11.31 6
      vertex -14.5882 11.7791 5.2
      vertex -14.7889 9.99555 6
    endloop
  endfacet
  facet normal -0.880002 -0.108384 -0.462438
    outer loop
      vertex -14.7889 9.99555 6
      vertex -14.5882 11.7791 5.2
      vertex -13.8879 11.2137 4
    endloop
  endfacet
  facet normal -0.707107 0.707107 0
    outer loop
      vertex -13.5367 12.9739 3.2
      vertex -13.5367 12.9739 4.8
      vertex -13.1174 13.3931 4
    endloop
  endfacet
  facet normal -0.73648 0.676459 0
    outer loop
      vertex -13.5367 12.9739 3.2
      vertex -13.9378 12.5372 4
      vertex -13.5367 12.9739 4.8
    endloop
  endfacet
  facet normal -0.299402 0.834571 0.462438
    outer loop
      vertex -17.0855 7.72315 4.8
      vertex -16.2654 7.35244 6
      vertex -16.8299 8.25814 4
    endloop
  endfacet
  facet normal -0.299402 0.834571 0.462438
    outer loop
      vertex -16.8299 8.25814 4
      vertex -16.2654 7.35244 6
      vertex -15.5833 8.70535 4
    endloop
  endfacet
  facet normal -0.86764 -0.182623 0.462438
    outer loop
      vertex -15.8561 10.0013 4
      vertex -15.5833 8.70535 4
      vertex -15.5346 10.4995 4.8
    endloop
  endfacet
  facet normal -0.86764 -0.182623 0.462438
    outer loop
      vertex -15.5346 10.4995 4.8
      vertex -15.5833 8.70535 4
      vertex -14.7889 9.99555 6
    endloop
  endfacet
  facet normal -0.227547 0.856956 -0.462438
    outer loop
      vertex -16.369 9.14428 5.2
      vertex -16.0689 9.65567 6
      vertex -15.5833 8.70535 4
    endloop
  endfacet
  facet normal -0.227547 0.856956 -0.462438
    outer loop
      vertex -15.5833 8.70535 4
      vertex -16.0689 9.65567 6
      vertex -14.7889 9.99555 6
    endloop
  endfacet
  facet normal -0.849027 -0.255546 -0.462438
    outer loop
      vertex -16.6471 8.62062 6
      vertex -16.369 9.14428 5.2
      vertex -16.2654 7.35244 6
    endloop
  endfacet
  facet normal -0.849027 -0.255546 -0.462438
    outer loop
      vertex -16.2654 7.35244 6
      vertex -16.369 9.14428 5.2
      vertex -15.5833 8.70535 4
    endloop
  endfacet
  facet normal -0.816437 0.577434 0
    outer loop
      vertex -15.5346 10.4995 3.2
      vertex -15.5346 10.4995 4.8
      vertex -15.1922 10.9836 4
    endloop
  endfacet
  facet normal -0.840209 0.542263 0
    outer loop
      vertex -15.5346 10.4995 3.2
      vertex -15.8561 10.0013 4
      vertex -15.5346 10.4995 4.8
    endloop
  endfacet
  facet normal -0.436138 0.771968 0.462438
    outer loop
      vertex -18.145 4.72459 4.8
      vertex -17.274 4.49781 6
      vertex -16.8304 5.94654 4
    endloop
  endfacet
  facet normal -0.436138 0.771968 0.462438
    outer loop
      vertex -18.145 4.72459 4.8
      vertex -16.8304 5.94654 4
      vertex -17.9834 5.29509 4
    endloop
  endfacet
  facet normal -0.824297 -0.326628 0.462438
    outer loop
      vertex -17.3182 7.17779 4
      vertex -16.8304 5.94654 4
      vertex -17.0855 7.72315 4.8
    endloop
  endfacet
  facet normal -0.824297 -0.326628 0.462438
    outer loop
      vertex -17.0855 7.72315 4.8
      vertex -16.8304 5.94654 4
      vertex -16.2654 7.35244 6
    endloop
  endfacet
  facet normal -0.3691 0.806174 -0.462438
    outer loop
      vertex -16.8304 5.94654 4
      vertex -17.679 6.24637 5.2
      vertex -17.4696 6.80112 6
    endloop
  endfacet
  facet normal -0.3691 0.806174 -0.462438
    outer loop
      vertex -16.8304 5.94654 4
      vertex -17.4696 6.80112 6
      vertex -16.2654 7.35244 6
    endloop
  endfacet
  facet normal -0.793627 -0.395356 -0.462438
    outer loop
      vertex -17.8646 5.68324 6
      vertex -17.679 6.24637 5.2
      vertex -17.274 4.49781 6
    endloop
  endfacet
  facet normal -0.793627 -0.395356 -0.462438
    outer loop
      vertex -17.274 4.49781 6
      vertex -17.679 6.24637 5.2
      vertex -16.8304 5.94654 4
    endloop
  endfacet
  facet normal -0.902281 0.431149 0
    outer loop
      vertex -17.0855 7.72315 3.2
      vertex -17.0855 7.72315 4.8
      vertex -16.8299 8.25814 4
    endloop
  endfacet
  facet normal -0.919766 0.392467 0
    outer loop
      vertex -17.0855 7.72315 3.2
      vertex -17.3182 7.17779 4
      vertex -17.0855 7.72315 4.8
    endloop
  endfacet
  facet normal -0.962166 0.272463 0
    outer loop
      vertex -17.9834 5.29509 4
      vertex -18.145 4.72459 3.2
      vertex -18.145 4.72459 4.8
    endloop
  endfacet
  facet normal -0.972863 0.231381 0
    outer loop
      vertex -18.2822 4.14774 4
      vertex -18.145 4.72459 4.8
      vertex -18.145 4.72459 3.2
    endloop
  endfacet
  facet normal -0.500034 0.7322 0.462438
    outer loop
      vertex -18.3677 3.75091 6
      vertex -18.0277 3.42859 6.87798
      vertex -17.274 4.49781 6
    endloop
  endfacet
  facet normal -0.500034 0.7322 0.462438
    outer loop
      vertex -17.274 4.49781 6
      vertex -18.0277 3.42859 6.87798
      vertex -17.5932 3.01666 8
    endloop
  endfacet
  facet normal -0.793627 -0.395356 0.462438
    outer loop
      vertex -16.8304 5.94654 8
      vertex -17.8646 5.68324 6
      vertex -17.274 4.49781 6
    endloop
  endfacet
  facet normal -0.436138 0.771968 -0.462438
    outer loop
      vertex -17.274 4.49781 6
      vertex -17.8184 4.63955 6.75
      vertex -17.5513 5.00138 7.10211
    endloop
  endfacet
  facet normal -0.436138 0.771968 -0.462438
    outer loop
      vertex -17.274 4.49781 6
      vertex -17.5513 5.00138 7.10211
      vertex -17.3263 5.30612 7.39867
    endloop
  endfacet
  facet normal -0.436138 0.771968 -0.462438
    outer loop
      vertex -17.274 4.49781 6
      vertex -17.3263 5.30612 7.39867
      vertex -16.8304 5.94654 8
    endloop
  endfacet
  facet normal -0.757239 -0.461237 -0.462438
    outer loop
      vertex -17.8184 4.63955 6.75
      vertex -17.274 4.49781 6
      vertex -17.7678 4.24157 7.06409
    endloop
  endfacet
  facet normal -0.757239 -0.461237 -0.462438
    outer loop
      vertex -17.7678 4.24157 7.06409
      vertex -17.274 4.49781 6
      vertex -17.5932 3.01666 8
    endloop
  endfacet
  facet normal -0.757239 -0.461237 -0.462438
    outer loop
      vertex -17.7678 4.24157 7.06409
      vertex -17.5932 3.01666 8
      vertex -17.6849 3.62538 7.543
    endloop
  endfacet
  facet normal -0.757239 -0.461237 -0.462438
    outer loop
      vertex -17.7678 4.24157 7.06409
      vertex -17.6849 3.62538 7.543
      vertex -17.7139 3.81763 7.39867
    endloop
  endfacet
  facet normal -0.895365 0.173164 0.410288
    outer loop
      vertex -18.3677 3.75091 6
      vertex -18.4803 3.16877 6
      vertex -18.0277 3.42859 6.87798
    endloop
  endfacet
  facet normal -0.981807 0.189882 0
    outer loop
      vertex -18.4803 3.16877 5.2
      vertex -18.4803 3.16877 6
      vertex -18.3677 3.75091 6
    endloop
  endfacet
  facet normal -0.988981 0.148043 0
    outer loop
      vertex -18.4803 3.16877 5.2
      vertex -18.5681 2.58236 6
      vertex -18.4803 3.16877 6
    endloop
  endfacet
  facet normal -0.901907 0.135009 0.410288
    outer loop
      vertex -18.4803 3.16877 6
      vertex -18.5681 2.58236 6
      vertex -17.5932 3.01666 8
    endloop
  endfacet
  facet normal 0 0 1
    outer loop
      vertex -17.8339 0.757575 8
      vertex -17.85 0 8
      vertex -17.8339 -0.757575 8
    endloop
  endfacet
  facet normal 0 0 1
    outer loop
      vertex -17.7054 -2.26727 8
      vertex -17.8339 0.757575 8
      vertex -17.7857 -1.51379 8
    endloop
  endfacet
  facet normal 0 0 1
    outer loop
      vertex -17.7857 -1.51379 8
      vertex -17.8339 0.757575 8
      vertex -17.8339 -0.757575 8
    endloop
  endfacet
  facet normal 0 0 1
    outer loop
      vertex -17.5932 -3.01666 8
      vertex -17.8339 0.757575 8
      vertex -17.7054 -2.26727 8
    endloop
  endfacet
  facet normal 0 0 1
    outer loop
      vertex -17.4494 -3.76062 8
      vertex -17.8339 0.757575 8
      vertex -17.5932 -3.01666 8
    endloop
  endfacet
  facet normal 0 0 1
    outer loop
      vertex -17.274 -4.49781 8
      vertex -17.8339 0.757575 8
      vertex -17.4494 -3.76062 8
    endloop
  endfacet
  facet normal 0 0 1
    outer loop
      vertex -17.0676 -5.22689 8
      vertex -17.8339 0.757575 8
      vertex -17.274 -4.49781 8
    endloop
  endfacet
  facet normal 0 0 1
    outer loop
      vertex -16.8304 -5.94654 8
      vertex -17.8339 0.757575 8
      vertex -17.0676 -5.22689 8
    endloop
  endfacet
  facet normal 0 0 1
    outer loop
      vertex -16.5628 -6.65549 8
      vertex -17.8339 0.757575 8
      vertex -16.8304 -5.94654 8
    endloop
  endfacet
  facet normal 0 0 1
    outer loop
      vertex -16.2654 -7.35244 8
      vertex -17.8339 0.757575 8
      vertex -16.5628 -6.65549 8
    endloop
  endfacet
  facet normal 0 0 1
    outer loop
      vertex -15.9387 -8.03614 8
      vertex -17.8339 0.757575 8
      vertex -16.2654 -7.35244 8
    endloop
  endfacet
  facet normal 0 0 1
    outer loop
      vertex -15.5833 -8.70535 8
      vertex -17.8339 0.757575 8
      vertex -15.9387 -8.03614 8
    endloop
  endfacet
  facet normal 0 0 1
    outer loop
      vertex -15.1998 -9.35888 8
      vertex -17.8339 0.757575 8
      vertex -15.5833 -8.70535 8
    endloop
  endfacet
  facet normal 0 0 1
    outer loop
      vertex -14.7889 -9.99555 8
      vertex -17.8339 0.757575 8
      vertex -15.1998 -9.35888 8
    endloop
  endfacet
  facet normal 0 0 1
    outer loop
      vertex -14.3513 -10.6142 8
      vertex -17.8339 0.757575 8
      vertex -14.7889 -9.99555 8
    endloop
  endfacet
  facet normal 0 0 1
    outer loop
      vertex -13.8879 -11.2137 8
      vertex -17.8339 0.757575 8
      vertex -14.3513 -10.6142 8
    endloop
  endfacet
  facet normal 0 0 1
    outer loop
      vertex -13.3995 -11.793 8
      vertex -17.8339 0.757575 8
      vertex -13.8879 -11.2137 8
    endloop
  endfacet
  facet normal 0 0 1
    outer loop
      vertex -12.8869 -12.3511 8
      vertex -17.8339 0.757575 8
      vertex -13.3995 -11.793 8
    endloop
  endfacet
  facet normal 0 0 1
    outer loop
      vertex -12.3511 -12.8869 8
      vertex -17.8339 0.757575 8
      vertex -12.8869 -12.3511 8
    endloop
  endfacet
  facet normal 0 0 1
    outer loop
      vertex -11.793 -13.3995 8
      vertex -17.8339 0.757575 8
      vertex -12.3511 -12.8869 8
    endloop
  endfacet
  facet normal 0 0 1
    outer loop
      vertex -11.2137 -13.8879 8
      vertex -17.8339 0.757575 8
      vertex -11.793 -13.3995 8
    endloop
  endfacet
  facet normal 0 0 1
    outer loop
      vertex -10.6142 -14.3513 8
      vertex -17.8339 0.757575 8
      vertex -11.2137 -13.8879 8
    endloop
  endfacet
  facet normal 0 0 1
    outer loop
      vertex -9.99555 -14.7889 8
      vertex -17.8339 0.757575 8
      vertex -10.6142 -14.3513 8
    endloop
  endfacet
  facet normal 0 0 1
    outer loop
      vertex -9.35888 -15.1998 8
      vertex -17.8339 0.757575 8
      vertex -9.99555 -14.7889 8
    endloop
  endfacet
  facet normal 0 0 1
    outer loop
      vertex -8.70535 -15.5833 8
      vertex -17.8339 0.757575 8
      vertex -9.35888 -15.1998 8
    endloop
  endfacet
  facet normal 0 0 1
    outer loop
      vertex -8.03614 -15.9387 8
      vertex -17.8339 0.757575 8
      vertex -8.70535 -15.5833 8
    endloop
  endfacet
  facet normal 0 0 1
    outer loop
      vertex -7.35244 -16.2654 8
      vertex -17.8339 0.757575 8
      vertex -8.03614 -15.9387 8
    endloop
  endfacet
  facet normal 0 0 1
    outer loop
      vertex -6.65549 -16.5628 8
      vertex -17.8339 0.757575 8
      vertex -7.35244 -16.2654 8
    endloop
  endfacet
  facet normal 0 0 1
    outer loop
      vertex -5.94654 -16.8304 8
      vertex -17.8339 0.757575 8
      vertex -6.65549 -16.5628 8
    endloop
  endfacet
  facet normal 0 0 1
    outer loop
      vertex -5.22689 -17.0676 8
      vertex -17.8339 0.757575 8
      vertex -5.94654 -16.8304 8
    endloop
  endfacet
  facet normal 0 0 1
    outer loop
      vertex -4.49781 -17.274 8
      vertex -17.8339 0.757575 8
      vertex -5.22689 -17.0676 8
    endloop
  endfacet
  facet normal 0 0 1
    outer loop
      vertex -3.76062 -17.4494 8
      vertex -17.8339 0.757575 8
      vertex -4.49781 -17.274 8
    endloop
  endfacet
  facet normal 0 0 1
    outer loop
      vertex -3.01666 -17.5932 8
      vertex -17.8339 0.757575 8
      vertex -3.76062 -17.4494 8
    endloop
  endfacet
  facet normal 0 0 1
    outer loop
      vertex -2.26727 -17.7054 8
      vertex -17.8339 0.757575 8
      vertex -3.01666 -17.5932 8
    endloop
  endfacet
  facet normal 0 0 1
    outer loop
      vertex -1.51379 -17.7857 8
      vertex -17.8339 0.757575 8
      vertex -2.26727 -17.7054 8
    endloop
  endfacet
  facet normal 0 0 1
    outer loop
      vertex -0.757575 -17.8339 8
      vertex -17.8339 0.757575 8
      vertex -1.51379 -17.7857 8
    endloop
  endfacet
  facet normal 0 0 1
    outer loop
      vertex 0 -17.85 8
      vertex -17.8339 0.757575 8
      vertex -0.757575 -17.8339 8
    endloop
  endfacet
  facet normal 0 0 1
    outer loop
      vertex -13.0029 -4.27911 8
      vertex -17.8339 0.757575 8
      vertex 0 -17.85 8
    endloop
  endfacet
  facet normal 0 0 1
    outer loop
      vertex -10.9294 -5.47629 8
      vertex 1.51379 -17.7857 8
      vertex 2.26727 -17.7054 8
    endloop
  endfacet
  facet normal 0 0 1
    outer loop
      vertex -10.9294 -5.47629 8
      vertex -11.9543 -5.01995 8
      vertex 1.51379 -17.7857 8
    endloop
  endfacet
  facet normal 0 0 1
    outer loop
      vertex -9.75189 -5.72657 8
      vertex 3.76062 -17.4494 8
      vertex 4.49781 -17.274 8
    endloop
  endfacet
  facet normal 0 0 1
    outer loop
      vertex -9.75189 -5.72657 8
      vertex 3.01666 -17.5932 8
      vertex 3.76062 -17.4494 8
    endloop
  endfacet
  facet normal 0 0 1
    outer loop
      vertex -9.75189 -5.72657 8
      vertex -10.8493 -5.4933 8
      vertex 3.01666 -17.5932 8
    endloop
  endfacet
  facet normal 0 0 1
    outer loop
      vertex -8.54811 -5.72657 8
      vertex 5.94654 -16.8304 8
      vertex 6.65549 -16.5628 8
    endloop
  endfacet
  facet normal 0 0 1
    outer loop
      vertex -3.51772 -1.19718 8
      vertex 17.0676 -5.22689 8
      vertex 17.274 -4.49781 8
    endloop
  endfacet
  facet normal 0 0 1
    outer loop
      vertex -3.51772 -1.19718 8
      vertex 16.5628 -6.65549 8
      vertex 16.8304 -5.94654 8
    endloop
  endfacet
  facet normal 0 0 1
    outer loop
      vertex -3.39189 0 8
      vertex 17.7054 -2.26727 8
      vertex 17.7857 -1.51379 8
    endloop
  endfacet
  facet normal 0 0 1
    outer loop
      vertex -3.39189 0 8
      vertex 17.5932 -3.01666 8
      vertex 17.7054 -2.26727 8
    endloop
  endfacet
  facet normal 0 0 1
    outer loop
      vertex -3.51772 1.19718 8
      vertex 17.8339 0.757575 8
      vertex 17.7857 1.51379 8
    endloop
  endfacet
  facet normal 0 0 1
    outer loop
      vertex -4.49159 -3.38453 8
      vertex 13.8879 -11.2137 8
      vertex 14.3513 -10.6142 8
    endloop
  endfacet
  facet normal 0 0 1
    outer loop
      vertex -3.51772 1.19718 8
      vertex 17.8339 -0.757575 8
      vertex 17.85 0 8
    endloop
  endfacet
  facet normal 0 0 1
    outer loop
      vertex -3.51772 1.19718 8
      vertex -3.40044 0.0813728 8
      vertex 17.8339 -0.757575 8
    endloop
  endfacet
  facet normal 0 0 1
    outer loop
      vertex -14.7823 1.19718 8
      vertex -14.4356 2.26422 8
      vertex -17.8339 0.757575 8
    endloop
  endfacet
  facet normal 0 0 1
    outer loop
      vertex -4.49159 3.38453 8
      vertex 16.5628 6.65549 8
      vertex 16.2654 7.35244 8
    endloop
  endfacet
  facet normal 0 0 1
    outer loop
      vertex -5.36326 4.32721 8
      vertex -5.29707 4.27911 8
      vertex 14.7889 9.99555 8
    endloop
  endfacet
  facet normal 0 0 1
    outer loop
      vertex -5.29707 4.27911 8
      vertex 15.9387 8.03614 8
      vertex 15.5833 8.70535 8
    endloop
  endfacet
  facet normal 0 0 1
    outer loop
      vertex -14.7908 1.11581 8
      vertex -14.7823 1.19718 8
      vertex -17.8339 0.757575 8
    endloop
  endfacet
  facet normal 0 0 1
    outer loop
      vertex -3.8897 2.34204 8
      vertex 17.4494 3.76062 8
      vertex 17.274 4.49781 8
    endloop
  endfacet
  facet normal 0 0 1
    outer loop
      vertex -6.27094 4.98667 8
      vertex -5.36326 4.32721 8
      vertex 14.3513 10.6142 8
    endloop
  endfacet
  facet normal 0 0 1
    outer loop
      vertex -14.4103 2.34204 8
      vertex -13.8493 3.31368 8
      vertex -17.8339 0.757575 8
    endloop
  endfacet
  facet normal 0 0 1
    outer loop
      vertex -7.37065 5.47629 8
      vertex 12.3511 12.8869 8
      vertex 11.793 13.3995 8
    endloop
  endfacet
  facet normal 0 0 1
    outer loop
      vertex -8.54811 5.72657 8
      vertex 10.6142 14.3513 8
      vertex 9.99555 14.7889 8
    endloop
  endfacet
  facet normal 0 0 1
    outer loop
      vertex -8.54811 5.72657 8
      vertex 9.99555 14.7889 8
      vertex 9.35888 15.1998 8
    endloop
  endfacet
  facet normal 0 0 1
    outer loop
      vertex -14.4356 2.26422 8
      vertex -14.4103 2.34204 8
      vertex -17.8339 0.757575 8
    endloop
  endfacet
  facet normal 0 0 1
    outer loop
      vertex -9.83192 5.70956 8
      vertex -9.75189 5.72657 8
      vertex 7.35244 16.2654 8
    endloop
  endfacet
  facet normal 0 0 1
    outer loop
      vertex -7.37065 -5.47629 8
      vertex -8.46808 -5.70956 8
      vertex 7.35244 -16.2654 8
    endloop
  endfacet
  facet normal 0 0 1
    outer loop
      vertex -13.8084 3.38453 8
      vertex -13.0577 4.21831 8
      vertex -17.8339 0.757575 8
    endloop
  endfacet
  facet normal 0 0 1
    outer loop
      vertex -13.8493 3.31368 8
      vertex -13.8084 3.38453 8
      vertex -17.8339 0.757575 8
    endloop
  endfacet
  facet normal 0 0 1
    outer loop
      vertex -10.9294 5.47629 8
      vertex 7.35244 16.2654 8
      vertex 6.65549 16.5628 8
    endloop
  endfacet
  facet normal 0 0 1
    outer loop
      vertex 3.76062 17.4494 8
      vertex -17.8339 0.757575 8
      vertex 4.49781 17.274 8
    endloop
  endfacet
  facet normal 0 0 1
    outer loop
      vertex 3.01666 17.5932 8
      vertex -17.8339 0.757575 8
      vertex 3.76062 17.4494 8
    endloop
  endfacet
  facet normal 0 0 1
    outer loop
      vertex 2.26727 17.7054 8
      vertex -17.8339 0.757575 8
      vertex 3.01666 17.5932 8
    endloop
  endfacet
  facet normal 0 0 1
    outer loop
      vertex 1.51379 17.7857 8
      vertex -17.8339 0.757575 8
      vertex 2.26727 17.7054 8
    endloop
  endfacet
  facet normal 0 0 1
    outer loop
      vertex 0.757575 17.8339 8
      vertex -17.8339 0.757575 8
      vertex 1.51379 17.7857 8
    endloop
  endfacet
  facet normal 0 0 1
    outer loop
      vertex 0 17.85 8
      vertex -17.8339 0.757575 8
      vertex 0.757575 17.8339 8
    endloop
  endfacet
  facet normal 0 0 1
    outer loop
      vertex -0.757575 17.8339 8
      vertex -17.8339 0.757575 8
      vertex 0 17.85 8
    endloop
  endfacet
  facet normal 0 0 1
    outer loop
      vertex -1.51379 17.7857 8
      vertex -17.8339 0.757575 8
      vertex -0.757575 17.8339 8
    endloop
  endfacet
  facet normal 0 0 1
    outer loop
      vertex -2.26727 17.7054 8
      vertex -17.8339 0.757575 8
      vertex -1.51379 17.7857 8
    endloop
  endfacet
  facet normal 0 0 1
    outer loop
      vertex -3.01666 17.5932 8
      vertex -17.8339 0.757575 8
      vertex -2.26727 17.7054 8
    endloop
  endfacet
  facet normal 0 0 1
    outer loop
      vertex -3.76062 17.4494 8
      vertex -17.8339 0.757575 8
      vertex -3.01666 17.5932 8
    endloop
  endfacet
  facet normal 0 0 1
    outer loop
      vertex -4.49781 17.274 8
      vertex -17.8339 0.757575 8
      vertex -3.76062 17.4494 8
    endloop
  endfacet
  facet normal 0 0 1
    outer loop
      vertex -5.22689 17.0676 8
      vertex -17.8339 0.757575 8
      vertex -4.49781 17.274 8
    endloop
  endfacet
  facet normal 0 0 1
    outer loop
      vertex -5.94654 16.8304 8
      vertex -17.8339 0.757575 8
      vertex -5.22689 17.0676 8
    endloop
  endfacet
  facet normal 0 0 1
    outer loop
      vertex -6.65549 16.5628 8
      vertex -17.8339 0.757575 8
      vertex -5.94654 16.8304 8
    endloop
  endfacet
  facet normal 0 0 1
    outer loop
      vertex -7.35244 16.2654 8
      vertex -17.8339 0.757575 8
      vertex -6.65549 16.5628 8
    endloop
  endfacet
  facet normal 0 0 1
    outer loop
      vertex -8.03614 15.9387 8
      vertex -17.8339 0.757575 8
      vertex -7.35244 16.2654 8
    endloop
  endfacet
  facet normal 0 0 1
    outer loop
      vertex -8.70535 15.5833 8
      vertex -17.8339 0.757575 8
      vertex -8.03614 15.9387 8
    endloop
  endfacet
  facet normal 0 0 1
    outer loop
      vertex -9.35888 15.1998 8
      vertex -17.8339 0.757575 8
      vertex -8.70535 15.5833 8
    endloop
  endfacet
  facet normal 0 0 1
    outer loop
      vertex -9.99555 14.7889 8
      vertex -17.8339 0.757575 8
      vertex -9.35888 15.1998 8
    endloop
  endfacet
  facet normal 0 0 1
    outer loop
      vertex -10.6142 14.3513 8
      vertex -17.8339 0.757575 8
      vertex -9.99555 14.7889 8
    endloop
  endfacet
  facet normal 0 0 1
    outer loop
      vertex -11.2137 13.8879 8
      vertex -17.8339 0.757575 8
      vertex -10.6142 14.3513 8
    endloop
  endfacet
  facet normal 0 0 1
    outer loop
      vertex -11.793 13.3995 8
      vertex -17.8339 0.757575 8
      vertex -11.2137 13.8879 8
    endloop
  endfacet
  facet normal 0 0 1
    outer loop
      vertex -12.3511 12.8869 8
      vertex -17.8339 0.757575 8
      vertex -11.793 13.3995 8
    endloop
  endfacet
  facet normal 0 0 1
    outer loop
      vertex -12.8869 12.3511 8
      vertex -17.8339 0.757575 8
      vertex -12.3511 12.8869 8
    endloop
  endfacet
  facet normal 0 0 1
    outer loop
      vertex -13.3995 11.793 8
      vertex -17.8339 0.757575 8
      vertex -12.8869 12.3511 8
    endloop
  endfacet
  facet normal 0 0 1
    outer loop
      vertex -13.8879 11.2137 8
      vertex -17.8339 0.757575 8
      vertex -13.3995 11.793 8
    endloop
  endfacet
  facet normal 0 0 1
    outer loop
      vertex -14.3513 10.6142 8
      vertex -17.8339 0.757575 8
      vertex -13.8879 11.2137 8
    endloop
  endfacet
  facet normal 0 0 1
    outer loop
      vertex -14.7889 9.99555 8
      vertex -17.8339 0.757575 8
      vertex -14.3513 10.6142 8
    endloop
  endfacet
  facet normal 0 0 1
    outer loop
      vertex -15.1998 9.35888 8
      vertex -17.8339 0.757575 8
      vertex -14.7889 9.99555 8
    endloop
  endfacet
  facet normal 0 0 1
    outer loop
      vertex -15.5833 8.70535 8
      vertex -17.8339 0.757575 8
      vertex -15.1998 9.35888 8
    endloop
  endfacet
  facet normal 0 0 1
    outer loop
      vertex -15.9387 8.03614 8
      vertex -17.8339 0.757575 8
      vertex -15.5833 8.70535 8
    endloop
  endfacet
  facet normal 0 0 1
    outer loop
      vertex -16.2654 7.35244 8
      vertex -17.8339 0.757575 8
      vertex -15.9387 8.03614 8
    endloop
  endfacet
  facet normal 0 0 1
    outer loop
      vertex -16.5628 6.65549 8
      vertex -17.8339 0.757575 8
      vertex -16.2654 7.35244 8
    endloop
  endfacet
  facet normal 0 0 1
    outer loop
      vertex -16.8304 5.94654 8
      vertex -17.8339 0.757575 8
      vertex -16.5628 6.65549 8
    endloop
  endfacet
  facet normal 0 0 1
    outer loop
      vertex -17.0676 5.22689 8
      vertex -17.8339 0.757575 8
      vertex -16.8304 5.94654 8
    endloop
  endfacet
  facet normal 0 0 1
    outer loop
      vertex -17.274 4.49781 8
      vertex -17.8339 0.757575 8
      vertex -17.0676 5.22689 8
    endloop
  endfacet
  facet normal 0 0 1
    outer loop
      vertex -17.4494 3.76062 8
      vertex -17.8339 0.757575 8
      vertex -17.274 4.49781 8
    endloop
  endfacet
  facet normal 0 0 1
    outer loop
      vertex -17.5932 3.01666 8
      vertex -17.8339 0.757575 8
      vertex -17.4494 3.76062 8
    endloop
  endfacet
  facet normal 0 0 1
    outer loop
      vertex -17.7054 2.26727 8
      vertex -17.8339 0.757575 8
      vertex -17.5932 3.01666 8
    endloop
  endfacet
  facet normal 0 0 1
    outer loop
      vertex -17.7857 1.51379 8
      vertex -17.8339 0.757575 8
      vertex -17.7054 2.26727 8
    endloop
  endfacet
  facet normal 0 0 1
    outer loop
      vertex -4.49159 -3.38453 8
      vertex 14.3513 -10.6142 8
      vertex 14.7889 -9.99555 8
    endloop
  endfacet
  facet normal 0 0 1
    outer loop
      vertex -3.51772 1.19718 8
      vertex 17.85 0 8
      vertex 17.8339 0.757575 8
    endloop
  endfacet
  facet normal 0 0 1
    outer loop
      vertex -7.37065 -5.47629 8
      vertex 8.03614 -15.9387 8
      vertex 8.70535 -15.5833 8
    endloop
  endfacet
  facet normal 0 0 1
    outer loop
      vertex -3.8897 -2.34204 8
      vertex 15.1998 -9.35888 8
      vertex 15.5833 -8.70535 8
    endloop
  endfacet
  facet normal 0 0 1
    outer loop
      vertex -6.27094 4.98667 8
      vertex 14.3513 10.6142 8
      vertex 13.8879 11.2137 8
    endloop
  endfacet
  facet normal 0 0 1
    outer loop
      vertex -3.8897 2.34204 8
      vertex 17.5932 3.01666 8
      vertex 17.4494 3.76062 8
    endloop
  endfacet
  facet normal 0 0 1
    outer loop
      vertex -4.49159 3.38453 8
      vertex -3.93061 2.41289 8
      vertex 17.0676 5.22689 8
    endloop
  endfacet
  facet normal 0 0 1
    outer loop
      vertex -8.54811 5.72657 8
      vertex -7.45068 5.4933 8
      vertex 10.6142 14.3513 8
    endloop
  endfacet
  facet normal 0 0 1
    outer loop
      vertex -7.37065 5.47629 8
      vertex 11.793 13.3995 8
      vertex 11.2137 13.8879 8
    endloop
  endfacet
  facet normal 0 0 1
    outer loop
      vertex -9.75189 5.72657 8
      vertex 8.70535 15.5833 8
      vertex 8.03614 15.9387 8
    endloop
  endfacet
  facet normal 0 0 1
    outer loop
      vertex -7.37065 5.47629 8
      vertex 12.8869 12.3511 8
      vertex 12.3511 12.8869 8
    endloop
  endfacet
  facet normal 0 0 1
    outer loop
      vertex -10.9294 5.47629 8
      vertex -9.83192 5.70956 8
      vertex 7.35244 16.2654 8
    endloop
  endfacet
  facet normal 0 0 1
    outer loop
      vertex -13.0029 4.27911 8
      vertex -17.8339 0.757575 8
      vertex -13.0577 4.21831 8
    endloop
  endfacet
  facet normal 0 0 1
    outer loop
      vertex 4.49781 17.274 8
      vertex -17.8339 0.757575 8
      vertex -13.0029 4.27911 8
    endloop
  endfacet
  facet normal 0 0 1
    outer loop
      vertex 4.49781 17.274 8
      vertex -13.0029 4.27911 8
      vertex -12.0953 4.93858 8
    endloop
  endfacet
  facet normal 0 0 1
    outer loop
      vertex -10.9294 5.47629 8
      vertex 6.65549 16.5628 8
      vertex 5.94654 16.8304 8
    endloop
  endfacet
  facet normal 0 0 1
    outer loop
      vertex 4.49781 17.274 8
      vertex -12.0953 4.93858 8
      vertex -12.0291 4.98667 8
    endloop
  endfacet
  facet normal 0 0 1
    outer loop
      vertex 5.22689 17.0676 8
      vertex -11.0041 5.44301 8
      vertex 5.94654 16.8304 8
    endloop
  endfacet
  facet normal 0 0 1
    outer loop
      vertex -12.0291 4.98667 8
      vertex 5.22689 17.0676 8
      vertex 4.49781 17.274 8
    endloop
  endfacet
  facet normal 0 0 1
    outer loop
      vertex -11.0041 5.44301 8
      vertex -10.9294 5.47629 8
      vertex 5.94654 16.8304 8
    endloop
  endfacet
  facet normal 0 0 1
    outer loop
      vertex -12.0291 4.98667 8
      vertex -11.0041 5.44301 8
      vertex 5.22689 17.0676 8
    endloop
  endfacet
  facet normal 0 0 1
    outer loop
      vertex -9.75189 5.72657 8
      vertex -8.54811 5.72657 8
      vertex 8.70535 15.5833 8
    endloop
  endfacet
  facet normal 0 0 1
    outer loop
      vertex 7.35244 16.2654 8
      vertex -9.75189 5.72657 8
      vertex 8.03614 15.9387 8
    endloop
  endfacet
  facet normal 0 0 1
    outer loop
      vertex -7.37065 5.47629 8
      vertex -6.34569 5.01995 8
      vertex 12.8869 12.3511 8
    endloop
  endfacet
  facet normal 0 0 1
    outer loop
      vertex 8.70535 15.5833 8
      vertex -8.54811 5.72657 8
      vertex 9.35888 15.1998 8
    endloop
  endfacet
  facet normal 0 0 1
    outer loop
      vertex -3.8897 -2.34204 8
      vertex -4.45068 -3.31368 8
      vertex 15.1998 -9.35888 8
    endloop
  endfacet
  facet normal 0 0 1
    outer loop
      vertex 10.6142 14.3513 8
      vertex -7.45068 5.4933 8
      vertex 11.2137 13.8879 8
    endloop
  endfacet
  facet normal 0 0 1
    outer loop
      vertex -3.8897 2.34204 8
      vertex -3.543 1.275 8
      vertex 17.7054 2.26727 8
    endloop
  endfacet
  facet normal 0 0 1
    outer loop
      vertex 12.8869 12.3511 8
      vertex -6.34569 5.01995 8
      vertex 13.3995 11.793 8
    endloop
  endfacet
  facet normal 0 0 1
    outer loop
      vertex -6.34569 5.01995 8
      vertex -6.27094 4.98667 8
      vertex 13.3995 11.793 8
    endloop
  endfacet
  facet normal 0 0 1
    outer loop
      vertex 14.3513 10.6142 8
      vertex -5.36326 4.32721 8
      vertex 14.7889 9.99555 8
    endloop
  endfacet
  facet normal 0 0 1
    outer loop
      vertex -7.45068 5.4933 8
      vertex -7.37065 5.47629 8
      vertex 11.2137 13.8879 8
    endloop
  endfacet
  facet normal 0 0 1
    outer loop
      vertex 14.7889 9.99555 8
      vertex -5.29707 4.27911 8
      vertex 15.1998 9.35888 8
    endloop
  endfacet
  facet normal 0 0 1
    outer loop
      vertex 15.9387 8.03614 8
      vertex -4.54634 3.44534 8
      vertex 16.2654 7.35244 8
    endloop
  endfacet
  facet normal 0 0 1
    outer loop
      vertex -4.54634 3.44534 8
      vertex -4.49159 3.38453 8
      vertex 16.2654 7.35244 8
    endloop
  endfacet
  facet normal 0 0 1
    outer loop
      vertex 17.0676 5.22689 8
      vertex -3.93061 2.41289 8
      vertex 17.274 4.49781 8
    endloop
  endfacet
  facet normal 0 0 1
    outer loop
      vertex -3.93061 2.41289 8
      vertex -3.8897 2.34204 8
      vertex 17.274 4.49781 8
    endloop
  endfacet
  facet normal 0 0 1
    outer loop
      vertex 17.7054 2.26727 8
      vertex -3.543 1.275 8
      vertex 17.7857 1.51379 8
    endloop
  endfacet
  facet normal 0 0 1
    outer loop
      vertex -6.27094 4.98667 8
      vertex 13.8879 11.2137 8
      vertex 13.3995 11.793 8
    endloop
  endfacet
  facet normal 0 0 1
    outer loop
      vertex -3.543 1.275 8
      vertex -3.51772 1.19718 8
      vertex 17.7857 1.51379 8
    endloop
  endfacet
  facet normal 0 0 1
    outer loop
      vertex -5.29707 4.27911 8
      vertex -4.54634 3.44534 8
      vertex 15.9387 8.03614 8
    endloop
  endfacet
  facet normal 0 0 1
    outer loop
      vertex 17.8339 -0.757575 8
      vertex -3.40044 0.0813728 8
      vertex 17.7857 -1.51379 8
    endloop
  endfacet
  facet normal 0 0 1
    outer loop
      vertex -5.29707 4.27911 8
      vertex 15.5833 8.70535 8
      vertex 15.1998 9.35888 8
    endloop
  endfacet
  facet normal 0 0 1
    outer loop
      vertex -3.40044 0.0813728 8
      vertex -3.39189 0 8
      vertex 17.7857 -1.51379 8
    endloop
  endfacet
  facet normal 0 0 1
    outer loop
      vertex -4.49159 3.38453 8
      vertex 17.0676 5.22689 8
      vertex 16.8304 5.94654 8
    endloop
  endfacet
  facet normal 0 0 1
    outer loop
      vertex 17.4494 -3.76062 8
      vertex -3.50916 -1.11581 8
      vertex 17.274 -4.49781 8
    endloop
  endfacet
  facet normal 0 0 1
    outer loop
      vertex -4.49159 3.38453 8
      vertex 16.8304 5.94654 8
      vertex 16.5628 6.65549 8
    endloop
  endfacet
  facet normal 0 0 1
    outer loop
      vertex -3.50916 -1.11581 8
      vertex -3.51772 -1.19718 8
      vertex 17.274 -4.49781 8
    endloop
  endfacet
  facet normal 0 0 1
    outer loop
      vertex -3.8897 2.34204 8
      vertex 17.7054 2.26727 8
      vertex 17.5932 3.01666 8
    endloop
  endfacet
  facet normal 0 0 1
    outer loop
      vertex 16.5628 -6.65549 8
      vertex -3.86442 -2.26422 8
      vertex 16.2654 -7.35244 8
    endloop
  endfacet
  facet normal 0 0 1
    outer loop
      vertex -3.86442 -2.26422 8
      vertex -3.8897 -2.34204 8
      vertex 16.2654 -7.35244 8
    endloop
  endfacet
  facet normal 0 0 1
    outer loop
      vertex -4.49159 -3.38453 8
      vertex -5.24232 -4.21831 8
      vertex 13.8879 -11.2137 8
    endloop
  endfacet
  facet normal 0 0 1
    outer loop
      vertex 15.1998 -9.35888 8
      vertex -4.49159 -3.38453 8
      vertex 14.7889 -9.99555 8
    endloop
  endfacet
  facet normal 0 0 1
    outer loop
      vertex -14.8996 -0.0813728 8
      vertex -14.9081 0 8
      vertex -17.8339 0.757575 8
    endloop
  endfacet
  facet normal 0 0 1
    outer loop
      vertex 13.8879 -11.2137 8
      vertex -5.24232 -4.21831 8
      vertex 13.3995 -11.793 8
    endloop
  endfacet
  facet normal 0 0 1
    outer loop
      vertex -3.39189 0 8
      vertex -3.50916 -1.11581 8
      vertex 17.4494 -3.76062 8
    endloop
  endfacet
  facet normal 0 0 1
    outer loop
      vertex -5.24232 -4.21831 8
      vertex -5.29707 -4.27911 8
      vertex 13.3995 -11.793 8
    endloop
  endfacet
  facet normal 0 0 1
    outer loop
      vertex -3.39189 0 8
      vertex 17.4494 -3.76062 8
      vertex 17.5932 -3.01666 8
    endloop
  endfacet
  facet normal 0 0 1
    outer loop
      vertex 11.793 -13.3995 8
      vertex -6.20475 -4.93858 8
      vertex 11.2137 -13.8879 8
    endloop
  endfacet
  facet normal 0 0 1
    outer loop
      vertex -3.8897 -2.34204 8
      vertex 15.5833 -8.70535 8
      vertex 15.9387 -8.03614 8
    endloop
  endfacet
  facet normal 0 0 1
    outer loop
      vertex -6.20475 -4.93858 8
      vertex -6.27094 -4.98667 8
      vertex 11.2137 -13.8879 8
    endloop
  endfacet
  facet normal 0 0 1
    outer loop
      vertex -3.51772 -1.19718 8
      vertex -3.86442 -2.26422 8
      vertex 16.5628 -6.65549 8
    endloop
  endfacet
  facet normal 0 0 1
    outer loop
      vertex 9.35888 -15.1998 8
      vertex -7.2959 -5.44301 8
      vertex 8.70535 -15.5833 8
    endloop
  endfacet
  facet normal 0 0 1
    outer loop
      vertex -3.51772 -1.19718 8
      vertex 16.8304 -5.94654 8
      vertex 17.0676 -5.22689 8
    endloop
  endfacet
  facet normal 0 0 1
    outer loop
      vertex -7.2959 -5.44301 8
      vertex -7.37065 -5.47629 8
      vertex 8.70535 -15.5833 8
    endloop
  endfacet
  facet normal 0 0 1
    outer loop
      vertex -3.8897 -2.34204 8
      vertex 15.9387 -8.03614 8
      vertex 16.2654 -7.35244 8
    endloop
  endfacet
  facet normal 0 0 1
    outer loop
      vertex 7.35244 -16.2654 8
      vertex -8.46808 -5.70956 8
      vertex 6.65549 -16.5628 8
    endloop
  endfacet
  facet normal 0 0 1
    outer loop
      vertex -8.46808 -5.70956 8
      vertex -8.54811 -5.72657 8
      vertex 6.65549 -16.5628 8
    endloop
  endfacet
  facet normal 0 0 1
    outer loop
      vertex 5.22689 -17.0676 8
      vertex -9.75189 -5.72657 8
      vertex 4.49781 -17.274 8
    endloop
  endfacet
  facet normal 0 0 1
    outer loop
      vertex 3.01666 -17.5932 8
      vertex -10.8493 -5.4933 8
      vertex 2.26727 -17.7054 8
    endloop
  endfacet
  facet normal 0 0 1
    outer loop
      vertex -10.8493 -5.4933 8
      vertex -10.9294 -5.47629 8
      vertex 2.26727 -17.7054 8
    endloop
  endfacet
  facet normal 0 0 1
    outer loop
      vertex 1.51379 -17.7857 8
      vertex -11.9543 -5.01995 8
      vertex 0.757575 -17.8339 8
    endloop
  endfacet
  facet normal 0 0 1
    outer loop
      vertex -11.9543 -5.01995 8
      vertex -12.0291 -4.98667 8
      vertex 0.757575 -17.8339 8
    endloop
  endfacet
  facet normal 0 0 1
    outer loop
      vertex 0.757575 -17.8339 8
      vertex -12.9367 -4.32721 8
      vertex 0 -17.85 8
    endloop
  endfacet
  facet normal 0 0 1
    outer loop
      vertex -12.9367 -4.32721 8
      vertex -13.0029 -4.27911 8
      vertex 0 -17.85 8
    endloop
  endfacet
  facet normal 0 0 1
    outer loop
      vertex -13.8084 -3.38453 8
      vertex -17.8339 0.757575 8
      vertex -13.7537 -3.44534 8
    endloop
  endfacet
  facet normal 0 0 1
    outer loop
      vertex -13.0029 -4.27911 8
      vertex -13.7537 -3.44534 8
      vertex -17.8339 0.757575 8
    endloop
  endfacet
  facet normal 0 0 1
    outer loop
      vertex -13.8084 -3.38453 8
      vertex -14.3694 -2.41289 8
      vertex -17.8339 0.757575 8
    endloop
  endfacet
  facet normal 0 0 1
    outer loop
      vertex -12.0291 -4.98667 8
      vertex -12.9367 -4.32721 8
      vertex 0.757575 -17.8339 8
    endloop
  endfacet
  facet normal 0 0 1
    outer loop
      vertex -14.4103 -2.34204 8
      vertex -17.8339 0.757575 8
      vertex -14.3694 -2.41289 8
    endloop
  endfacet
  facet normal 0 0 1
    outer loop
      vertex -8.54811 -5.72657 8
      vertex 5.22689 -17.0676 8
      vertex 5.94654 -16.8304 8
    endloop
  endfacet
  facet normal 0 0 1
    outer loop
      vertex -8.54811 -5.72657 8
      vertex -9.75189 -5.72657 8
      vertex 5.22689 -17.0676 8
    endloop
  endfacet
  facet normal 0 0 1
    outer loop
      vertex -14.4103 -2.34204 8
      vertex -14.757 -1.275 8
      vertex -17.8339 0.757575 8
    endloop
  endfacet
  facet normal 0 0 1
    outer loop
      vertex -4.45068 -3.31368 8
      vertex -4.49159 -3.38453 8
      vertex 15.1998 -9.35888 8
    endloop
  endfacet
  facet normal 0 0 1
    outer loop
      vertex -5.29707 -4.27911 8
      vertex -6.20475 -4.93858 8
      vertex 11.793 -13.3995 8
    endloop
  endfacet
  facet normal 0 0 1
    outer loop
      vertex -5.29707 -4.27911 8
      vertex 11.793 -13.3995 8
      vertex 12.3511 -12.8869 8
    endloop
  endfacet
  facet normal 0 0 1
    outer loop
      vertex -5.29707 -4.27911 8
      vertex 12.3511 -12.8869 8
      vertex 12.8869 -12.3511 8
    endloop
  endfacet
  facet normal 0 0 1
    outer loop
      vertex -5.29707 -4.27911 8
      vertex 12.8869 -12.3511 8
      vertex 13.3995 -11.793 8
    endloop
  endfacet
  facet normal 0 0 1
    outer loop
      vertex -6.27094 -4.98667 8
      vertex -7.2959 -5.44301 8
      vertex 9.35888 -15.1998 8
    endloop
  endfacet
  facet normal 0 0 1
    outer loop
      vertex -6.27094 -4.98667 8
      vertex 9.35888 -15.1998 8
      vertex 9.99555 -14.7889 8
    endloop
  endfacet
  facet normal 0 0 1
    outer loop
      vertex -6.27094 -4.98667 8
      vertex 10.6142 -14.3513 8
      vertex 11.2137 -13.8879 8
    endloop
  endfacet
  facet normal 0 0 1
    outer loop
      vertex -6.27094 -4.98667 8
      vertex 9.99555 -14.7889 8
      vertex 10.6142 -14.3513 8
    endloop
  endfacet
  facet normal 0 0 1
    outer loop
      vertex -14.757 -1.275 8
      vertex -14.7823 -1.19718 8
      vertex -17.8339 0.757575 8
    endloop
  endfacet
  facet normal 0 0 1
    outer loop
      vertex -14.7823 -1.19718 8
      vertex -14.8996 -0.0813728 8
      vertex -17.8339 0.757575 8
    endloop
  endfacet
  facet normal 0 0 1
    outer loop
      vertex -7.37065 -5.47629 8
      vertex 7.35244 -16.2654 8
      vertex 8.03614 -15.9387 8
    endloop
  endfacet
  facet normal 0 0 1
    outer loop
      vertex -14.9081 0 8
      vertex -14.7908 1.11581 8
      vertex -17.8339 0.757575 8
    endloop
  endfacet
  facet normal -0.895365 -0.173165 0.410288
    outer loop
      vertex -17.5932 -3.01666 8
      vertex -17.7139 -3.81763 7.39867
      vertex -17.4494 -3.76062 8
    endloop
  endfacet
  facet normal -0.901907 -0.135009 0.410288
    outer loop
      vertex -18.1401 -2.77302 6.87798
      vertex -18.4803 -3.16877 6
      vertex -17.5932 -3.01666 8
    endloop
  endfacet
  facet normal -0.901907 -0.135009 0.410288
    outer loop
      vertex -17.7054 -2.26727 8
      vertex -17.8825 -2.47326 7.543
      vertex -17.5932 -3.01666 8
    endloop
  endfacet
  facet normal -0.911751 -0.0193561 0.410288
    outer loop
      vertex -17.85 0 8
      vertex -18.1043 -0.76906 7.39867
      vertex -17.8339 -0.757575 8
    endloop
  endfacet
  facet normal -0.911751 0.0193561 0.410288
    outer loop
      vertex -18.3478 0.332568 6.87798
      vertex -18.75 0 6
      vertex -17.85 0 8
    endloop
  endfacet
  facet normal -0.911751 0.0193561 0.410288
    outer loop
      vertex -17.8339 0.757575 8
      vertex -18.0432 0.584469 7.543
      vertex -17.85 0 8
    endloop
  endfacet
  facet normal -0.910108 -0.0580353 0.410288
    outer loop
      vertex -18.1043 -0.76906 7.39867
      vertex -18.2149 -1.13134 7.10211
      vertex -17.8339 -0.757575 8
    endloop
  endfacet
  facet normal -0.910108 -0.0580357 0.410288
    outer loop
      vertex -18.3462 -1.56149 6.75
      vertex -17.7857 -1.51379 8
      vertex -18.2149 -1.13134 7.10211
    endloop
  endfacet
  facet normal -0.910108 -0.0580357 0.410288
    outer loop
      vertex -18.2149 -1.13134 7.10211
      vertex -17.7857 -1.51379 8
      vertex -17.8339 -0.757575 8
    endloop
  endfacet
  facet normal -0.906824 -0.096609 0.410288
    outer loop
      vertex -18.3462 -1.56149 6.75
      vertex -18.1659 -1.91988 7.06409
      vertex -17.7857 -1.51379 8
    endloop
  endfacet
  facet normal -0.906825 -0.0966083 0.410288
    outer loop
      vertex -18.1659 -1.91988 7.06409
      vertex -17.9738 -2.30164 7.39867
      vertex -17.7857 -1.51379 8
    endloop
  endfacet
  facet normal -0.906825 -0.0966083 0.410288
    outer loop
      vertex -17.7857 -1.51379 8
      vertex -17.9738 -2.30164 7.39867
      vertex -17.7054 -2.26727 8
    endloop
  endfacet
  facet normal -0.901907 -0.135009 0.410288
    outer loop
      vertex -17.7054 -2.26727 8
      vertex -17.9738 -2.30164 7.39867
      vertex -17.8825 -2.47326 7.543
    endloop
  endfacet
  facet normal -0.901907 0.135009 0.410288
    outer loop
      vertex -17.5932 3.01666 8
      vertex -17.9738 2.30164 7.39867
      vertex -17.7054 2.26727 8
    endloop
  endfacet
  facet normal -0.895365 0.173165 0.410288
    outer loop
      vertex -18.0277 3.42859 6.87798
      vertex -18.4803 3.16877 6
      vertex -17.5932 3.01666 8
    endloop
  endfacet
  facet normal -0.895365 0.173165 0.410288
    outer loop
      vertex -17.4494 3.76062 8
      vertex -17.6849 3.62538 7.543
      vertex -17.5932 3.01666 8
    endloop
  endfacet
  facet normal -0.906825 0.096609 0.410288
    outer loop
      vertex -17.9738 2.30164 7.39867
      vertex -18.1441 1.96326 7.10211
      vertex -17.7054 2.26727 8
    endloop
  endfacet
  facet normal -0.906825 0.0966083 0.410288
    outer loop
      vertex -18.1441 1.96326 7.10211
      vertex -18.3462 1.56149 6.75
      vertex -17.7857 1.51379 8
    endloop
  endfacet
  facet normal -0.906825 0.0966083 0.410288
    outer loop
      vertex -18.1441 1.96326 7.10211
      vertex -17.7857 1.51379 8
      vertex -17.7054 2.26727 8
    endloop
  endfacet
  facet normal -0.910108 0.0580353 0.410288
    outer loop
      vertex -17.7857 1.51379 8
      vertex -18.3462 1.56149 6.75
      vertex -18.229 1.17779 7.06409
    endloop
  endfacet
  facet normal -0.910108 0.0580357 0.410288
    outer loop
      vertex -18.229 1.17779 7.06409
      vertex -18.1043 0.76906 7.39867
      vertex -17.7857 1.51379 8
    endloop
  endfacet
  facet normal -0.910108 0.0580357 0.410288
    outer loop
      vertex -17.7857 1.51379 8
      vertex -18.1043 0.76906 7.39867
      vertex -17.8339 0.757575 8
    endloop
  endfacet
  facet normal -0.911751 0.0193562 0.410288
    outer loop
      vertex -17.8339 0.757575 8
      vertex -18.1043 0.76906 7.39867
      vertex -18.0432 0.584469 7.543
    endloop
  endfacet
  facet normal -0.853221 -0.321991 0.410288
    outer loop
      vertex -16.5628 -6.65549 8
      vertex -16.8304 -5.94654 8
      vertex -16.8139 -6.75638 7.39867
    endloop
  endfacet
  facet normal -0.824297 0.326628 -0.462438
    outer loop
      vertex -16.8304 -5.94654 8
      vertex -16.2654 -7.35244 6
      vertex -16.8139 -6.75638 7.39867
    endloop
  endfacet
  facet normal -0.824297 0.326628 -0.462438
    outer loop
      vertex -16.7975 -7.13481 7.10211
      vertex -16.2654 -7.35244 6
      vertex -16.778 -7.58413 6.75
    endloop
  endfacet
  facet normal -0.824297 0.326628 -0.462438
    outer loop
      vertex -16.8139 -6.75638 7.39867
      vertex -16.2654 -7.35244 6
      vertex -16.7975 -7.13481 7.10211
    endloop
  endfacet
  facet normal -0.3691 -0.806174 0.462438
    outer loop
      vertex -16.8304 -5.94654 8
      vertex -17.4696 -6.80112 6
      vertex -16.2654 -7.35244 6
    endloop
  endfacet
  facet normal -0.853221 -0.321991 0.410288
    outer loop
      vertex -16.8304 -5.94654 8
      vertex -17.679 -6.24637 6
      vertex -17.4696 -6.80112 6
    endloop
  endfacet
  facet normal -0.866117 -0.28549 0.410288
    outer loop
      vertex -17.4106 -5.79883 6.87798
      vertex -17.679 -6.24637 6
      vertex -16.8304 -5.94654 8
    endloop
  endfacet
  facet normal -0.866117 -0.28549 0.410288
    outer loop
      vertex -17.0676 -5.22689 8
      vertex -17.2073 -5.45984 7.543
      vertex -16.8304 -5.94654 8
    endloop
  endfacet
  facet normal -0.866118 -0.285489 0.410288
    outer loop
      vertex -17.4106 -5.79883 6.87798
      vertex -17.8646 -5.68324 6
      vertex -17.679 -6.24637 6
    endloop
  endfacet
  facet normal -0.949736 -0.313052 0
    outer loop
      vertex -17.8646 -5.68324 6
      vertex -17.679 -6.24637 5.2
      vertex -17.679 -6.24637 6
    endloop
  endfacet
  facet normal -0.887209 -0.211009 0.410288
    outer loop
      vertex -17.7139 -3.81763 7.39867
      vertex -17.7617 -4.19339 7.10211
      vertex -17.4494 -3.76062 8
    endloop
  endfacet
  facet normal -0.887208 -0.211009 0.410288
    outer loop
      vertex -17.7617 -4.19339 7.10211
      vertex -17.8184 -4.63955 6.75
      vertex -17.274 -4.49781 8
    endloop
  endfacet
  facet normal -0.887208 -0.211009 0.410288
    outer loop
      vertex -17.7617 -4.19339 7.10211
      vertex -17.274 -4.49781 8
      vertex -17.4494 -3.76062 8
    endloop
  endfacet
  facet normal -0.877453 -0.248474 0.410288
    outer loop
      vertex -17.274 -4.49781 8
      vertex -17.8184 -4.63955 6.75
      vertex -17.5801 -4.96231 7.06409
    endloop
  endfacet
  facet normal -0.877454 -0.248473 0.410288
    outer loop
      vertex -17.5801 -4.96231 7.06409
      vertex -17.3263 -5.30612 7.39867
      vertex -17.274 -4.49781 8
    endloop
  endfacet
  facet normal -0.877454 -0.248473 0.410288
    outer loop
      vertex -17.274 -4.49781 8
      vertex -17.3263 -5.30612 7.39867
      vertex -17.0676 -5.22689 8
    endloop
  endfacet
  facet normal -0.866118 -0.285489 0.410288
    outer loop
      vertex -17.0676 -5.22689 8
      vertex -17.3263 -5.30612 7.39867
      vertex -17.2073 -5.45984 7.543
    endloop
  endfacet
  facet normal -0.849027 0.255546 0.462438
    outer loop
      vertex -16.6471 -8.62062 6
      vertex -16.1801 -8.65782 6.87798
      vertex -16.2654 -7.35244 6
    endloop
  endfacet
  facet normal -0.849027 0.255546 0.462438
    outer loop
      vertex -16.2654 -7.35244 6
      vertex -16.1801 -8.65782 6.87798
      vertex -15.5833 -8.70535 8
    endloop
  endfacet
  facet normal -0.299402 -0.834571 -0.462438
    outer loop
      vertex -16.4886 -7.86199 7.06409
      vertex -16.778 -7.58413 6.75
      vertex -16.2654 -7.35244 6
    endloop
  endfacet
  facet normal -0.299402 -0.834571 -0.462438
    outer loop
      vertex -16.037 -8.28935 7.543
      vertex -16.4886 -7.86199 7.06409
      vertex -15.5833 -8.70535 8
    endloop
  endfacet
  facet normal -0.299402 -0.834571 -0.462438
    outer loop
      vertex -15.5833 -8.70535 8
      vertex -16.4886 -7.86199 7.06409
      vertex -16.2654 -7.35244 6
    endloop
  endfacet
  facet normal -0.299402 -0.834571 -0.462438
    outer loop
      vertex -16.1804 -8.15796 7.39867
      vertex -16.4886 -7.86199 7.06409
      vertex -16.037 -8.28935 7.543
    endloop
  endfacet
  facet normal -0.935594 -0.353078 0
    outer loop
      vertex -17.679 -6.24637 6
      vertex -17.679 -6.24637 5.2
      vertex -17.4696 -6.80112 6
    endloop
  endfacet
  facet normal -0.880002 0.108384 0.462438
    outer loop
      vertex -14.9508 -11.31 6
      vertex -14.4842 -11.2677 6.87798
      vertex -14.7889 -9.99555 6
    endloop
  endfacet
  facet normal -0.880002 0.108384 0.462438
    outer loop
      vertex -14.7889 -9.99555 6
      vertex -14.4842 -11.2677 6.87798
      vertex -13.8879 -11.2137 8
    endloop
  endfacet
  facet normal -0.227547 -0.856956 0.462438
    outer loop
      vertex -15.5833 -8.70535 8
      vertex -16.0689 -9.65567 6
      vertex -14.7889 -9.99555 6
    endloop
  endfacet
  facet normal -0.86764 0.182623 -0.462438
    outer loop
      vertex -15.5833 -8.70535 8
      vertex -14.7889 -9.99555 6
      vertex -15.4302 -9.50076 7.39867
    endloop
  endfacet
  facet normal -0.86764 0.182623 -0.462438
    outer loop
      vertex -15.4302 -9.50076 7.39867
      vertex -14.7889 -9.99555 6
      vertex -15.2549 -10.3105 6.75
    endloop
  endfacet
  facet normal -0.86764 0.182623 -0.462438
    outer loop
      vertex -15.4302 -9.50076 7.39867
      vertex -15.2549 -10.3105 6.75
      vertex -15.3501 -9.87097 7.10211
    endloop
  endfacet
  facet normal -0.154052 -0.873166 -0.462438
    outer loop
      vertex -14.9228 -10.5355 7.06409
      vertex -15.2549 -10.3105 6.75
      vertex -14.7889 -9.99555 6
    endloop
  endfacet
  facet normal -0.154052 -0.873166 -0.462438
    outer loop
      vertex -14.4055 -10.8804 7.543
      vertex -14.9228 -10.5355 7.06409
      vertex -13.8879 -11.2137 8
    endloop
  endfacet
  facet normal -0.154052 -0.873166 -0.462438
    outer loop
      vertex -13.8879 -11.2137 8
      vertex -14.9228 -10.5355 7.06409
      vertex -14.7889 -9.99555 6
    endloop
  endfacet
  facet normal -0.154052 -0.873166 -0.462438
    outer loop
      vertex -14.5689 -10.7751 7.39867
      vertex -14.9228 -10.5355 7.06409
      vertex -14.4055 -10.8804 7.543
    endloop
  endfacet
  facet normal -0.883169 -0.469055 0
    outer loop
      vertex -16.369 -9.14428 6
      vertex -16.6471 -8.62062 6
      vertex -16.369 -9.14428 5.2
    endloop
  endfacet
  facet normal -0.862466 -0.506115 0
    outer loop
      vertex -16.369 -9.14428 6
      vertex -16.369 -9.14428 5.2
      vertex -16.0689 -9.65567 6
    endloop
  endfacet
  facet normal -0.805411 -0.427757 0.410288
    outer loop
      vertex -16.1801 -8.65782 6.87798
      vertex -16.6471 -8.62062 6
      vertex -16.369 -9.14428 6
    endloop
  endfacet
  facet normal -0.786531 -0.461555 0.410288
    outer loop
      vertex -15.5833 -8.70535 8
      vertex -16.369 -9.14428 6
      vertex -16.0689 -9.65567 6
    endloop
  endfacet
  facet normal -0.0794472 -0.883085 0.462438
    outer loop
      vertex -13.8879 -11.2137 8
      vertex -14.206 -12.2324 6
      vertex -12.8869 -12.3511 6
    endloop
  endfacet
  facet normal -0.886024 0.0333638 -0.462438
    outer loop
      vertex -13.8879 -11.2137 8
      vertex -12.8869 -12.3511 6
      vertex -13.6026 -11.9718 7.39867
    endloop
  endfacet
  facet normal -0.886024 0.0333638 -0.462438
    outer loop
      vertex -13.6026 -11.9718 7.39867
      vertex -12.8869 -12.3511 6
      vertex -13.293 -12.7403 6.75
    endloop
  endfacet
  facet normal -0.886024 0.0333638 -0.462438
    outer loop
      vertex -13.6026 -11.9718 7.39867
      vertex -13.293 -12.7403 6.75
      vertex -13.4611 -12.3232 7.10211
    endloop
  endfacet
  facet normal -0.00427027 -0.886641 -0.462438
    outer loop
      vertex -12.5383 -13.0823 7.39866
      vertex -13.293 -12.7403 6.75
      vertex -12.8869 -12.3511 6
    endloop
  endfacet
  facet normal -0.00427027 -0.886641 -0.462438
    outer loop
      vertex -12.3595 -13.1584 7.543
      vertex -12.5383 -13.0823 7.39866
      vertex -12.8869 -12.3511 6
    endloop
  endfacet
  facet normal -0.00427027 -0.886641 -0.462438
    outer loop
      vertex -11.793 -13.3995 8
      vertex -12.3595 -13.1584 7.543
      vertex -12.8869 -12.3511 6
    endloop
  endfacet
  facet normal -0.885661 -0.0418962 0.462438
    outer loop
      vertex -12.8869 -12.3511 6
      vertex -12.3716 -13.5535 6.87798
      vertex -11.793 -13.3995 8
    endloop
  endfacet
  facet normal -0.885661 -0.0418962 0.462438
    outer loop
      vertex -12.8869 -12.3511 6
      vertex -12.8243 -13.674 6
      vertex -12.3716 -13.5535 6.87798
    endloop
  endfacet
  facet normal -0.791195 -0.611564 0
    outer loop
      vertex -14.9508 -11.31 6
      vertex -14.5882 -11.7791 5.2
      vertex -14.5882 -11.7791 6
    endloop
  endfacet
  facet normal -0.721535 -0.55772 0.410288
    outer loop
      vertex -14.4842 -11.2677 6.87798
      vertex -14.9508 -11.31 6
      vertex -14.5882 -11.7791 6
    endloop
  endfacet
  facet normal -0.764527 -0.644592 0
    outer loop
      vertex -14.5882 -11.7791 6
      vertex -14.5882 -11.7791 5.2
      vertex -14.206 -12.2324 6
    endloop
  endfacet
  facet normal -0.697215 -0.58784 0.410288
    outer loop
      vertex -13.8879 -11.2137 8
      vertex -14.5882 -11.7791 6
      vertex -14.206 -12.2324 6
    endloop
  endfacet
  facet normal -0.616901 -0.671638 0.410288
    outer loop
      vertex -12.3716 -13.5535 6.87798
      vertex -12.8243 -13.674 6
      vertex -12.3877 -14.0751 6
    endloop
  endfacet
  facet normal -0.676459 -0.73648 0
    outer loop
      vertex -12.3877 -14.0751 6
      vertex -12.8243 -13.674 6
      vertex -12.3877 -14.0751 5.2
    endloop
  endfacet
  facet normal -0.644592 -0.764527 0
    outer loop
      vertex -12.3877 -14.0751 6
      vertex -12.3877 -14.0751 5.2
      vertex -11.9343 -14.4573 6
    endloop
  endfacet
  facet normal -0.58784 -0.697215 0.410288
    outer loop
      vertex -11.793 -13.3995 8
      vertex -12.3877 -14.0751 6
      vertex -11.9343 -14.4573 6
    endloop
  endfacet
  facet normal 0.0709376 -0.883809 0.462438
    outer loop
      vertex -11.793 -13.3995 8
      vertex -11.9343 -14.4573 6
      vertex -10.6142 -14.3513 6
    endloop
  endfacet
  facet normal -0.878917 -0.116855 -0.462438
    outer loop
      vertex -11.793 -13.3995 8
      vertex -10.6142 -14.3513 6
      vertex -11.3837 -14.0985 7.39867
    endloop
  endfacet
  facet normal -0.878917 -0.116855 -0.462438
    outer loop
      vertex -11.1848 -14.4208 7.10211
      vertex -10.6142 -14.3513 6
      vertex -10.9487 -14.8036 6.75
    endloop
  endfacet
  facet normal -0.878917 -0.116855 -0.462438
    outer loop
      vertex -11.3837 -14.0985 7.39867
      vertex -10.6142 -14.3513 6
      vertex -11.1848 -14.4208 7.10211
    endloop
  endfacet
  facet normal 0.145634 -0.874609 -0.462438
    outer loop
      vertex -10.5605 -14.905 7.06409
      vertex -10.9487 -14.8036 6.75
      vertex -10.6142 -14.3513 6
    endloop
  endfacet
  facet normal 0.145634 -0.874609 -0.462438
    outer loop
      vertex -9.9579 -15.0579 7.543
      vertex -10.5605 -14.905 7.06409
      vertex -9.35888 -15.1998 8
    endloop
  endfacet
  facet normal 0.145634 -0.874609 -0.462438
    outer loop
      vertex -9.35888 -15.1998 8
      vertex -10.5605 -14.905 7.06409
      vertex -10.6142 -14.3513 6
    endloop
  endfacet
  facet normal 0.145634 -0.874609 -0.462438
    outer loop
      vertex -10.1471 -15.0131 7.39867
      vertex -10.5605 -14.905 7.06409
      vertex -9.9579 -15.0579 7.543
    endloop
  endfacet
  facet normal -0.865841 -0.190971 0.462438
    outer loop
      vertex -10.6142 -14.3513 6
      vertex -9.9031 -15.4494 6.87798
      vertex -9.35888 -15.1998 8
    endloop
  endfacet
  facet normal -0.865841 -0.190971 0.462438
    outer loop
      vertex -10.6142 -14.3513 6
      vertex -10.329 -15.6446 6
      vertex -9.9031 -15.4494 6.87798
    endloop
  endfacet
  facet normal -0.49452 -0.766233 0.410288
    outer loop
      vertex -9.9031 -15.4494 6.87798
      vertex -10.329 -15.6446 6
      vertex -9.83076 -15.9662 6
    endloop
  endfacet
  facet normal -0.542263 -0.840209 0
    outer loop
      vertex -9.83076 -15.9662 6
      vertex -10.329 -15.6446 6
      vertex -9.83076 -15.9662 5.2
    endloop
  endfacet
  facet normal -0.506115 -0.862466 0
    outer loop
      vertex -9.31937 -16.2663 6
      vertex -9.83076 -15.9662 6
      vertex -9.83076 -15.9662 5.2
    endloop
  endfacet
  facet normal -0.461555 -0.786531 0.410288
    outer loop
      vertex -9.35888 -15.1998 8
      vertex -9.83076 -15.9662 6
      vertex -9.31937 -16.2663 6
    endloop
  endfacet
  facet normal 0.219282 -0.859108 0.462438
    outer loop
      vertex -8.03614 -15.9387 6
      vertex -9.35888 -15.1998 8
      vertex -9.31937 -16.2663 6
    endloop
  endfacet
  facet normal -0.846526 -0.263712 -0.462438
    outer loop
      vertex -9.35888 -15.1998 8
      vertex -8.03614 -15.9387 6
      vertex -8.83733 -15.8195 7.39867
    endloop
  endfacet
  facet normal -0.846526 -0.263712 -0.462438
    outer loop
      vertex -8.58682 -16.1037 7.10211
      vertex -8.03614 -15.9387 6
      vertex -8.28938 -16.441 6.75
    endloop
  endfacet
  facet normal -0.846526 -0.263712 -0.462438
    outer loop
      vertex -8.83733 -15.8195 7.39867
      vertex -8.03614 -15.9387 6
      vertex -8.58682 -16.1037 7.10211
    endloop
  endfacet
  facet normal 0.291349 -0.837417 -0.462438
    outer loop
      vertex -7.26986 -16.5242 7.543
      vertex -8.28938 -16.441 6.75
      vertex -6.65549 -16.5628 8
    endloop
  endfacet
  facet normal 0.291349 -0.837417 -0.462438
    outer loop
      vertex -6.65549 -16.5628 8
      vertex -8.28938 -16.441 6.75
      vertex -8.03614 -15.9387 6
    endloop
  endfacet
  facet normal 0.291349 -0.837417 -0.462438
    outer loop
      vertex -7.88967 -16.4754 7.06409
      vertex -8.28938 -16.441 6.75
      vertex -7.26986 -16.5242 7.543
    endloop
  endfacet
  facet normal 0.291349 -0.837417 -0.462438
    outer loop
      vertex -7.4639 -16.512 7.39867
      vertex -7.88967 -16.4754 7.06409
      vertex -7.26986 -16.5242 7.543
    endloop
  endfacet
  facet normal -0.821112 -0.334552 0.462438
    outer loop
      vertex -8.03614 -15.9387 6
      vertex -7.53642 -17.1652 6
      vertex -6.65549 -16.5628 8
    endloop
  endfacet
  facet normal -0.821112 -0.334552 0.462438
    outer loop
      vertex -6.65549 -16.5628 8
      vertex -7.53642 -17.1652 6
      vertex -7.1497 -16.9008 6.87798
    endloop
  endfacet
  facet normal -0.357913 -0.838786 0.410288
    outer loop
      vertex -7.1497 -16.9008 6.87798
      vertex -7.53642 -17.1652 6
      vertex -6.99106 -17.3979 6
    endloop
  endfacet
  facet normal -0.392467 -0.919766 0
    outer loop
      vertex -6.99106 -17.3979 6
      vertex -7.53642 -17.1652 6
      vertex -6.99106 -17.3979 5.2
    endloop
  endfacet
  facet normal -0.353078 -0.935594 0
    outer loop
      vertex -6.43631 -17.6073 6
      vertex -6.99106 -17.3979 6
      vertex -6.99106 -17.3979 5.2
    endloop
  endfacet
  facet normal -0.321991 -0.853221 0.410288
    outer loop
      vertex -6.65549 -16.5628 8
      vertex -6.99106 -17.3979 6
      vertex -6.43631 -17.6073 6
    endloop
  endfacet
  facet normal 0.361318 -0.809692 0.462438
    outer loop
      vertex -5.22689 -17.0676 6
      vertex -6.65549 -16.5628 8
      vertex -6.43631 -17.6073 6
    endloop
  endfacet
  facet normal -0.789782 -0.402982 -0.462438
    outer loop
      vertex -6.65549 -16.5628 8
      vertex -5.22689 -17.0676 6
      vertex -6.03669 -17.0855 7.39867
    endloop
  endfacet
  facet normal -0.789782 -0.402982 -0.462438
    outer loop
      vertex -5.74177 -17.3232 7.10211
      vertex -5.22689 -17.0676 6
      vertex -5.3916 -17.6054 6.75
    endloop
  endfacet
  facet normal -0.789782 -0.402982 -0.462438
    outer loop
      vertex -6.03669 -17.0855 7.39867
      vertex -5.22689 -17.0676 6
      vertex -5.74177 -17.3232 7.10211
    endloop
  endfacet
  facet normal 0.428682 -0.776133 -0.462438
    outer loop
      vertex -4.37269 -17.5151 7.543
      vertex -5.3916 -17.6054 6.75
      vertex -3.76062 -17.4494 8
    endloop
  endfacet
  facet normal 0.428682 -0.776133 -0.462438
    outer loop
      vertex -3.76062 -17.4494 8
      vertex -5.3916 -17.6054 6.75
      vertex -5.22689 -17.0676 6
    endloop
  endfacet
  facet normal 0.428682 -0.776133 -0.462438
    outer loop
      vertex -4.56599 -17.5359 7.39867
      vertex -5.3916 -17.6054 6.75
      vertex -4.37269 -17.5151 7.543
    endloop
  endfacet
  facet normal 0.428682 -0.776133 -0.462438
    outer loop
      vertex -4.99183 -17.5718 7.06409
      vertex -5.3916 -17.6054 6.75
      vertex -4.56599 -17.5359 7.39867
    endloop
  endfacet
  facet normal -0.752762 -0.468508 0.462438
    outer loop
      vertex -5.22689 -17.0676 6
      vertex -4.19061 -17.866 6.87798
      vertex -3.76062 -17.4494 8
    endloop
  endfacet
  facet normal -0.752762 -0.468508 0.462438
    outer loop
      vertex -5.22689 -17.0676 6
      vertex -4.52708 -18.192 6
      vertex -4.19061 -17.866 6.87798
    endloop
  endfacet
  facet normal -0.211009 -0.887209 0.410288
    outer loop
      vertex -4.19061 -17.866 6.87798
      vertex -4.52708 -18.192 6
      vertex -3.95024 -18.3292 6
    endloop
  endfacet
  facet normal -0.231381 -0.972863 0
    outer loop
      vertex -3.95024 -18.3292 6
      vertex -4.52708 -18.192 6
      vertex -3.95024 -18.3292 5.2
    endloop
  endfacet
  facet normal -0.189882 -0.981807 0
    outer loop
      vertex -3.95024 -18.3292 6
      vertex -3.95024 -18.3292 5.2
      vertex -3.36809 -18.4417 6
    endloop
  endfacet
  facet normal -0.173164 -0.895365 0.410288
    outer loop
      vertex -3.76062 -17.4494 8
      vertex -3.95024 -18.3292 6
      vertex -3.36809 -18.4417 6
    endloop
  endfacet
  facet normal 0.492959 -0.736982 0.462438
    outer loop
      vertex -2.26727 -17.7054 6
      vertex -3.76062 -17.4494 8
      vertex -3.36809 -18.4417 6
    endloop
  endfacet
  facet normal -0.710318 -0.530659 -0.462438
    outer loop
      vertex -3.76062 -17.4494 8
      vertex -2.26727 -17.7054 6
      vertex -3.0624 -17.86 7.39867
    endloop
  endfacet
  facet normal -0.710318 -0.530659 -0.462438
    outer loop
      vertex -3.0624 -17.86 7.39867
      vertex -2.26727 -17.7054 6
      vertex -2.33872 -18.2634 6.75
    endloop
  endfacet
  facet normal -0.710318 -0.530659 -0.462438
    outer loop
      vertex -3.0624 -17.86 7.39867
      vertex -2.33872 -18.2634 6.75
      vertex -2.73155 -18.0444 7.10211
    endloop
  endfacet
  facet normal 0.553683 -0.692521 -0.462438
    outer loop
      vertex -1.34972 -18.0022 7.543
      vertex -2.33872 -18.2634 6.75
      vertex -0.757575 -17.8339 8
    endloop
  endfacet
  facet normal 0.553683 -0.692521 -0.462438
    outer loop
      vertex -0.757575 -17.8339 8
      vertex -2.33872 -18.2634 6.75
      vertex -2.26727 -17.7054 6
    endloop
  endfacet
  facet normal 0.553683 -0.692521 -0.462438
    outer loop
      vertex -1.53673 -18.0553 7.39866
      vertex -2.33872 -18.2634 6.75
      vertex -1.34972 -18.0022 7.543
    endloop
  endfacet
  facet normal 0.553683 -0.692521 -0.462438
    outer loop
      vertex -1.95039 -18.1626 7.06409
      vertex -2.33872 -18.2634 6.75
      vertex -1.53673 -18.0553 7.39866
    endloop
  endfacet
  facet normal -0.662756 -0.588987 0.462438
    outer loop
      vertex -2.26727 -17.7054 6
      vertex -1.11097 -18.3172 6.87798
      vertex -0.757575 -17.8339 8
    endloop
  endfacet
  facet normal -0.662756 -0.588987 0.462438
    outer loop
      vertex -2.26727 -17.7054 6
      vertex -1.38751 -18.6954 6
      vertex -1.11097 -18.3172 6.87798
    endloop
  endfacet
  facet normal -0.0580353 -0.910108 0.410288
    outer loop
      vertex -1.11097 -18.3172 6.87798
      vertex -1.38751 -18.6954 6
      vertex -0.795773 -18.7331 6
    endloop
  endfacet
  facet normal -0.0636383 -0.997973 0
    outer loop
      vertex -0.795773 -18.7331 6
      vertex -1.38751 -18.6954 6
      vertex -0.795773 -18.7331 5.2
    endloop
  endfacet
  facet normal -0.0212249 -0.999775 0
    outer loop
      vertex -0.795773 -18.7331 6
      vertex -0.795773 -18.7331 5.2
      vertex -0.795772 -18.7331 5.2
    endloop
  endfacet
  facet normal -0.0212249 -0.999775 0
    outer loop
      vertex -0.202971 -18.7457 6
      vertex -0.795773 -18.7331 6
      vertex -0.795772 -18.7331 5.2
    endloop
  endfacet
  facet normal -0.0193562 -0.911751 0.410288
    outer loop
      vertex -0.757575 -17.8339 8
      vertex -0.795773 -18.7331 6
      vertex -0.202971 -18.7457 6
    endloop
  endfacet
  facet normal 0.610419 -0.643071 0.462438
    outer loop
      vertex 0.757575 -17.8339 6
      vertex -0.757575 -17.8339 8
      vertex -0.202971 -18.7457 6
    endloop
  endfacet
  facet normal -0.610419 -0.643071 -0.462438
    outer loop
      vertex 0 -18.1206 7.39867
      vertex -0.757575 -17.8339 8
      vertex 0.757575 -17.8339 6
    endloop
  endfacet
  facet normal -0.610419 -0.643071 -0.462438
    outer loop
      vertex 0.357257 -18.2465 7.10211
      vertex 0 -18.1206 7.39867
      vertex 0.757575 -17.8339 6
    endloop
  endfacet
  facet normal -0.610419 -0.643071 -0.462438
    outer loop
      vertex 0.781448 -18.3959 6.75
      vertex 0.357257 -18.2465 7.10211
      vertex 0.757575 -17.8339 6
    endloop
  endfacet
  facet normal 0.662756 -0.588987 -0.462438
    outer loop
      vertex 0.781448 -18.3959 6.75
      vertex 0.757575 -17.8339 6
      vertex 2.26727 -17.7054 8
    endloop
  endfacet
  facet normal 0.662756 -0.588987 -0.462438
    outer loop
      vertex 1.53673 -18.0553 7.39867
      vertex 0.781448 -18.3959 6.75
      vertex 1.71208 -17.9713 7.543
    endloop
  endfacet
  facet normal 0.662756 -0.588987 -0.462438
    outer loop
      vertex 1.71208 -17.9713 7.543
      vertex 0.781448 -18.3959 6.75
      vertex 2.26727 -17.7054 8
    endloop
  endfacet
  facet normal 0.662756 -0.588987 -0.462438
    outer loop
      vertex 1.14716 -18.231 7.06409
      vertex 0.781448 -18.3959 6.75
      vertex 1.53673 -18.0553 7.39867
    endloop
  endfacet
  facet normal 0.662756 -0.588987 -0.462438
    outer loop
      vertex 0.781449 -18.3959 6.75
      vertex 0.781448 -18.3959 6.75
      vertex 1.14716 -18.231 7.06409
    endloop
  endfacet
  facet normal -0.553683 -0.692521 0.462438
    outer loop
      vertex 2.00063 -18.2415 6.87798
      vertex 0.757575 -17.8339 6
      vertex 1.79199 -18.6609 6
    endloop
  endfacet
  facet normal -0.553683 -0.692521 0.462438
    outer loop
      vertex 2.26727 -17.7054 8
      vertex 0.757575 -17.8339 6
      vertex 2.00063 -18.2415 6.87798
    endloop
  endfacet
  facet normal 0.096609 -0.906824 0.410288
    outer loop
      vertex 2.00063 -18.2415 6.87798
      vertex 1.79199 -18.6609 6
      vertex 2.38158 -18.5981 6
    endloop
  endfacet
  facet normal 0.105936 -0.994373 0
    outer loop
      vertex 2.38158 -18.5981 6
      vertex 1.79199 -18.6609 6
      vertex 2.38158 -18.5981 5.2
    endloop
  endfacet
  facet normal 0.148043 -0.988981 0
    outer loop
      vertex 2.96799 -18.5104 6
      vertex 2.38158 -18.5981 6
      vertex 2.38158 -18.5981 5.2
    endloop
  endfacet
  facet normal 0.135009 -0.901907 0.410288
    outer loop
      vertex 2.96799 -18.5104 6
      vertex 2.26727 -17.7054 8
      vertex 2.38158 -18.5981 6
    endloop
  endfacet
  facet normal 0.710318 -0.530659 0.462438
    outer loop
      vertex 3.76062 -17.4494 6
      vertex 2.26727 -17.7054 8
      vertex 2.96799 -18.5104 6
    endloop
  endfacet
  facet normal -0.492959 -0.736982 -0.462438
    outer loop
      vertex 3.0624 -17.86 7.39867
      vertex 2.26727 -17.7054 8
      vertex 3.76062 -17.4494 6
    endloop
  endfacet
  facet normal -0.492959 -0.736982 -0.462438
    outer loop
      vertex 3.87913 -17.9992 6.75
      vertex 3.0624 -17.86 7.39867
      vertex 3.76062 -17.4494 6
    endloop
  endfacet
  facet normal -0.492959 -0.736982 -0.462438
    outer loop
      vertex 3.43579 -17.9236 7.10211
      vertex 3.0624 -17.86 7.39867
      vertex 3.87913 -17.9992 6.75
    endloop
  endfacet
  facet normal 0.752762 -0.468508 -0.462438
    outer loop
      vertex 3.87913 -17.9992 6.75
      vertex 3.76062 -17.4494 6
      vertex 5.22689 -17.0676 8
    endloop
  endfacet
  facet normal 0.752762 -0.468508 -0.462438
    outer loop
      vertex 4.56599 -17.5359 7.39867
      vertex 3.87913 -17.9992 6.75
      vertex 4.72462 -17.4235 7.543
    endloop
  endfacet
  facet normal 0.752762 -0.468508 -0.462438
    outer loop
      vertex 4.72462 -17.4235 7.543
      vertex 3.87913 -17.9992 6.75
      vertex 5.22689 -17.0676 8
    endloop
  endfacet
  facet normal 0.752762 -0.468508 -0.462438
    outer loop
      vertex 4.21172 -17.7749 7.06409
      vertex 3.87913 -17.9992 6.75
      vertex 4.56599 -17.5359 7.39867
    endloop
  endfacet
  facet normal -0.428682 -0.776133 0.462438
    outer loop
      vertex 5.05468 -17.641 6.87798
      vertex 3.76062 -17.4494 6
      vertex 4.91992 -18.0897 6
    endloop
  endfacet
  facet normal -0.428682 -0.776133 0.462438
    outer loop
      vertex 5.22689 -17.0676 8
      vertex 3.76062 -17.4494 6
      vertex 5.05468 -17.641 6.87798
    endloop
  endfacet
  facet normal 0.248474 -0.877453 0.410288
    outer loop
      vertex 5.05468 -17.641 6.87798
      vertex 4.91992 -18.0897 6
      vertex 5.49043 -17.9281 6
    endloop
  endfacet
  facet normal 0.272463 -0.962166 0
    outer loop
      vertex 5.49043 -17.9281 6
      vertex 4.91992 -18.0897 6
      vertex 5.49043 -17.9281 5.2
    endloop
  endfacet
  facet normal 0.313052 -0.949736 0
    outer loop
      vertex 6.05356 -17.7425 6
      vertex 5.49043 -17.9281 6
      vertex 5.49043 -17.9281 5.2
    endloop
  endfacet
  facet normal 0.285489 -0.866118 0.410288
    outer loop
      vertex 6.05356 -17.7425 6
      vertex 5.22689 -17.0676 8
      vertex 5.49043 -17.9281 6
    endloop
  endfacet
  facet normal 0.789782 -0.402982 0.462438
    outer loop
      vertex 6.65549 -16.5628 6
      vertex 5.22689 -17.0676 8
      vertex 6.05356 -17.7425 6
    endloop
  endfacet
  facet normal -0.361318 -0.809692 -0.462438
    outer loop
      vertex 6.03669 -17.0855 7.39867
      vertex 5.22689 -17.0676 8
      vertex 6.65549 -16.5628 6
    endloop
  endfacet
  facet normal -0.361318 -0.809692 -0.462438
    outer loop
      vertex 6.41547 -17.0852 7.10211
      vertex 6.03669 -17.0855 7.39867
      vertex 6.65549 -16.5628 6
    endloop
  endfacet
  facet normal -0.361318 -0.809692 -0.462438
    outer loop
      vertex 6.86522 -17.0848 6.75
      vertex 6.41547 -17.0852 7.10211
      vertex 6.65549 -16.5628 6
    endloop
  endfacet
  facet normal 0.821112 -0.334552 -0.462438
    outer loop
      vertex 6.86522 -17.0848 6.75
      vertex 6.65549 -16.5628 6
      vertex 8.03614 -15.9387 8
    endloop
  endfacet
  facet normal 0.821112 -0.334552 -0.462438
    outer loop
      vertex 7.15511 -16.8074 7.06409
      vertex 6.86522 -17.0848 6.75
      vertex 7.60125 -16.3744 7.543
    endloop
  endfacet
  facet normal 0.821112 -0.334552 -0.462438
    outer loop
      vertex 7.60125 -16.3744 7.543
      vertex 6.86522 -17.0848 6.75
      vertex 8.03614 -15.9387 8
    endloop
  endfacet
  facet normal 0.821112 -0.334552 -0.462438
    outer loop
      vertex 7.4639 -16.512 7.39866
      vertex 7.15511 -16.8074 7.06409
      vertex 7.60125 -16.3744 7.543
    endloop
  endfacet
  facet normal -0.291349 -0.837417 0.462438
    outer loop
      vertex 8.03614 -15.9387 8
      vertex 6.65549 -16.5628 6
      vertex 7.90633 -16.998 6
    endloop
  endfacet
  facet normal -0.291349 -0.837417 0.462438
    outer loop
      vertex 7.96331 -16.533 6.87798
      vertex 8.03614 -15.9387 8
      vertex 7.90633 -16.998 6
    endloop
  endfacet
  facet normal 0.393189 -0.82284 0.410288
    outer loop
      vertex 7.96331 -16.533 6.87798
      vertex 7.90633 -16.998 6
      vertex 8.44132 -16.7424 6
    endloop
  endfacet
  facet normal 0.431149 -0.902281 0
    outer loop
      vertex 8.44132 -16.7424 6
      vertex 7.90633 -16.998 6
      vertex 8.44132 -16.7424 5.2
    endloop
  endfacet
  facet normal 0.469055 -0.883169 0
    outer loop
      vertex 8.96498 -16.4642 6
      vertex 8.44132 -16.7424 6
      vertex 8.44132 -16.7424 5.2
    endloop
  endfacet
  facet normal 0.427757 -0.805411 0.410288
    outer loop
      vertex 8.96498 -16.4642 6
      vertex 8.03614 -15.9387 8
      vertex 8.44132 -16.7424 6
    endloop
  endfacet
  facet normal 0.846526 -0.263712 0.462438
    outer loop
      vertex 9.35888 -15.1998 6
      vertex 8.03614 -15.9387 8
      vertex 8.96498 -16.4642 6
    endloop
  endfacet
  facet normal -0.219282 -0.859108 -0.462438
    outer loop
      vertex 8.83733 -15.8195 7.39867
      vertex 8.03614 -15.9387 8
      vertex 9.35888 -15.1998 6
    endloop
  endfacet
  facet normal -0.219282 -0.859108 -0.462438
    outer loop
      vertex 9.2106 -15.7552 7.10211
      vertex 8.83733 -15.8195 7.39867
      vertex 9.65381 -15.6788 6.75
    endloop
  endfacet
  facet normal -0.219282 -0.859108 -0.462438
    outer loop
      vertex 9.65381 -15.6788 6.75
      vertex 8.83733 -15.8195 7.39867
      vertex 9.35888 -15.1998 6
    endloop
  endfacet
  facet normal 0.865841 -0.190971 -0.462438
    outer loop
      vertex 9.65381 -15.6788 6.75
      vertex 9.35888 -15.1998 6
      vertex 10.6142 -14.3513 8
    endloop
  endfacet
  facet normal 0.865841 -0.190971 -0.462438
    outer loop
      vertex 10.1471 -15.0131 7.39867
      vertex 9.65381 -15.6788 6.75
      vertex 10.2592 -14.8543 7.543
    endloop
  endfacet
  facet normal 0.865841 -0.190971 -0.462438
    outer loop
      vertex 10.2592 -14.8543 7.543
      vertex 9.65381 -15.6788 6.75
      vertex 10.6142 -14.3513 8
    endloop
  endfacet
  facet normal 0.865841 -0.190971 -0.462438
    outer loop
      vertex 9.89265 -15.3564 7.06409
      vertex 9.65381 -15.6788 6.75
      vertex 10.1471 -15.0131 7.39867
    endloop
  endfacet
  facet normal -0.145634 -0.874609 0.462438
    outer loop
      vertex 10.6429 -14.9494 6.87798
      vertex 9.35888 -15.1998 6
      vertex 10.6653 -15.4173 6
    endloop
  endfacet
  facet normal -0.145634 -0.874609 0.462438
    outer loop
      vertex 10.6142 -14.3513 8
      vertex 9.35888 -15.1998 6
      vertex 10.6429 -14.9494 6.87798
    endloop
  endfacet
  facet normal 0.526595 -0.744555 0.410288
    outer loop
      vertex 11.1494 -15.0749 6
      vertex 10.6429 -14.9494 6.87798
      vertex 10.6653 -15.4173 6
    endloop
  endfacet
  facet normal 0.577434 -0.816437 0
    outer loop
      vertex 11.1494 -15.0749 6
      vertex 10.6653 -15.4173 6
      vertex 11.1494 -15.0749 5.2
    endloop
  endfacet
  facet normal 0.611564 -0.791195 0
    outer loop
      vertex 11.1494 -15.0749 6
      vertex 11.1494 -15.0749 5.2
      vertex 11.6185 -14.7123 6
    endloop
  endfacet
  facet normal 0.55772 -0.721535 0.410288
    outer loop
      vertex 11.6185 -14.7123 6
      vertex 10.6142 -14.3513 8
      vertex 11.1494 -15.0749 6
    endloop
  endfacet
  facet normal 0.878917 -0.116855 0.462438
    outer loop
      vertex 11.793 -13.3995 6
      vertex 10.6142 -14.3513 8
      vertex 11.6185 -14.7123 6
    endloop
  endfacet
  facet normal -0.0709376 -0.883809 -0.462438
    outer loop
      vertex 11.3837 -14.0985 7.39866
      vertex 10.6142 -14.3513 8
      vertex 11.793 -13.3995 6
    endloop
  endfacet
  facet normal -0.0709376 -0.883809 -0.462438
    outer loop
      vertex 11.7408 -13.972 7.10211
      vertex 11.3837 -14.0985 7.39866
      vertex 11.793 -13.3995 6
    endloop
  endfacet
  facet normal -0.0709376 -0.883809 -0.462438
    outer loop
      vertex 12.1647 -13.8218 6.75
      vertex 11.7408 -13.972 7.10211
      vertex 11.793 -13.3995 6
    endloop
  endfacet
  facet normal 0.885661 -0.0418962 -0.462438
    outer loop
      vertex 12.1647 -13.8218 6.75
      vertex 11.793 -13.3995 6
      vertex 12.8869 -12.3511 8
    endloop
  endfacet
  facet normal 0.885661 -0.0418962 -0.462438
    outer loop
      vertex 12.3456 -13.4637 7.06409
      vertex 12.1647 -13.8218 6.75
      vertex 12.5383 -13.0823 7.39867
    endloop
  endfacet
  facet normal 0.885661 -0.0418962 -0.462438
    outer loop
      vertex 12.5383 -13.0823 7.39867
      vertex 12.1647 -13.8218 6.75
      vertex 12.8869 -12.3511 8
    endloop
  endfacet
  facet normal 0.00427027 -0.886641 0.462438
    outer loop
      vertex 12.8869 -12.3511 8
      vertex 11.793 -13.3995 6
      vertex 13.1174 -13.3931 6
    endloop
  endfacet
  facet normal 0.64485 -0.64485 0.410288
    outer loop
      vertex 13.5367 -12.9739 6
      vertex 12.8869 -12.3511 8
      vertex 13.1174 -13.3931 6
    endloop
  endfacet
  facet normal 0.707107 -0.707107 0
    outer loop
      vertex 13.5367 -12.9739 6
      vertex 13.1174 -13.3931 6
      vertex 13.5367 -12.9739 5.2
    endloop
  endfacet
  facet normal 0.73648 -0.676459 0
    outer loop
      vertex 13.5367 -12.9739 6
      vertex 13.5367 -12.9739 5.2
      vertex 13.9378 -12.5372 6
    endloop
  endfacet
  facet normal 0.671638 -0.616901 0.410288
    outer loop
      vertex 13.9378 -12.5372 6
      vertex 12.8869 -12.3511 8
      vertex 13.5367 -12.9739 6
    endloop
  endfacet
  facet normal 0.886024 0.0333638 0.462438
    outer loop
      vertex 13.8879 -11.2137 6
      vertex 12.8869 -12.3511 8
      vertex 13.9378 -12.5372 6
    endloop
  endfacet
  facet normal 0.0794472 -0.883085 -0.462438
    outer loop
      vertex 13.6026 -11.9718 7.39867
      vertex 12.8869 -12.3511 8
      vertex 13.8879 -11.2137 6
    endloop
  endfacet
  facet normal 0.0794472 -0.883085 -0.462438
    outer loop
      vertex 14.3256 -11.5671 6.75
      vertex 13.6026 -11.9718 7.39867
      vertex 13.8879 -11.2137 6
    endloop
  endfacet
  facet normal 0.0794472 -0.883085 -0.462438
    outer loop
      vertex 13.9331 -11.7868 7.10211
      vertex 13.6026 -11.9718 7.39867
      vertex 14.3256 -11.5671 6.75
    endloop
  endfacet
  facet normal 0.880002 0.108384 -0.462438
    outer loop
      vertex 14.3256 -11.5671 6.75
      vertex 13.8879 -11.2137 6
      vertex 14.7889 -9.99555 8
    endloop
  endfacet
  facet normal 0.880002 0.108384 -0.462438
    outer loop
      vertex 14.4434 -11.1836 7.06409
      vertex 14.3256 -11.5671 6.75
      vertex 14.6217 -10.588 7.543
    endloop
  endfacet
  facet normal 0.880002 0.108384 -0.462438
    outer loop
      vertex 14.6217 -10.588 7.543
      vertex 14.3256 -11.5671 6.75
      vertex 14.7889 -9.99555 8
    endloop
  endfacet
  facet normal 0.880002 0.108384 -0.462438
    outer loop
      vertex 14.5689 -10.7751 7.39867
      vertex 14.4434 -11.1836 7.06409
      vertex 14.6217 -10.588 7.543
    endloop
  endfacet
  facet normal 0.154052 -0.873166 0.462438
    outer loop
      vertex 14.7889 -9.99555 8
      vertex 13.8879 -11.2137 6
      vertex 15.1922 -10.9836 6
    endloop
  endfacet
  facet normal 0.154052 -0.873166 0.462438
    outer loop
      vertex 15.0151 -10.5499 6.87798
      vertex 14.7889 -9.99555 8
      vertex 15.1922 -10.9836 6
    endloop
  endfacet
  facet normal 0.744555 -0.526595 0.410288
    outer loop
      vertex 15.5346 -10.4995 6
      vertex 15.0151 -10.5499 6.87798
      vertex 15.1922 -10.9836 6
    endloop
  endfacet
  facet normal 0.816437 -0.577434 0
    outer loop
      vertex 15.5346 -10.4995 6
      vertex 15.1922 -10.9836 6
      vertex 15.5346 -10.4995 5.2
    endloop
  endfacet
  facet normal 0.840209 -0.542263 0
    outer loop
      vertex 15.5346 -10.4995 6
      vertex 15.5346 -10.4995 5.2
      vertex 15.8561 -10.0013 6
    endloop
  endfacet
  facet normal 0.766233 -0.49452 0.410288
    outer loop
      vertex 15.8561 -10.0013 6
      vertex 14.7889 -9.99555 8
      vertex 15.5346 -10.4995 6
    endloop
  endfacet
  facet normal 0.86764 0.182623 0.462438
    outer loop
      vertex 15.5833 -8.70535 6
      vertex 14.7889 -9.99555 8
      vertex 15.8561 -10.0013 6
    endloop
  endfacet
  facet normal 0.227547 -0.856956 -0.462438
    outer loop
      vertex 15.4302 -9.50076 7.39867
      vertex 14.7889 -9.99555 8
      vertex 15.5833 -8.70535 6
    endloop
  endfacet
  facet normal 0.227547 -0.856956 -0.462438
    outer loop
      vertex 15.7247 -9.26254 7.10211
      vertex 15.4302 -9.50076 7.39867
      vertex 15.5833 -8.70535 6
    endloop
  endfacet
  facet normal 0.227547 -0.856956 -0.462438
    outer loop
      vertex 16.0744 -8.97968 6.75
      vertex 15.7247 -9.26254 7.10211
      vertex 15.5833 -8.70535 6
    endloop
  endfacet
  facet normal 0.849027 0.255546 -0.462438
    outer loop
      vertex 16.0744 -8.97968 6.75
      vertex 15.5833 -8.70535 6
      vertex 16.2654 -7.35244 8
    endloop
  endfacet
  facet normal 0.849027 0.255546 -0.462438
    outer loop
      vertex 16.1257 -8.5818 7.06409
      vertex 16.0744 -8.97968 6.75
      vertex 16.2008 -7.96462 7.543
    endloop
  endfacet
  facet normal 0.849027 0.255546 -0.462438
    outer loop
      vertex 16.2008 -7.96462 7.543
      vertex 16.0744 -8.97968 6.75
      vertex 16.2654 -7.35244 8
    endloop
  endfacet
  facet normal 0.849027 0.255546 -0.462438
    outer loop
      vertex 16.1804 -8.15796 7.39867
      vertex 16.1257 -8.5818 7.06409
      vertex 16.2008 -7.96462 7.543
    endloop
  endfacet
  facet normal 0.299402 -0.834571 0.462438
    outer loop
      vertex 16.5821 -7.86055 6.87798
      vertex 15.5833 -8.70535 6
      vertex 16.8299 -8.25814 6
    endloop
  endfacet
  facet normal 0.299402 -0.834571 0.462438
    outer loop
      vertex 16.2654 -7.35244 8
      vertex 15.5833 -8.70535 6
      vertex 16.5821 -7.86055 6.87798
    endloop
  endfacet
  facet normal 0.82284 -0.393189 0.410288
    outer loop
      vertex 17.0855 -7.72315 6
      vertex 16.5821 -7.86055 6.87798
      vertex 16.8299 -8.25814 6
    endloop
  endfacet
  facet normal 0.902281 -0.431149 0
    outer loop
      vertex 17.0855 -7.72315 6
      vertex 16.8299 -8.25814 6
      vertex 17.0855 -7.72315 5.2
    endloop
  endfacet
  facet normal 0.919766 -0.392467 0
    outer loop
      vertex 17.0855 -7.72315 6
      vertex 17.0855 -7.72315 5.2
      vertex 17.3182 -7.17779 6
    endloop
  endfacet
  facet normal 0.838786 -0.357913 0.410288
    outer loop
      vertex 17.3182 -7.17779 6
      vertex 16.2654 -7.35244 8
      vertex 17.0855 -7.72315 6
    endloop
  endfacet
  facet normal 0.824297 0.326628 0.462438
    outer loop
      vertex 16.8304 -5.94654 6
      vertex 16.2654 -7.35244 8
      vertex 17.3182 -7.17779 6
    endloop
  endfacet
  facet normal 0.3691 -0.806174 -0.462438
    outer loop
      vertex 16.8139 -6.75638 7.39867
      vertex 16.2654 -7.35244 8
      vertex 16.8304 -5.94654 6
    endloop
  endfacet
  facet normal 0.3691 -0.806174 -0.462438
    outer loop
      vertex 17.3607 -6.13394 6.75
      vertex 16.8139 -6.75638 7.39867
      vertex 16.8304 -5.94654 6
    endloop
  endfacet
  facet normal 0.3691 -0.806174 -0.462438
    outer loop
      vertex 17.0639 -6.47182 7.10211
      vertex 16.8139 -6.75638 7.39867
      vertex 17.3607 -6.13394 6.75
    endloop
  endfacet
  facet normal 0.793627 0.395356 -0.462438
    outer loop
      vertex 17.3607 -6.13394 6.75
      vertex 16.8304 -5.94654 6
      vertex 17.274 -4.49781 8
    endloop
  endfacet
  facet normal 0.793627 0.395356 -0.462438
    outer loop
      vertex 17.3441 -5.7331 7.06409
      vertex 17.3607 -6.13394 6.75
      vertex 17.3138 -5.11211 7.543
    endloop
  endfacet
  facet normal 0.793627 0.395356 -0.462438
    outer loop
      vertex 17.3138 -5.11211 7.543
      vertex 17.3607 -6.13394 6.75
      vertex 17.274 -4.49781 8
    endloop
  endfacet
  facet normal 0.793627 0.395356 -0.462438
    outer loop
      vertex 17.3263 -5.30612 7.39867
      vertex 17.3441 -5.7331 7.06409
      vertex 17.3138 -5.11211 7.543
    endloop
  endfacet
  facet normal 0.436138 -0.771968 0.462438
    outer loop
      vertex 17.274 -4.49781 8
      vertex 16.8304 -5.94654 6
      vertex 17.9834 -5.29509 6
    endloop
  endfacet
  facet normal 0.436138 -0.771968 0.462438
    outer loop
      vertex 17.672 -4.94509 6.87798
      vertex 17.274 -4.49781 8
      vertex 17.9834 -5.29509 6
    endloop
  endfacet
  facet normal 0.877454 -0.248474 0.410288
    outer loop
      vertex 18.145 -4.72459 6
      vertex 17.672 -4.94509 6.87798
      vertex 17.9834 -5.29509 6
    endloop
  endfacet
  facet normal 0.962166 -0.272463 0
    outer loop
      vertex 18.145 -4.72459 6
      vertex 17.9834 -5.29509 6
      vertex 18.145 -4.72459 5.2
    endloop
  endfacet
  facet normal 0.972863 -0.231381 0
    outer loop
      vertex 18.2822 -4.14774 6
      vertex 18.145 -4.72459 6
      vertex 18.145 -4.72459 5.2
    endloop
  endfacet
  facet normal 0.887209 -0.211009 0.410288
    outer loop
      vertex 18.2822 -4.14774 6
      vertex 17.274 -4.49781 8
      vertex 18.145 -4.72459 6
    endloop
  endfacet
  facet normal 0.757239 0.461237 0.462438
    outer loop
      vertex 17.5932 -3.01666 6
      vertex 17.274 -4.49781 8
      vertex 18.2822 -4.14774 6
    endloop
  endfacet
  facet normal 0.500034 -0.7322 -0.462438
    outer loop
      vertex 17.7139 -3.81763 7.39867
      vertex 17.274 -4.49781 8
      vertex 17.5932 -3.01666 6
    endloop
  endfacet
  facet normal 0.500034 -0.7322 -0.462438
    outer loop
      vertex 17.9122 -3.49491 7.10211
      vertex 17.7139 -3.81763 7.39867
      vertex 17.5932 -3.01666 6
    endloop
  endfacet
  facet normal 0.500034 -0.7322 -0.462438
    outer loop
      vertex 18.1477 -3.11173 6.75
      vertex 17.9122 -3.49491 7.10211
      vertex 17.5932 -3.01666 6
    endloop
  endfacet
  facet normal 0.715396 0.523793 -0.462438
    outer loop
      vertex 18.1477 -3.11173 6.75
      vertex 17.5932 -3.01666 6
      vertex 17.7857 -1.51379 8
    endloop
  endfacet
  facet normal 0.715396 0.523793 -0.462438
    outer loop
      vertex 17.9738 -2.30164 7.39867
      vertex 18.1477 -3.11173 6.75
      vertex 17.9287 -2.11254 7.543
    endloop
  endfacet
  facet normal 0.715396 0.523793 -0.462438
    outer loop
      vertex 17.9287 -2.11254 7.543
      vertex 18.1477 -3.11173 6.75
      vertex 17.7857 -1.51379 8
    endloop
  endfacet
  facet normal 0.715396 0.523793 -0.462438
    outer loop
      vertex 18.0635 -2.71948 7.06409
      vertex 18.1477 -3.11173 6.75
      vertex 17.9738 -2.30164 7.39867
    endloop
  endfacet
  facet normal 0.560328 -0.687156 0.462438
    outer loop
      vertex 17.7857 -1.51379 8
      vertex 17.5932 -3.01666 6
      vertex 18.6196 -2.17971 6
    endloop
  endfacet
  facet normal 0.560328 -0.687156 0.462438
    outer loop
      vertex 18.2535 -1.88738 6.87798
      vertex 17.7857 -1.51379 8
      vertex 18.6196 -2.17971 6
    endloop
  endfacet
  facet normal 0.906825 -0.096609 0.410288
    outer loop
      vertex 18.6825 -1.59011 6
      vertex 18.2535 -1.88738 6.87798
      vertex 18.6196 -2.17971 6
    endloop
  endfacet
  facet normal 0.994373 -0.105936 0
    outer loop
      vertex 18.6825 -1.59011 6
      vertex 18.6196 -2.17971 6
      vertex 18.6825 -1.59011 5.2
    endloop
  endfacet
  facet normal 0.997973 -0.0636383 0
    outer loop
      vertex 18.6825 -1.59011 6
      vertex 18.6825 -1.59011 5.2
      vertex 18.7202 -0.998378 6
    endloop
  endfacet
  facet normal 0.910108 -0.0580353 0.410288
    outer loop
      vertex 18.7202 -0.998378 6
      vertex 17.7857 -1.51379 8
      vertex 18.6825 -1.59011 6
    endloop
  endfacet
  facet normal 0.668398 0.582576 0.462438
    outer loop
      vertex 17.85 0 6
      vertex 17.7857 -1.51379 8
      vertex 18.7202 -0.998378 6
    endloop
  endfacet
  facet normal 0.616584 -0.637161 -0.462438
    outer loop
      vertex 18.1043 -0.76906 7.39867
      vertex 17.7857 -1.51379 8
      vertex 17.85 0 6
    endloop
  endfacet
  facet normal 0.616584 -0.637161 -0.462438
    outer loop
      vertex 18.2452 -0.417467 7.10211
      vertex 18.1043 -0.76906 7.39867
      vertex 18.4125 0 6.75
    endloop
  endfacet
  facet normal 0.616584 -0.637161 -0.462438
    outer loop
      vertex 18.4125 0 6.75
      vertex 18.1043 -0.76906 7.39867
      vertex 17.85 0 6
    endloop
  endfacet
  facet normal 0.616584 0.637161 -0.462438
    outer loop
      vertex 17.7857 1.51379 8
      vertex 18.0278 0.94781 7.543
      vertex 17.85 0 6
    endloop
  endfacet
  facet normal 0.616584 0.637161 -0.462438
    outer loop
      vertex 17.85 0 6
      vertex 18.0278 0.94781 7.543
      vertex 18.1043 0.76906 7.39867
    endloop
  endfacet
  facet normal 0.616584 0.637161 -0.462438
    outer loop
      vertex 17.85 0 6
      vertex 18.1043 0.76906 7.39867
      vertex 18.2633 0.372386 7.06409
    endloop
  endfacet
  facet normal 0.616584 0.637161 -0.462438
    outer loop
      vertex 17.85 0 6
      vertex 18.2633 0.372386 7.06409
      vertex 18.4125 0 6.75
    endloop
  endfacet
  facet normal 0.668398 -0.582576 0.462438
    outer loop
      vertex 18.31 1.22464 6.87798
      vertex 17.7857 1.51379 8
      vertex 17.85 0 6
    endloop
  endfacet
  facet normal 0.668398 -0.582576 0.462438
    outer loop
      vertex 18.7202 0.998378 6
      vertex 18.31 1.22464 6.87798
      vertex 17.85 0 6
    endloop
  endfacet
  facet normal 0.757239 -0.461237 0.462438
    outer loop
      vertex 17.8396 4.30142 6.87798
      vertex 17.274 4.49781 8
      vertex 17.5932 3.01666 6
    endloop
  endfacet
  facet normal 0.757239 -0.461237 0.462438
    outer loop
      vertex 18.2822 4.14774 6
      vertex 17.8396 4.30142 6.87798
      vertex 17.5932 3.01666 6
    endloop
  endfacet
  facet normal 0.560328 0.687156 0.462438
    outer loop
      vertex 18.6196 2.17971 6
      vertex 17.5932 3.01666 6
      vertex 17.7857 1.51379 8
    endloop
  endfacet
  facet normal 0.715396 -0.523793 -0.462438
    outer loop
      vertex 17.7857 1.51379 8
      vertex 17.5932 3.01666 6
      vertex 18.1477 3.11173 6.75
    endloop
  endfacet
  facet normal 0.715396 -0.523793 -0.462438
    outer loop
      vertex 18.0533 2.67199 7.10211
      vertex 17.7857 1.51379 8
      vertex 18.1477 3.11173 6.75
    endloop
  endfacet
  facet normal 0.715396 -0.523793 -0.462438
    outer loop
      vertex 17.9738 2.30164 7.39867
      vertex 17.7857 1.51379 8
      vertex 18.0533 2.67199 7.10211
    endloop
  endfacet
  facet normal 0.500034 0.7322 -0.462438
    outer loop
      vertex 17.274 4.49781 8
      vertex 17.6083 3.98089 7.543
      vertex 17.5932 3.01666 6
    endloop
  endfacet
  facet normal 0.500034 0.7322 -0.462438
    outer loop
      vertex 17.5932 3.01666 6
      vertex 17.6083 3.98089 7.543
      vertex 17.7139 3.81763 7.39867
    endloop
  endfacet
  facet normal 0.500034 0.7322 -0.462438
    outer loop
      vertex 17.5932 3.01666 6
      vertex 17.7139 3.81763 7.39867
      vertex 17.9376 3.45353 7.06409
    endloop
  endfacet
  facet normal 0.500034 0.7322 -0.462438
    outer loop
      vertex 17.5932 3.01666 6
      vertex 17.9376 3.45353 7.06409
      vertex 18.1477 3.11173 6.75
    endloop
  endfacet
  facet normal 0.910108 0.0580353 0.410288
    outer loop
      vertex 18.6825 1.59011 6
      vertex 18.31 1.22464 6.87798
      vertex 18.7202 0.998378 6
    endloop
  endfacet
  facet normal 0.997973 0.0636383 0
    outer loop
      vertex 18.7202 0.998378 6
      vertex 18.6825 1.59011 5.2
      vertex 18.6825 1.59011 6
    endloop
  endfacet
  facet normal 0.994373 0.105936 0
    outer loop
      vertex 18.6825 1.59011 5.2
      vertex 18.6196 2.17971 6
      vertex 18.6825 1.59011 6
    endloop
  endfacet
  facet normal 0.906824 0.096609 0.410288
    outer loop
      vertex 18.6196 2.17971 6
      vertex 17.7857 1.51379 8
      vertex 18.6825 1.59011 6
    endloop
  endfacet
  facet normal 0.824297 -0.326628 0.462438
    outer loop
      vertex 16.8561 7.25446 6.87798
      vertex 16.2654 7.35244 8
      vertex 16.8304 5.94654 6
    endloop
  endfacet
  facet normal 0.824297 -0.326628 0.462438
    outer loop
      vertex 17.3182 7.17779 6
      vertex 16.8561 7.25446 6.87798
      vertex 16.8304 5.94654 6
    endloop
  endfacet
  facet normal 0.436138 0.771968 0.462438
    outer loop
      vertex 17.9834 5.29509 6
      vertex 16.8304 5.94654 6
      vertex 17.274 4.49781 8
    endloop
  endfacet
  facet normal 0.793627 -0.395356 -0.462438
    outer loop
      vertex 17.274 4.49781 8
      vertex 16.8304 5.94654 6
      vertex 17.3607 6.13394 6.75
    endloop
  endfacet
  facet normal 0.793627 -0.395356 -0.462438
    outer loop
      vertex 17.3263 5.30612 7.39867
      vertex 17.274 4.49781 8
      vertex 17.342 5.68458 7.10211
    endloop
  endfacet
  facet normal 0.793627 -0.395356 -0.462438
    outer loop
      vertex 17.342 5.68458 7.10211
      vertex 17.274 4.49781 8
      vertex 17.3607 6.13394 6.75
    endloop
  endfacet
  facet normal 0.3691 0.806174 -0.462438
    outer loop
      vertex 16.2654 7.35244 8
      vertex 16.6823 6.89945 7.543
      vertex 16.8304 5.94654 6
    endloop
  endfacet
  facet normal 0.3691 0.806174 -0.462438
    outer loop
      vertex 16.8304 5.94654 6
      vertex 16.6823 6.89945 7.543
      vertex 16.8139 6.75638 7.39867
    endloop
  endfacet
  facet normal 0.3691 0.806174 -0.462438
    outer loop
      vertex 16.8304 5.94654 6
      vertex 16.8139 6.75638 7.39867
      vertex 17.096 6.43533 7.06409
    endloop
  endfacet
  facet normal 0.3691 0.806174 -0.462438
    outer loop
      vertex 16.8304 5.94654 6
      vertex 17.096 6.43533 7.06409
      vertex 17.3607 6.13394 6.75
    endloop
  endfacet
  facet normal 0.887209 0.211009 0.410288
    outer loop
      vertex 18.145 4.72459 6
      vertex 17.8396 4.30142 6.87798
      vertex 18.2822 4.14774 6
    endloop
  endfacet
  facet normal 0.972863 0.231381 0
    outer loop
      vertex 18.2822 4.14774 6
      vertex 18.145 4.72459 5.2
      vertex 18.145 4.72459 6
    endloop
  endfacet
  facet normal 0.962166 0.272463 0
    outer loop
      vertex 18.145 4.72459 5.2
      vertex 17.9834 5.29509 6
      vertex 18.145 4.72459 6
    endloop
  endfacet
  facet normal 0.877453 0.248474 0.410288
    outer loop
      vertex 17.9834 5.29509 6
      vertex 17.274 4.49781 8
      vertex 18.145 4.72459 6
    endloop
  endfacet
  facet normal 0.86764 -0.182623 0.462438
    outer loop
      vertex 15.3876 9.9988 6.87798
      vertex 14.7889 9.99555 8
      vertex 15.5833 8.70535 6
    endloop
  endfacet
  facet normal 0.86764 -0.182623 0.462438
    outer loop
      vertex 15.8561 10.0013 6
      vertex 15.3876 9.9988 6.87798
      vertex 15.5833 8.70535 6
    endloop
  endfacet
  facet normal 0.299402 0.834571 0.462438
    outer loop
      vertex 16.8299 8.25814 6
      vertex 15.5833 8.70535 6
      vertex 16.2654 7.35244 8
    endloop
  endfacet
  facet normal 0.849027 -0.255546 -0.462438
    outer loop
      vertex 16.2654 7.35244 8
      vertex 15.5833 8.70535 6
      vertex 16.0744 8.97968 6.75
    endloop
  endfacet
  facet normal 0.849027 -0.255546 -0.462438
    outer loop
      vertex 16.1319 8.53363 7.10211
      vertex 16.2654 7.35244 8
      vertex 16.0744 8.97968 6.75
    endloop
  endfacet
  facet normal 0.849027 -0.255546 -0.462438
    outer loop
      vertex 16.1804 8.15796 7.39867
      vertex 16.2654 7.35244 8
      vertex 16.1319 8.53363 7.10211
    endloop
  endfacet
  facet normal 0.227547 0.856956 -0.462438
    outer loop
      vertex 14.7889 9.99555 8
      vertex 15.2763 9.61952 7.543
      vertex 15.5833 8.70535 6
    endloop
  endfacet
  facet normal 0.227547 0.856956 -0.462438
    outer loop
      vertex 15.5833 8.70535 6
      vertex 15.2763 9.61952 7.543
      vertex 15.4302 9.50076 7.39867
    endloop
  endfacet
  facet normal 0.227547 0.856956 -0.462438
    outer loop
      vertex 15.5833 8.70535 6
      vertex 15.4302 9.50076 7.39867
      vertex 15.7625 9.23199 7.06409
    endloop
  endfacet
  facet normal 0.227547 0.856956 -0.462438
    outer loop
      vertex 15.5833 8.70535 6
      vertex 15.7625 9.23199 7.06409
      vertex 16.0744 8.97968 6.75
    endloop
  endfacet
  facet normal 0.838786 0.357913 0.410288
    outer loop
      vertex 17.0855 7.72315 6
      vertex 16.8561 7.25446 6.87798
      vertex 17.3182 7.17779 6
    endloop
  endfacet
  facet normal 0.919766 0.392467 0
    outer loop
      vertex 17.3182 7.17779 6
      vertex 17.0855 7.72315 5.2
      vertex 17.0855 7.72315 6
    endloop
  endfacet
  facet normal 0.902281 0.431149 0
    outer loop
      vertex 17.0855 7.72315 5.2
      vertex 16.8299 8.25814 6
      vertex 17.0855 7.72315 6
    endloop
  endfacet
  facet normal 0.82284 0.393189 0.410288
    outer loop
      vertex 16.8299 8.25814 6
      vertex 16.2654 7.35244 8
      vertex 17.0855 7.72315 6
    endloop
  endfacet
  facet normal 0.886024 -0.0333638 0.462438
    outer loop
      vertex 13.4765 12.4555 6.87798
      vertex 12.8869 12.3511 8
      vertex 13.8879 11.2137 6
    endloop
  endfacet
  facet normal 0.886024 -0.0333638 0.462438
    outer loop
      vertex 13.9378 12.5372 6
      vertex 13.4765 12.4555 6.87798
      vertex 13.8879 11.2137 6
    endloop
  endfacet
  facet normal 0.154052 0.873166 0.462438
    outer loop
      vertex 15.1922 10.9836 6
      vertex 13.8879 11.2137 6
      vertex 14.7889 9.99555 8
    endloop
  endfacet
  facet normal 0.880002 -0.108384 -0.462438
    outer loop
      vertex 14.7889 9.99555 8
      vertex 13.8879 11.2137 6
      vertex 14.3256 11.5671 6.75
    endloop
  endfacet
  facet normal 0.880002 -0.108384 -0.462438
    outer loop
      vertex 14.5689 10.7751 7.39867
      vertex 14.7889 9.99555 8
      vertex 14.4577 11.1372 7.10211
    endloop
  endfacet
  facet normal 0.880002 -0.108384 -0.462438
    outer loop
      vertex 14.4577 11.1372 7.10211
      vertex 14.7889 9.99555 8
      vertex 14.3256 11.5671 6.75
    endloop
  endfacet
  facet normal 0.0794472 0.883085 -0.462438
    outer loop
      vertex 12.8869 12.3511 8
      vertex 13.4308 12.0629 7.543
      vertex 13.8879 11.2137 6
    endloop
  endfacet
  facet normal 0.0794472 0.883085 -0.462438
    outer loop
      vertex 13.8879 11.2137 6
      vertex 13.4308 12.0629 7.543
      vertex 13.6026 11.9718 7.39867
    endloop
  endfacet
  facet normal 0.0794472 0.883085 -0.462438
    outer loop
      vertex 13.8879 11.2137 6
      vertex 13.6026 11.9718 7.39867
      vertex 13.9755 11.7631 7.06409
    endloop
  endfacet
  facet normal 0.0794472 0.883085 -0.462438
    outer loop
      vertex 13.8879 11.2137 6
      vertex 13.9755 11.7631 7.06409
      vertex 14.3256 11.5671 6.75
    endloop
  endfacet
  facet normal 0.766233 0.49452 0.410288
    outer loop
      vertex 15.5346 10.4995 6
      vertex 15.3876 9.9988 6.87798
      vertex 15.8561 10.0013 6
    endloop
  endfacet
  facet normal 0.840209 0.542263 0
    outer loop
      vertex 15.8561 10.0013 6
      vertex 15.5346 10.4995 5.2
      vertex 15.5346 10.4995 6
    endloop
  endfacet
  facet normal 0.816437 0.577434 0
    outer loop
      vertex 15.5346 10.4995 5.2
      vertex 15.1922 10.9836 6
      vertex 15.5346 10.4995 6
    endloop
  endfacet
  facet normal 0.744555 0.526595 0.410288
    outer loop
      vertex 15.1922 10.9836 6
      vertex 14.7889 9.99555 8
      vertex 15.5346 10.4995 6
    endloop
  endfacet
  facet normal 0.878917 0.116855 0.462438
    outer loop
      vertex 11.1776 14.5539 6.87798
      vertex 10.6142 14.3513 8
      vertex 11.793 13.3995 6
    endloop
  endfacet
  facet normal 0.878917 0.116855 0.462438
    outer loop
      vertex 11.6185 14.7123 6
      vertex 11.1776 14.5539 6.87798
      vertex 11.793 13.3995 6
    endloop
  endfacet
  facet normal 0.00427027 0.886641 0.462438
    outer loop
      vertex 13.1174 13.3931 6
      vertex 11.793 13.3995 6
      vertex 12.8869 12.3511 8
    endloop
  endfacet
  facet normal 0.885661 0.0418962 -0.462438
    outer loop
      vertex 12.8869 12.3511 8
      vertex 11.793 13.3995 6
      vertex 12.1647 13.8218 6.75
    endloop
  endfacet
  facet normal 0.885661 0.0418962 -0.462438
    outer loop
      vertex 12.5383 13.0823 7.39867
      vertex 12.8869 12.3511 8
      vertex 12.3675 13.4203 7.10211
    endloop
  endfacet
  facet normal 0.885661 0.0418962 -0.462438
    outer loop
      vertex 12.3675 13.4203 7.10211
      vertex 12.8869 12.3511 8
      vertex 12.1647 13.8218 6.75
    endloop
  endfacet
  facet normal -0.0709376 0.883809 -0.462438
    outer loop
      vertex 10.6142 14.3513 8
      vertex 11.199 14.1592 7.543
      vertex 11.793 13.3995 6
    endloop
  endfacet
  facet normal -0.0709376 0.883809 -0.462438
    outer loop
      vertex 11.793 13.3995 6
      vertex 11.199 14.1592 7.543
      vertex 11.3837 14.0985 7.39866
    endloop
  endfacet
  facet normal -0.0709376 0.883809 -0.462438
    outer loop
      vertex 11.793 13.3995 6
      vertex 11.3837 14.0985 7.39866
      vertex 11.7865 13.9557 7.06409
    endloop
  endfacet
  facet normal -0.0709376 0.883809 -0.462438
    outer loop
      vertex 11.793 13.3995 6
      vertex 11.7865 13.9557 7.06409
      vertex 12.1647 13.8218 6.75
    endloop
  endfacet
  facet normal 0.671638 0.616901 0.410288
    outer loop
      vertex 13.5367 12.9739 6
      vertex 13.4765 12.4555 6.87798
      vertex 13.9378 12.5372 6
    endloop
  endfacet
  facet normal 0.73648 0.676459 0
    outer loop
      vertex 13.9378 12.5372 6
      vertex 13.5367 12.9739 5.2
      vertex 13.5367 12.9739 6
    endloop
  endfacet
  facet normal 0.707107 0.707107 0
    outer loop
      vertex 13.1174 13.3931 6
      vertex 13.5367 12.9739 6
      vertex 13.5367 12.9739 5.2
    endloop
  endfacet
  facet normal 0.64485 0.64485 0.410288
    outer loop
      vertex 13.1174 13.3931 6
      vertex 12.8869 12.3511 8
      vertex 13.5367 12.9739 6
    endloop
  endfacet
  facet normal 0.846526 0.263712 0.462438
    outer loop
      vertex 8.55723 16.2335 6.87798
      vertex 8.03614 15.9387 8
      vertex 9.35888 15.1998 6
    endloop
  endfacet
  facet normal 0.846526 0.263712 0.462438
    outer loop
      vertex 8.96498 16.4642 6
      vertex 8.55723 16.2335 6.87798
      vertex 9.35888 15.1998 6
    endloop
  endfacet
  facet normal -0.145634 0.874609 0.462438
    outer loop
      vertex 10.6653 15.4173 6
      vertex 9.35888 15.1998 6
      vertex 10.6142 14.3513 8
    endloop
  endfacet
  facet normal 0.865841 0.190971 -0.462438
    outer loop
      vertex 10.6142 14.3513 8
      vertex 9.35888 15.1998 6
      vertex 9.65381 15.6788 6.75
    endloop
  endfacet
  facet normal 0.865841 0.190971 -0.462438
    outer loop
      vertex 9.92157 15.3174 7.10211
      vertex 10.6142 14.3513 8
      vertex 9.65381 15.6788 6.75
    endloop
  endfacet
  facet normal 0.865841 0.190971 -0.462438
    outer loop
      vertex 10.1471 15.0131 7.39867
      vertex 10.6142 14.3513 8
      vertex 9.92157 15.3174 7.10211
    endloop
  endfacet
  facet normal -0.219282 0.859108 -0.462438
    outer loop
      vertex 8.03614 15.9387 8
      vertex 8.64502 15.8481 7.543
      vertex 9.35888 15.1998 6
    endloop
  endfacet
  facet normal -0.219282 0.859108 -0.462438
    outer loop
      vertex 9.35888 15.1998 6
      vertex 8.64502 15.8481 7.543
      vertex 8.83733 15.8195 7.39867
    endloop
  endfacet
  facet normal -0.219282 0.859108 -0.462438
    outer loop
      vertex 9.35888 15.1998 6
      vertex 8.83733 15.8195 7.39867
      vertex 9.25846 15.7469 7.06409
    endloop
  endfacet
  facet normal -0.219282 0.859108 -0.462438
    outer loop
      vertex 9.35888 15.1998 6
      vertex 9.25846 15.7469 7.06409
      vertex 9.65381 15.6788 6.75
    endloop
  endfacet
  facet normal 0.55772 0.721535 0.410288
    outer loop
      vertex 11.6185 14.7123 6
      vertex 11.1494 15.0749 6
      vertex 11.1776 14.5539 6.87798
    endloop
  endfacet
  facet normal 0.611564 0.791195 0
    outer loop
      vertex 11.6185 14.7123 6
      vertex 11.1494 15.0749 5.2
      vertex 11.1494 15.0749 6
    endloop
  endfacet
  facet normal 0.577434 0.816437 0
    outer loop
      vertex 11.1494 15.0749 5.2
      vertex 10.6653 15.4173 6
      vertex 11.1494 15.0749 6
    endloop
  endfacet
  facet normal 0.526595 0.744555 0.410288
    outer loop
      vertex 10.6653 15.4173 6
      vertex 10.6142 14.3513 8
      vertex 11.1494 15.0749 6
    endloop
  endfacet
  facet normal 0.789782 0.402982 0.462438
    outer loop
      vertex 5.69066 17.4462 6.87798
      vertex 5.22689 17.0676 8
      vertex 6.65549 16.5628 6
    endloop
  endfacet
  facet normal 0.789782 0.402982 0.462438
    outer loop
      vertex 6.05356 17.7425 6
      vertex 5.69066 17.4462 6.87798
      vertex 6.65549 16.5628 6
    endloop
  endfacet
  facet normal -0.291349 0.837417 0.462438
    outer loop
      vertex 7.90633 16.998 6
      vertex 6.65549 16.5628 6
      vertex 8.03614 15.9387 8
    endloop
  endfacet
  facet normal 0.821112 0.334552 -0.462438
    outer loop
      vertex 8.03614 15.9387 8
      vertex 6.65549 16.5628 6
      vertex 6.86522 17.0848 6.75
    endloop
  endfacet
  facet normal 0.821112 0.334552 -0.462438
    outer loop
      vertex 7.1902 16.7739 7.10211
      vertex 8.03614 15.9387 8
      vertex 6.86522 17.0848 6.75
    endloop
  endfacet
  facet normal 0.821112 0.334552 -0.462438
    outer loop
      vertex 7.4639 16.512 7.39866
      vertex 8.03614 15.9387 8
      vertex 7.1902 16.7739 7.10211
    endloop
  endfacet
  facet normal -0.361318 0.809692 -0.462438
    outer loop
      vertex 5.22689 17.0676 8
      vertex 5.84232 17.0812 7.543
      vertex 6.65549 16.5628 6
    endloop
  endfacet
  facet normal -0.361318 0.809692 -0.462438
    outer loop
      vertex 6.65549 16.5628 6
      vertex 5.84232 17.0812 7.543
      vertex 6.03669 17.0855 7.39867
    endloop
  endfacet
  facet normal -0.361318 0.809692 -0.462438
    outer loop
      vertex 6.65549 16.5628 6
      vertex 6.03669 17.0855 7.39867
      vertex 6.46404 17.0851 7.06409
    endloop
  endfacet
  facet normal -0.361318 0.809692 -0.462438
    outer loop
      vertex 6.65549 16.5628 6
      vertex 6.46404 17.0851 7.06409
      vertex 6.86522 17.0848 6.75
    endloop
  endfacet
  facet normal 0.427757 0.805411 0.410288
    outer loop
      vertex 8.96498 16.4642 6
      vertex 8.44132 16.7424 6
      vertex 8.55723 16.2335 6.87798
    endloop
  endfacet
  facet normal 0.469055 0.883169 0
    outer loop
      vertex 8.44132 16.7424 5.2
      vertex 8.44132 16.7424 6
      vertex 8.96498 16.4642 6
    endloop
  endfacet
  facet normal 0.431149 0.902281 0
    outer loop
      vertex 8.44132 16.7424 5.2
      vertex 7.90633 16.998 6
      vertex 8.44132 16.7424 6
    endloop
  endfacet
  facet normal 0.393189 0.82284 0.410288
    outer loop
      vertex 8.44132 16.7424 6
      vertex 7.90633 16.998 6
      vertex 8.03614 15.9387 8
    endloop
  endfacet
  facet normal 0.710318 0.530659 0.462438
    outer loop
      vertex 2.66038 18.157 6.87798
      vertex 2.26727 17.7054 8
      vertex 3.76062 17.4494 6
    endloop
  endfacet
  facet normal 0.710318 0.530659 0.462438
    outer loop
      vertex 2.96799 18.5104 6
      vertex 2.66038 18.157 6.87798
      vertex 3.76062 17.4494 6
    endloop
  endfacet
  facet normal -0.428682 0.776133 0.462438
    outer loop
      vertex 4.91992 18.0897 6
      vertex 3.76062 17.4494 6
      vertex 5.22689 17.0676 8
    endloop
  endfacet
  facet normal 0.752762 0.468508 -0.462438
    outer loop
      vertex 5.22689 17.0676 8
      vertex 3.76062 17.4494 6
      vertex 3.87913 17.9992 6.75
    endloop
  endfacet
  facet normal 0.752762 0.468508 -0.462438
    outer loop
      vertex 4.56599 17.5359 7.39867
      vertex 5.22689 17.0676 8
      vertex 4.25198 17.7477 7.10211
    endloop
  endfacet
  facet normal 0.752762 0.468508 -0.462438
    outer loop
      vertex 4.25198 17.7477 7.10211
      vertex 5.22689 17.0676 8
      vertex 3.87913 17.9992 6.75
    endloop
  endfacet
  facet normal -0.492959 0.736982 -0.462438
    outer loop
      vertex 2.26727 17.7054 8
      vertex 2.87155 17.8229 7.543
      vertex 3.76062 17.4494 6
    endloop
  endfacet
  facet normal -0.492959 0.736982 -0.462438
    outer loop
      vertex 3.76062 17.4494 6
      vertex 2.87155 17.8229 7.543
      vertex 3.0624 17.86 7.39867
    endloop
  endfacet
  facet normal -0.492959 0.736982 -0.462438
    outer loop
      vertex 3.76062 17.4494 6
      vertex 3.0624 17.86 7.39867
      vertex 3.48366 17.9318 7.06409
    endloop
  endfacet
  facet normal -0.492959 0.736982 -0.462438
    outer loop
      vertex 3.76062 17.4494 6
      vertex 3.48366 17.9318 7.06409
      vertex 3.87913 17.9992 6.75
    endloop
  endfacet
  facet normal 0.285489 0.866118 0.410288
    outer loop
      vertex 6.05356 17.7425 6
      vertex 5.49043 17.9281 6
      vertex 5.69066 17.4462 6.87798
    endloop
  endfacet
  facet normal 0.313052 0.949736 0
    outer loop
      vertex 5.49043 17.9281 5.2
      vertex 5.49043 17.9281 6
      vertex 6.05356 17.7425 6
    endloop
  endfacet
  facet normal 0.272463 0.962166 0
    outer loop
      vertex 5.49043 17.9281 5.2
      vertex 4.91992 18.0897 6
      vertex 5.49043 17.9281 6
    endloop
  endfacet
  facet normal 0.248474 0.877454 0.410288
    outer loop
      vertex 5.49043 17.9281 6
      vertex 4.91992 18.0897 6
      vertex 5.22689 17.0676 8
    endloop
  endfacet
  facet normal 0.610419 0.643071 0.462438
    outer loop
      vertex -0.757575 17.8339 8
      vertex 0.757575 17.8339 6
      vertex -0.446436 18.3454 6.87798
    endloop
  endfacet
  facet normal 0.610419 0.643071 0.462438
    outer loop
      vertex -0.446436 18.3454 6.87798
      vertex 0.757575 17.8339 6
      vertex -0.202971 18.7457 6
    endloop
  endfacet
  facet normal -0.553683 0.692521 0.462438
    outer loop
      vertex 1.79199 18.6609 6
      vertex 0.757575 17.8339 6
      vertex 2.26727 17.7054 8
    endloop
  endfacet
  facet normal 0.662756 0.588987 -0.462438
    outer loop
      vertex 2.26727 17.7054 8
      vertex 0.757575 17.8339 6
      vertex 0.781448 18.3959 6.75
    endloop
  endfacet
  facet normal 0.662756 0.588987 -0.462438
    outer loop
      vertex 1.19144 18.211 7.10211
      vertex 2.26727 17.7054 8
      vertex 0.781449 18.3959 6.75
    endloop
  endfacet
  facet normal 0.662756 0.588987 -0.462438
    outer loop
      vertex 0.781449 18.3959 6.75
      vertex 2.26727 17.7054 8
      vertex 0.781448 18.3959 6.75
    endloop
  endfacet
  facet normal 0.662756 0.588987 -0.462438
    outer loop
      vertex 1.53673 18.0553 7.39867
      vertex 2.26727 17.7054 8
      vertex 1.19144 18.211 7.10211
    endloop
  endfacet
  facet normal -0.610419 0.643071 -0.462438
    outer loop
      vertex -0.757575 17.8339 8
      vertex -0.181835 18.0518 7.543
      vertex 0.757575 17.8339 6
    endloop
  endfacet
  facet normal -0.610419 0.643071 -0.462438
    outer loop
      vertex 0.757575 17.8339 6
      vertex -0.181835 18.0518 7.543
      vertex 0 18.1206 7.39867
    endloop
  endfacet
  facet normal -0.610419 0.643071 -0.462438
    outer loop
      vertex 0.757575 17.8339 6
      vertex 0 18.1206 7.39867
      vertex 0.403064 18.2626 7.06409
    endloop
  endfacet
  facet normal -0.610419 0.643071 -0.462438
    outer loop
      vertex 0.757575 17.8339 6
      vertex 0.403064 18.2626 7.06409
      vertex 0.781448 18.3959 6.75
    endloop
  endfacet
  facet normal 0.135009 0.901907 0.410288
    outer loop
      vertex 2.96799 18.5104 6
      vertex 2.38158 18.5981 6
      vertex 2.66038 18.157 6.87798
    endloop
  endfacet
  facet normal 0.148043 0.988981 0
    outer loop
      vertex 2.38158 18.5981 5.2
      vertex 2.38158 18.5981 6
      vertex 2.96799 18.5104 6
    endloop
  endfacet
  facet normal 0.105936 0.994373 0
    outer loop
      vertex 2.38158 18.5981 5.2
      vertex 1.79199 18.6609 6
      vertex 2.38158 18.5981 6
    endloop
  endfacet
  facet normal 0.096609 0.906825 0.410288
    outer loop
      vertex 2.38158 18.5981 6
      vertex 1.79199 18.6609 6
      vertex 2.26727 17.7054 8
    endloop
  endfacet
  facet normal 0.492959 0.736982 0.462438
    outer loop
      vertex -3.76062 17.4494 8
      vertex -2.26727 17.7054 6
      vertex -3.54041 18.0061 6.87798
    endloop
  endfacet
  facet normal 0.492959 0.736982 0.462438
    outer loop
      vertex -3.54041 18.0061 6.87798
      vertex -2.26727 17.7054 6
      vertex -3.36809 18.4417 6
    endloop
  endfacet
  facet normal -0.662756 0.588987 0.462438
    outer loop
      vertex -1.38751 18.6954 6
      vertex -2.26727 17.7054 6
      vertex -0.757575 17.8339 8
    endloop
  endfacet
  facet normal 0.553683 0.692521 -0.462438
    outer loop
      vertex -2.26727 17.7054 6
      vertex -2.33872 18.2634 6.75
      vertex -1.90338 18.1504 7.10211
    endloop
  endfacet
  facet normal 0.553683 0.692521 -0.462438
    outer loop
      vertex -2.26727 17.7054 6
      vertex -1.90338 18.1504 7.10211
      vertex -1.53673 18.0553 7.39866
    endloop
  endfacet
  facet normal 0.553683 0.692521 -0.462438
    outer loop
      vertex -2.26727 17.7054 6
      vertex -1.53673 18.0553 7.39866
      vertex -0.757575 17.8339 8
    endloop
  endfacet
  facet normal -0.710318 0.530659 -0.462438
    outer loop
      vertex -3.76062 17.4494 8
      vertex -3.22999 17.7614 7.543
      vertex -2.26727 17.7054 6
    endloop
  endfacet
  facet normal -0.710318 0.530659 -0.462438
    outer loop
      vertex -2.26727 17.7054 6
      vertex -3.22999 17.7614 7.543
      vertex -3.0624 17.86 7.39867
    endloop
  endfacet
  facet normal -0.710318 0.530659 -0.462438
    outer loop
      vertex -2.26727 17.7054 6
      vertex -3.0624 17.86 7.39867
      vertex -2.68913 18.068 7.06409
    endloop
  endfacet
  facet normal -0.710318 0.530659 -0.462438
    outer loop
      vertex -2.26727 17.7054 6
      vertex -2.68913 18.068 7.06409
      vertex -2.33872 18.2634 6.75
    endloop
  endfacet
  facet normal -0.0193562 0.911751 0.410288
    outer loop
      vertex -0.202971 18.7457 6
      vertex -0.795773 18.7331 6
      vertex -0.446436 18.3454 6.87798
    endloop
  endfacet
  facet normal -0.0212249 0.999775 0
    outer loop
      vertex -0.795773 18.7331 5.2
      vertex -0.795773 18.7331 6
      vertex -0.795772 18.7331 5.2
    endloop
  endfacet
  facet normal -0.0212249 0.999775 0
    outer loop
      vertex -0.795772 18.7331 5.2
      vertex -0.795773 18.7331 6
      vertex -0.202971 18.7457 6
    endloop
  endfacet
  facet normal -0.0636383 0.997973 0
    outer loop
      vertex -0.795773 18.7331 5.2
      vertex -1.38751 18.6954 6
      vertex -0.795773 18.7331 6
    endloop
  endfacet
  facet normal -0.0580353 0.910108 0.410288
    outer loop
      vertex -0.795773 18.7331 6
      vertex -1.38751 18.6954 6
      vertex -0.757575 17.8339 8
    endloop
  endfacet
  facet normal 0.361318 0.809692 0.462438
    outer loop
      vertex -6.65549 16.5628 8
      vertex -5.22689 17.0676 6
      vertex -6.53253 17.1488 6.87798
    endloop
  endfacet
  facet normal 0.361318 0.809692 0.462438
    outer loop
      vertex -6.53253 17.1488 6.87798
      vertex -5.22689 17.0676 6
      vertex -6.43631 17.6073 6
    endloop
  endfacet
  facet normal -0.752762 0.468508 0.462438
    outer loop
      vertex -4.52708 18.192 6
      vertex -5.22689 17.0676 6
      vertex -3.76062 17.4494 8
    endloop
  endfacet
  facet normal 0.428682 0.776133 -0.462438
    outer loop
      vertex -5.22689 17.0676 6
      vertex -5.3916 17.6054 6.75
      vertex -4.94344 17.5677 7.10211
    endloop
  endfacet
  facet normal 0.428682 0.776133 -0.462438
    outer loop
      vertex -5.22689 17.0676 6
      vertex -4.94344 17.5677 7.10211
      vertex -4.56599 17.5359 7.39867
    endloop
  endfacet
  facet normal 0.428682 0.776133 -0.462438
    outer loop
      vertex -5.22689 17.0676 6
      vertex -4.56599 17.5359 7.39867
      vertex -3.76062 17.4494 8
    endloop
  endfacet
  facet normal -0.789782 0.402982 -0.462438
    outer loop
      vertex -6.65549 16.5628 8
      vertex -6.18522 16.96 7.543
      vertex -5.22689 17.0676 6
    endloop
  endfacet
  facet normal -0.789782 0.402982 -0.462438
    outer loop
      vertex -5.22689 17.0676 6
      vertex -6.18522 16.96 7.543
      vertex -6.03669 17.0855 7.39867
    endloop
  endfacet
  facet normal -0.789782 0.402982 -0.462438
    outer loop
      vertex -5.22689 17.0676 6
      vertex -6.03669 17.0855 7.39867
      vertex -5.70396 17.3537 7.06409
    endloop
  endfacet
  facet normal -0.789782 0.402982 -0.462438
    outer loop
      vertex -5.22689 17.0676 6
      vertex -5.70396 17.3537 7.06409
      vertex -5.3916 17.6054 6.75
    endloop
  endfacet
  facet normal -0.173164 0.895365 0.410288
    outer loop
      vertex -3.36809 18.4417 6
      vertex -3.95024 18.3292 6
      vertex -3.54041 18.0061 6.87798
    endloop
  endfacet
  facet normal -0.189882 0.981807 0
    outer loop
      vertex -3.36809 18.4417 6
      vertex -3.95024 18.3292 5.2
      vertex -3.95024 18.3292 6
    endloop
  endfacet
  facet normal -0.231381 0.972863 0
    outer loop
      vertex -4.52708 18.192 6
      vertex -3.95024 18.3292 6
      vertex -3.95024 18.3292 5.2
    endloop
  endfacet
  facet normal -0.211009 0.887209 0.410288
    outer loop
      vertex -3.95024 18.3292 6
      vertex -4.52708 18.192 6
      vertex -3.76062 17.4494 8
    endloop
  endfacet
  facet normal 0.219282 0.859108 0.462438
    outer loop
      vertex -9.35888 15.1998 8
      vertex -8.03614 15.9387 6
      vertex -9.33672 15.7981 6.87798
    endloop
  endfacet
  facet normal 0.219282 0.859108 0.462438
    outer loop
      vertex -9.33672 15.7981 6.87798
      vertex -8.03614 15.9387 6
      vertex -9.31937 16.2663 6
    endloop
  endfacet
  facet normal -0.821112 0.334552 0.462438
    outer loop
      vertex -7.53642 17.1652 6
      vertex -8.03614 15.9387 6
      vertex -6.65549 16.5628 8
    endloop
  endfacet
  facet normal 0.291349 0.837417 -0.462438
    outer loop
      vertex -8.03614 15.9387 6
      vertex -8.28938 16.441 6.75
      vertex -7.84128 16.4795 7.10211
    endloop
  endfacet
  facet normal 0.291349 0.837417 -0.462438
    outer loop
      vertex -8.03614 15.9387 6
      vertex -7.84128 16.4795 7.10211
      vertex -7.4639 16.512 7.39867
    endloop
  endfacet
  facet normal 0.291349 0.837417 -0.462438
    outer loop
      vertex -8.03614 15.9387 6
      vertex -7.4639 16.512 7.39867
      vertex -6.65549 16.5628 8
    endloop
  endfacet
  facet normal -0.846526 0.263712 -0.462438
    outer loop
      vertex -9.35888 15.1998 8
      vertex -8.96251 15.6708 7.543
      vertex -8.03614 15.9387 6
    endloop
  endfacet
  facet normal -0.846526 0.263712 -0.462438
    outer loop
      vertex -8.03614 15.9387 6
      vertex -8.96251 15.6708 7.543
      vertex -8.83733 15.8195 7.39867
    endloop
  endfacet
  facet normal -0.846526 0.263712 -0.462438
    outer loop
      vertex -8.03614 15.9387 6
      vertex -8.83733 15.8195 7.39867
      vertex -8.5547 16.1401 7.06409
    endloop
  endfacet
  facet normal -0.846526 0.263712 -0.462438
    outer loop
      vertex -8.03614 15.9387 6
      vertex -8.5547 16.1401 7.06409
      vertex -8.28938 16.441 6.75
    endloop
  endfacet
  facet normal -0.321991 0.853221 0.410288
    outer loop
      vertex -6.43631 17.6073 6
      vertex -6.99106 17.3979 6
      vertex -6.53253 17.1488 6.87798
    endloop
  endfacet
  facet normal -0.353078 0.935594 0
    outer loop
      vertex -6.99106 17.3979 5.2
      vertex -6.99106 17.3979 6
      vertex -6.43631 17.6073 6
    endloop
  endfacet
  facet normal -0.392467 0.919766 0
    outer loop
      vertex -6.99106 17.3979 5.2
      vertex -7.53642 17.1652 6
      vertex -6.99106 17.3979 6
    endloop
  endfacet
  facet normal -0.357913 0.838786 0.410288
    outer loop
      vertex -6.99106 17.3979 6
      vertex -7.53642 17.1652 6
      vertex -6.65549 16.5628 8
    endloop
  endfacet
  facet normal 0.0709376 0.883809 0.462438
    outer loop
      vertex -11.9343 14.4573 6
      vertex -11.8723 13.9929 6.87798
      vertex -10.6142 14.3513 6
    endloop
  endfacet
  facet normal 0.0709376 0.883809 0.462438
    outer loop
      vertex -10.6142 14.3513 6
      vertex -11.8723 13.9929 6.87798
      vertex -11.793 13.3995 8
    endloop
  endfacet
  facet normal -0.865841 0.190971 0.462438
    outer loop
      vertex -10.329 15.6446 6
      vertex -10.6142 14.3513 6
      vertex -9.35888 15.1998 8
    endloop
  endfacet
  facet normal 0.145634 0.874609 -0.462438
    outer loop
      vertex -10.9487 14.8036 6.75
      vertex -10.5136 14.9173 7.10211
      vertex -10.6142 14.3513 6
    endloop
  endfacet
  facet normal 0.145634 0.874609 -0.462438
    outer loop
      vertex -10.6142 14.3513 6
      vertex -10.5136 14.9173 7.10211
      vertex -10.1471 15.0131 7.39867
    endloop
  endfacet
  facet normal 0.145634 0.874609 -0.462438
    outer loop
      vertex -10.6142 14.3513 6
      vertex -10.1471 15.0131 7.39867
      vertex -9.35888 15.1998 8
    endloop
  endfacet
  facet normal -0.878917 0.116855 -0.462438
    outer loop
      vertex -11.793 13.3995 8
      vertex -11.482 13.9307 7.543
      vertex -10.6142 14.3513 6
    endloop
  endfacet
  facet normal -0.878917 0.116855 -0.462438
    outer loop
      vertex -10.6142 14.3513 6
      vertex -11.482 13.9307 7.543
      vertex -11.3837 14.0985 7.39867
    endloop
  endfacet
  facet normal -0.878917 0.116855 -0.462438
    outer loop
      vertex -10.6142 14.3513 6
      vertex -11.3837 14.0985 7.39867
      vertex -11.1593 14.4622 7.06409
    endloop
  endfacet
  facet normal -0.878917 0.116855 -0.462438
    outer loop
      vertex -10.6142 14.3513 6
      vertex -11.1593 14.4622 7.06409
      vertex -10.9487 14.8036 6.75
    endloop
  endfacet
  facet normal -0.461555 0.786531 0.410288
    outer loop
      vertex -9.31937 16.2663 6
      vertex -9.83076 15.9662 6
      vertex -9.33672 15.7981 6.87798
    endloop
  endfacet
  facet normal -0.506115 0.862466 0
    outer loop
      vertex -9.83076 15.9662 5.2
      vertex -9.83076 15.9662 6
      vertex -9.31937 16.2663 6
    endloop
  endfacet
  facet normal -0.542263 0.840209 0
    outer loop
      vertex -9.83076 15.9662 5.2
      vertex -10.329 15.6446 6
      vertex -9.83076 15.9662 6
    endloop
  endfacet
  facet normal -0.49452 0.766233 0.410288
    outer loop
      vertex -9.83076 15.9662 6
      vertex -10.329 15.6446 6
      vertex -9.35888 15.1998 8
    endloop
  endfacet
  facet normal -0.0794472 0.883085 0.462438
    outer loop
      vertex -14.206 12.2324 6
      vertex -14.0664 11.7852 6.87798
      vertex -12.8869 12.3511 6
    endloop
  endfacet
  facet normal -0.0794472 0.883085 0.462438
    outer loop
      vertex -12.8869 12.3511 6
      vertex -14.0664 11.7852 6.87798
      vertex -13.8879 11.2137 8
    endloop
  endfacet
  facet normal -0.885661 0.0418962 0.462438
    outer loop
      vertex -12.8243 13.674 6
      vertex -12.8869 12.3511 6
      vertex -11.793 13.3995 8
    endloop
  endfacet
  facet normal -0.00427027 0.886641 -0.462438
    outer loop
      vertex -13.293 12.7403 6.75
      vertex -12.5383 13.0823 7.39866
      vertex -12.8869 12.3511 6
    endloop
  endfacet
  facet normal -0.00427027 0.886641 -0.462438
    outer loop
      vertex -12.8869 12.3511 6
      vertex -12.5383 13.0823 7.39866
      vertex -11.793 13.3995 8
    endloop
  endfacet
  facet normal -0.886024 -0.0333638 -0.462438
    outer loop
      vertex -13.8879 11.2137 8
      vertex -13.6711 11.7899 7.543
      vertex -12.8869 12.3511 6
    endloop
  endfacet
  facet normal -0.886024 -0.0333638 -0.462438
    outer loop
      vertex -12.8869 12.3511 6
      vertex -13.6711 11.7899 7.543
      vertex -13.6026 11.9718 7.39867
    endloop
  endfacet
  facet normal -0.886024 -0.0333638 -0.462438
    outer loop
      vertex -12.8869 12.3511 6
      vertex -13.6026 11.9718 7.39867
      vertex -13.4429 12.3682 7.06409
    endloop
  endfacet
  facet normal -0.886024 -0.0333638 -0.462438
    outer loop
      vertex -12.8869 12.3511 6
      vertex -13.4429 12.3682 7.06409
      vertex -13.293 12.7403 6.75
    endloop
  endfacet
  facet normal -0.58784 0.697215 0.410288
    outer loop
      vertex -11.9343 14.4573 6
      vertex -12.3877 14.0751 6
      vertex -11.8723 13.9929 6.87798
    endloop
  endfacet
  facet normal -0.644592 0.764527 0
    outer loop
      vertex -11.9343 14.4573 6
      vertex -12.3877 14.0751 5.2
      vertex -12.3877 14.0751 6
    endloop
  endfacet
  facet normal -0.676459 0.73648 0
    outer loop
      vertex -12.8243 13.674 6
      vertex -12.3877 14.0751 6
      vertex -12.3877 14.0751 5.2
    endloop
  endfacet
  facet normal -0.616901 0.671638 0.410288
    outer loop
      vertex -12.3877 14.0751 6
      vertex -12.8243 13.674 6
      vertex -11.793 13.3995 8
    endloop
  endfacet
  facet normal -0.227547 0.856956 0.462438
    outer loop
      vertex -16.0689 9.65567 6
      vertex -15.8557 9.23849 6.87798
      vertex -14.7889 9.99555 6
    endloop
  endfacet
  facet normal -0.227547 0.856956 0.462438
    outer loop
      vertex -14.7889 9.99555 6
      vertex -15.8557 9.23849 6.87798
      vertex -15.5833 8.70535 8
    endloop
  endfacet
  facet normal -0.880002 -0.108384 0.462438
    outer loop
      vertex -13.8879 11.2137 8
      vertex -14.9508 11.31 6
      vertex -14.7889 9.99555 6
    endloop
  endfacet
  facet normal -0.154052 0.873166 -0.462438
    outer loop
      vertex -15.2549 10.3105 6.75
      vertex -14.8825 10.5627 7.10211
      vertex -14.7889 9.99555 6
    endloop
  endfacet
  facet normal -0.154052 0.873166 -0.462438
    outer loop
      vertex -14.7889 9.99555 6
      vertex -14.8825 10.5627 7.10211
      vertex -14.5689 10.7751 7.39867
    endloop
  endfacet
  facet normal -0.154052 0.873166 -0.462438
    outer loop
      vertex -14.7889 9.99555 6
      vertex -14.5689 10.7751 7.39867
      vertex -13.8879 11.2137 8
    endloop
  endfacet
  facet normal -0.86764 -0.182623 -0.462438
    outer loop
      vertex -15.5833 8.70535 8
      vertex -15.467 9.30985 7.543
      vertex -14.7889 9.99555 6
    endloop
  endfacet
  facet normal -0.86764 -0.182623 -0.462438
    outer loop
      vertex -14.7889 9.99555 6
      vertex -15.467 9.30985 7.543
      vertex -15.4302 9.50076 7.39867
    endloop
  endfacet
  facet normal -0.86764 -0.182623 -0.462438
    outer loop
      vertex -14.7889 9.99555 6
      vertex -15.4302 9.50076 7.39867
      vertex -15.3398 9.91844 7.06409
    endloop
  endfacet
  facet normal -0.86764 -0.182623 -0.462438
    outer loop
      vertex -14.7889 9.99555 6
      vertex -15.3398 9.91844 7.06409
      vertex -15.2549 10.3105 6.75
    endloop
  endfacet
  facet normal -0.697215 0.58784 0.410288
    outer loop
      vertex -14.206 12.2324 6
      vertex -14.5882 11.7791 6
      vertex -14.0664 11.7852 6.87798
    endloop
  endfacet
  facet normal -0.764527 0.644592 0
    outer loop
      vertex -14.206 12.2324 6
      vertex -14.5882 11.7791 5.2
      vertex -14.5882 11.7791 6
    endloop
  endfacet
  facet normal -0.791195 0.611564 0
    outer loop
      vertex -14.9508 11.31 6
      vertex -14.5882 11.7791 6
      vertex -14.5882 11.7791 5.2
    endloop
  endfacet
  facet normal -0.721535 0.55772 0.410288
    outer loop
      vertex -14.5882 11.7791 6
      vertex -14.9508 11.31 6
      vertex -13.8879 11.2137 8
    endloop
  endfacet
  facet normal -0.3691 0.806174 0.462438
    outer loop
      vertex -17.4696 6.80112 6
      vertex -17.189 6.42597 6.87798
      vertex -16.2654 7.35244 6
    endloop
  endfacet
  facet normal -0.3691 0.806174 0.462438
    outer loop
      vertex -16.2654 7.35244 6
      vertex -17.189 6.42597 6.87798
      vertex -16.8304 5.94654 8
    endloop
  endfacet
  facet normal -0.849027 -0.255546 0.462438
    outer loop
      vertex -15.5833 8.70535 8
      vertex -16.6471 8.62062 6
      vertex -16.2654 7.35244 6
    endloop
  endfacet
  facet normal -0.299402 0.834571 -0.462438
    outer loop
      vertex -16.778 7.58413 6.75
      vertex -16.4536 7.89562 7.10211
      vertex -16.2654 7.35244 6
    endloop
  endfacet
  facet normal -0.299402 0.834571 -0.462438
    outer loop
      vertex -16.2654 7.35244 6
      vertex -16.4536 7.89562 7.10211
      vertex -16.1804 8.15796 7.39867
    endloop
  endfacet
  facet normal -0.299402 0.834571 -0.462438
    outer loop
      vertex -16.2654 7.35244 6
      vertex -16.1804 8.15796 7.39867
      vertex -15.5833 8.70535 8
    endloop
  endfacet
  facet normal -0.824297 -0.326628 -0.462438
    outer loop
      vertex -16.8304 5.94654 8
      vertex -16.8179 6.562 7.543
      vertex -16.2654 7.35244 6
    endloop
  endfacet
  facet normal -0.824297 -0.326628 -0.462438
    outer loop
      vertex -16.2654 7.35244 6
      vertex -16.8179 6.562 7.543
      vertex -16.8139 6.75638 7.39867
    endloop
  endfacet
  facet normal -0.824297 -0.326628 -0.462438
    outer loop
      vertex -16.2654 7.35244 6
      vertex -16.8139 6.75638 7.39867
      vertex -16.7954 7.18333 7.06409
    endloop
  endfacet
  facet normal -0.824297 -0.326628 -0.462438
    outer loop
      vertex -16.2654 7.35244 6
      vertex -16.7954 7.18333 7.06409
      vertex -16.778 7.58413 6.75
    endloop
  endfacet
  facet normal -0.786531 0.461555 0.410288
    outer loop
      vertex -16.0689 9.65567 6
      vertex -16.369 9.14428 6
      vertex -15.8557 9.23849 6.87798
    endloop
  endfacet
  facet normal -0.862466 0.506115 0
    outer loop
      vertex -16.369 9.14428 5.2
      vertex -16.369 9.14428 6
      vertex -16.0689 9.65567 6
    endloop
  endfacet
  facet normal -0.883169 0.469055 0
    outer loop
      vertex -16.369 9.14428 5.2
      vertex -16.6471 8.62062 6
      vertex -16.369 9.14428 6
    endloop
  endfacet
  facet normal -0.805411 0.427757 0.410288
    outer loop
      vertex -16.369 9.14428 6
      vertex -16.6471 8.62062 6
      vertex -15.5833 8.70535 8
    endloop
  endfacet
  facet normal -0.853221 0.321991 0.410288
    outer loop
      vertex -17.4696 6.80112 6
      vertex -17.679 6.24637 6
      vertex -17.189 6.42597 6.87798
    endloop
  endfacet
  facet normal -0.935594 0.353078 0
    outer loop
      vertex -17.4696 6.80112 6
      vertex -17.679 6.24637 5.2
      vertex -17.679 6.24637 6
    endloop
  endfacet
  facet normal -0.949736 0.313052 0
    outer loop
      vertex -17.8646 5.68324 6
      vertex -17.679 6.24637 6
      vertex -17.679 6.24637 5.2
    endloop
  endfacet
  facet normal -0.866118 0.285489 0.410288
    outer loop
      vertex -17.679 6.24637 6
      vertex -17.8646 5.68324 6
      vertex -16.8304 5.94654 8
    endloop
  endfacet
  facet normal -0.866118 0.28549 0.410288
    outer loop
      vertex -16.8304 5.94654 8
      vertex -17.3263 5.30612 7.39867
      vertex -17.0676 5.22689 8
    endloop
  endfacet
  facet normal -0.853221 0.321991 0.410288
    outer loop
      vertex -17.189 6.42597 6.87798
      vertex -17.679 6.24637 6
      vertex -16.8304 5.94654 8
    endloop
  endfacet
  facet normal -0.853221 0.321991 0.410288
    outer loop
      vertex -16.8179 6.562 7.543
      vertex -16.8304 5.94654 8
      vertex -16.5628 6.65549 8
    endloop
  endfacet
  facet normal -0.877454 0.248474 0.410288
    outer loop
      vertex -17.3263 5.30612 7.39867
      vertex -17.5513 5.00138 7.10211
      vertex -17.0676 5.22689 8
    endloop
  endfacet
  facet normal -0.877454 0.248473 0.410288
    outer loop
      vertex -17.8184 4.63955 6.75
      vertex -17.274 4.49781 8
      vertex -17.5513 5.00138 7.10211
    endloop
  endfacet
  facet normal -0.877454 0.248473 0.410288
    outer loop
      vertex -17.5513 5.00138 7.10211
      vertex -17.274 4.49781 8
      vertex -17.0676 5.22689 8
    endloop
  endfacet
  facet normal -0.887209 0.211009 0.410288
    outer loop
      vertex -17.8184 4.63955 6.75
      vertex -17.7678 4.24157 7.06409
      vertex -17.274 4.49781 8
    endloop
  endfacet
  facet normal -0.887209 0.211009 0.410288
    outer loop
      vertex -17.7678 4.24157 7.06409
      vertex -17.7139 3.81763 7.39867
      vertex -17.274 4.49781 8
    endloop
  endfacet
  facet normal -0.887209 0.211009 0.410288
    outer loop
      vertex -17.274 4.49781 8
      vertex -17.7139 3.81763 7.39867
      vertex -17.4494 3.76062 8
    endloop
  endfacet
  facet normal -0.895365 0.173164 0.410288
    outer loop
      vertex -17.4494 3.76062 8
      vertex -17.7139 3.81763 7.39867
      vertex -17.6849 3.62538 7.543
    endloop
  endfacet
  facet normal -0.853221 0.321991 0.410288
    outer loop
      vertex -16.8139 6.75638 7.39867
      vertex -16.8179 6.562 7.543
      vertex -16.5628 6.65549 8
    endloop
  endfacet
  facet normal -0.838786 0.357912 0.410288
    outer loop
      vertex -16.8139 6.75638 7.39867
      vertex -16.5628 6.65549 8
      vertex -16.7954 7.18333 7.06409
    endloop
  endfacet
  facet normal -0.838786 0.357912 0.410288
    outer loop
      vertex -16.7954 7.18333 7.06409
      vertex -16.5628 6.65549 8
      vertex -16.2654 7.35244 8
    endloop
  endfacet
  facet normal -0.838786 0.357913 0.410288
    outer loop
      vertex -16.778 7.58413 6.75
      vertex -16.7954 7.18333 7.06409
      vertex -16.2654 7.35244 8
    endloop
  endfacet
  facet normal -0.82284 0.393189 0.410288
    outer loop
      vertex -16.778 7.58413 6.75
      vertex -16.2654 7.35244 8
      vertex -15.9387 8.03614 8
    endloop
  endfacet
  facet normal -0.82284 0.393189 0.410288
    outer loop
      vertex -16.778 7.58413 6.75
      vertex -15.9387 8.03614 8
      vertex -16.4536 7.89562 7.10211
    endloop
  endfacet
  facet normal -0.82284 0.393189 0.410288
    outer loop
      vertex -16.1804 8.15796 7.39867
      vertex -16.4536 7.89562 7.10211
      vertex -15.9387 8.03614 8
    endloop
  endfacet
  facet normal -0.805411 0.427758 0.410288
    outer loop
      vertex -15.5833 8.70535 8
      vertex -16.1804 8.15796 7.39867
      vertex -15.9387 8.03614 8
    endloop
  endfacet
  facet normal -0.786531 0.461555 0.410288
    outer loop
      vertex -15.8557 9.23849 6.87798
      vertex -16.369 9.14428 6
      vertex -15.5833 8.70535 8
    endloop
  endfacet
  facet normal -0.786531 0.461555 0.410288
    outer loop
      vertex -15.467 9.30985 7.543
      vertex -15.5833 8.70535 8
      vertex -15.1998 9.35888 8
    endloop
  endfacet
  facet normal -0.786531 0.461555 0.410288
    outer loop
      vertex -15.4302 9.50076 7.39867
      vertex -15.467 9.30985 7.543
      vertex -15.1998 9.35888 8
    endloop
  endfacet
  facet normal -0.766233 0.49452 0.410288
    outer loop
      vertex -15.4302 9.50076 7.39867
      vertex -15.1998 9.35888 8
      vertex -15.3398 9.91844 7.06409
    endloop
  endfacet
  facet normal -0.766233 0.49452 0.410288
    outer loop
      vertex -15.3398 9.91844 7.06409
      vertex -15.1998 9.35888 8
      vertex -14.7889 9.99555 8
    endloop
  endfacet
  facet normal -0.766233 0.49452 0.410288
    outer loop
      vertex -15.2549 10.3105 6.75
      vertex -15.3398 9.91844 7.06409
      vertex -14.7889 9.99555 8
    endloop
  endfacet
  facet normal -0.744555 0.526594 0.410288
    outer loop
      vertex -15.2549 10.3105 6.75
      vertex -14.7889 9.99555 8
      vertex -14.3513 10.6142 8
    endloop
  endfacet
  facet normal -0.744555 0.526594 0.410288
    outer loop
      vertex -15.2549 10.3105 6.75
      vertex -14.3513 10.6142 8
      vertex -14.8825 10.5627 7.10211
    endloop
  endfacet
  facet normal -0.744555 0.526595 0.410288
    outer loop
      vertex -14.5689 10.7751 7.39867
      vertex -14.8825 10.5627 7.10211
      vertex -14.3513 10.6142 8
    endloop
  endfacet
  facet normal -0.721535 0.55772 0.410288
    outer loop
      vertex -13.8879 11.2137 8
      vertex -14.5689 10.7751 7.39867
      vertex -14.3513 10.6142 8
    endloop
  endfacet
  facet normal -0.697215 0.58784 0.410288
    outer loop
      vertex -14.0664 11.7852 6.87798
      vertex -14.5882 11.7791 6
      vertex -13.8879 11.2137 8
    endloop
  endfacet
  facet normal -0.697215 0.58784 0.410288
    outer loop
      vertex -13.6711 11.7899 7.543
      vertex -13.8879 11.2137 8
      vertex -13.3995 11.793 8
    endloop
  endfacet
  facet normal -0.697215 0.58784 0.410288
    outer loop
      vertex -13.6026 11.9718 7.39867
      vertex -13.6711 11.7899 7.543
      vertex -13.3995 11.793 8
    endloop
  endfacet
  facet normal -0.671637 0.616902 0.410288
    outer loop
      vertex -13.6026 11.9718 7.39867
      vertex -13.3995 11.793 8
      vertex -13.4429 12.3682 7.06409
    endloop
  endfacet
  facet normal -0.671637 0.616902 0.410288
    outer loop
      vertex -13.4429 12.3682 7.06409
      vertex -13.3995 11.793 8
      vertex -12.8869 12.3511 8
    endloop
  endfacet
  facet normal -0.671638 0.616901 0.410288
    outer loop
      vertex -13.293 12.7403 6.75
      vertex -13.4429 12.3682 7.06409
      vertex -12.8869 12.3511 8
    endloop
  endfacet
  facet normal -0.64485 0.64485 0.410288
    outer loop
      vertex -13.293 12.7403 6.75
      vertex -12.8869 12.3511 8
      vertex -12.3511 12.8869 8
    endloop
  endfacet
  facet normal -0.64485 0.64485 0.410288
    outer loop
      vertex -13.293 12.7403 6.75
      vertex -12.3511 12.8869 8
      vertex -12.5383 13.0823 7.39866
    endloop
  endfacet
  facet normal -0.616901 0.671637 0.410288
    outer loop
      vertex -11.793 13.3995 8
      vertex -12.5383 13.0823 7.39866
      vertex -12.3511 12.8869 8
    endloop
  endfacet
  facet normal -0.58784 0.697215 0.410288
    outer loop
      vertex -11.8723 13.9929 6.87798
      vertex -12.3877 14.0751 6
      vertex -11.793 13.3995 8
    endloop
  endfacet
  facet normal -0.58784 0.697215 0.410288
    outer loop
      vertex -11.482 13.9307 7.543
      vertex -11.793 13.3995 8
      vertex -11.2137 13.8879 8
    endloop
  endfacet
  facet normal -0.58784 0.697215 0.410288
    outer loop
      vertex -11.3837 14.0985 7.39867
      vertex -11.482 13.9307 7.543
      vertex -11.2137 13.8879 8
    endloop
  endfacet
  facet normal -0.55772 0.721535 0.410288
    outer loop
      vertex -11.3837 14.0985 7.39867
      vertex -11.2137 13.8879 8
      vertex -11.1593 14.4622 7.06409
    endloop
  endfacet
  facet normal -0.55772 0.721535 0.410288
    outer loop
      vertex -11.1593 14.4622 7.06409
      vertex -11.2137 13.8879 8
      vertex -10.6142 14.3513 8
    endloop
  endfacet
  facet normal -0.55772 0.721535 0.410288
    outer loop
      vertex -10.9487 14.8036 6.75
      vertex -11.1593 14.4622 7.06409
      vertex -10.6142 14.3513 8
    endloop
  endfacet
  facet normal -0.526594 0.744555 0.410288
    outer loop
      vertex -10.9487 14.8036 6.75
      vertex -10.6142 14.3513 8
      vertex -10.5136 14.9173 7.10211
    endloop
  endfacet
  facet normal -0.526594 0.744555 0.410288
    outer loop
      vertex -10.5136 14.9173 7.10211
      vertex -10.6142 14.3513 8
      vertex -9.99555 14.7889 8
    endloop
  endfacet
  facet normal -0.526595 0.744555 0.410288
    outer loop
      vertex -10.1471 15.0131 7.39867
      vertex -10.5136 14.9173 7.10211
      vertex -9.99555 14.7889 8
    endloop
  endfacet
  facet normal -0.49452 0.766233 0.410288
    outer loop
      vertex -9.35888 15.1998 8
      vertex -10.1471 15.0131 7.39867
      vertex -9.99555 14.7889 8
    endloop
  endfacet
  facet normal -0.461555 0.786531 0.410288
    outer loop
      vertex -9.33672 15.7981 6.87798
      vertex -9.83076 15.9662 6
      vertex -9.35888 15.1998 8
    endloop
  endfacet
  facet normal -0.461555 0.786531 0.410288
    outer loop
      vertex -8.96251 15.6708 7.543
      vertex -9.35888 15.1998 8
      vertex -8.70535 15.5833 8
    endloop
  endfacet
  facet normal -0.461555 0.786531 0.410288
    outer loop
      vertex -8.83733 15.8195 7.39867
      vertex -8.96251 15.6708 7.543
      vertex -8.70535 15.5833 8
    endloop
  endfacet
  facet normal -0.427758 0.805411 0.410288
    outer loop
      vertex -8.83733 15.8195 7.39867
      vertex -8.70535 15.5833 8
      vertex -8.5547 16.1401 7.06409
    endloop
  endfacet
  facet normal -0.427758 0.805411 0.410288
    outer loop
      vertex -8.5547 16.1401 7.06409
      vertex -8.70535 15.5833 8
      vertex -8.03614 15.9387 8
    endloop
  endfacet
  facet normal -0.427757 0.805411 0.410288
    outer loop
      vertex -8.5547 16.1401 7.06409
      vertex -8.03614 15.9387 8
      vertex -8.28938 16.441 6.75
    endloop
  endfacet
  facet normal -0.393189 0.82284 0.410288
    outer loop
      vertex -8.28938 16.441 6.75
      vertex -8.03614 15.9387 8
      vertex -7.84128 16.4795 7.10211
    endloop
  endfacet
  facet normal -0.393189 0.82284 0.410288
    outer loop
      vertex -7.84128 16.4795 7.10211
      vertex -8.03614 15.9387 8
      vertex -7.35244 16.2654 8
    endloop
  endfacet
  facet normal -0.393189 0.82284 0.410288
    outer loop
      vertex -7.4639 16.512 7.39867
      vertex -7.84128 16.4795 7.10211
      vertex -7.35244 16.2654 8
    endloop
  endfacet
  facet normal -0.357912 0.838787 0.410288
    outer loop
      vertex -6.65549 16.5628 8
      vertex -7.4639 16.512 7.39867
      vertex -7.35244 16.2654 8
    endloop
  endfacet
  facet normal -0.321991 0.853221 0.410288
    outer loop
      vertex -6.53253 17.1488 6.87798
      vertex -6.99106 17.3979 6
      vertex -6.65549 16.5628 8
    endloop
  endfacet
  facet normal -0.321991 0.853221 0.410288
    outer loop
      vertex -6.18522 16.96 7.543
      vertex -6.65549 16.5628 8
      vertex -5.94654 16.8304 8
    endloop
  endfacet
  facet normal -0.321991 0.853221 0.410288
    outer loop
      vertex -6.03669 17.0855 7.39867
      vertex -6.18522 16.96 7.543
      vertex -5.94654 16.8304 8
    endloop
  endfacet
  facet normal -0.28549 0.866117 0.410288
    outer loop
      vertex -6.03669 17.0855 7.39867
      vertex -5.94654 16.8304 8
      vertex -5.70396 17.3537 7.06409
    endloop
  endfacet
  facet normal -0.28549 0.866117 0.410288
    outer loop
      vertex -5.70396 17.3537 7.06409
      vertex -5.94654 16.8304 8
      vertex -5.22689 17.0676 8
    endloop
  endfacet
  facet normal -0.285489 0.866118 0.410288
    outer loop
      vertex -5.70396 17.3537 7.06409
      vertex -5.22689 17.0676 8
      vertex -5.3916 17.6054 6.75
    endloop
  endfacet
  facet normal -0.248473 0.877454 0.410288
    outer loop
      vertex -5.3916 17.6054 6.75
      vertex -5.22689 17.0676 8
      vertex -4.94344 17.5677 7.10211
    endloop
  endfacet
  facet normal -0.248473 0.877454 0.410288
    outer loop
      vertex -4.94344 17.5677 7.10211
      vertex -5.22689 17.0676 8
      vertex -4.49781 17.274 8
    endloop
  endfacet
  facet normal -0.248474 0.877453 0.410288
    outer loop
      vertex -4.56599 17.5359 7.39867
      vertex -4.94344 17.5677 7.10211
      vertex -4.49781 17.274 8
    endloop
  endfacet
  facet normal -0.211009 0.887208 0.410288
    outer loop
      vertex -3.76062 17.4494 8
      vertex -4.56599 17.5359 7.39867
      vertex -4.49781 17.274 8
    endloop
  endfacet
  facet normal -0.173165 0.895365 0.410288
    outer loop
      vertex -3.54041 18.0061 6.87798
      vertex -3.95024 18.3292 6
      vertex -3.76062 17.4494 8
    endloop
  endfacet
  facet normal -0.173165 0.895365 0.410288
    outer loop
      vertex -3.22999 17.7614 7.543
      vertex -3.76062 17.4494 8
      vertex -3.01666 17.5932 8
    endloop
  endfacet
  facet normal -0.173164 0.895365 0.410288
    outer loop
      vertex -3.0624 17.86 7.39867
      vertex -3.22999 17.7614 7.543
      vertex -3.01666 17.5932 8
    endloop
  endfacet
  facet normal -0.135009 0.901907 0.410288
    outer loop
      vertex -3.0624 17.86 7.39867
      vertex -3.01666 17.5932 8
      vertex -2.68913 18.068 7.06409
    endloop
  endfacet
  facet normal -0.135009 0.901907 0.410288
    outer loop
      vertex -2.68913 18.068 7.06409
      vertex -3.01666 17.5932 8
      vertex -2.26727 17.7054 8
    endloop
  endfacet
  facet normal -0.135009 0.901907 0.410288
    outer loop
      vertex -2.68913 18.068 7.06409
      vertex -2.26727 17.7054 8
      vertex -2.33872 18.2634 6.75
    endloop
  endfacet
  facet normal -0.0966083 0.906825 0.410288
    outer loop
      vertex -2.33872 18.2634 6.75
      vertex -2.26727 17.7054 8
      vertex -1.90338 18.1504 7.10211
    endloop
  endfacet
  facet normal -0.0966083 0.906825 0.410288
    outer loop
      vertex -1.90338 18.1504 7.10211
      vertex -2.26727 17.7054 8
      vertex -1.51379 17.7857 8
    endloop
  endfacet
  facet normal -0.096609 0.906824 0.410288
    outer loop
      vertex -1.53673 18.0553 7.39866
      vertex -1.90338 18.1504 7.10211
      vertex -1.51379 17.7857 8
    endloop
  endfacet
  facet normal -0.0580357 0.910108 0.410288
    outer loop
      vertex -0.757575 17.8339 8
      vertex -1.53673 18.0553 7.39866
      vertex -1.51379 17.7857 8
    endloop
  endfacet
  facet normal -0.0193561 0.911751 0.410288
    outer loop
      vertex -0.446436 18.3454 6.87798
      vertex -0.795773 18.7331 6
      vertex -0.757575 17.8339 8
    endloop
  endfacet
  facet normal -0.0193561 0.911751 0.410288
    outer loop
      vertex -0.181835 18.0518 7.543
      vertex -0.757575 17.8339 8
      vertex 0 17.85 8
    endloop
  endfacet
  facet normal -0.0193562 0.911751 0.410288
    outer loop
      vertex 0 18.1206 7.39867
      vertex -0.181835 18.0518 7.543
      vertex 0 17.85 8
    endloop
  endfacet
  facet normal 0.0193561 0.911751 0.410288
    outer loop
      vertex 0 17.85 8
      vertex 0.757575 17.8339 8
      vertex 0 18.1206 7.39867
    endloop
  endfacet
  facet normal 0.0193561 0.911751 0.410288
    outer loop
      vertex 0 18.1206 7.39867
      vertex 0.757575 17.8339 8
      vertex 0.403064 18.2626 7.06409
    endloop
  endfacet
  facet normal 0.0193562 0.911751 0.410288
    outer loop
      vertex 0.403064 18.2626 7.06409
      vertex 0.757575 17.8339 8
      vertex 0.781448 18.3959 6.75
    endloop
  endfacet
  facet normal 0.0193562 0.911751 0.410288
    outer loop
      vertex 0.781448 18.3959 6.75
      vertex 0.757575 17.8339 8
      vertex 0.781449 18.3959 6.75
    endloop
  endfacet
  facet normal 0.0580357 0.910108 0.410288
    outer loop
      vertex 0.757575 17.8339 8
      vertex 1.51379 17.7857 8
      vertex 0.781449 18.3959 6.75
    endloop
  endfacet
  facet normal 0.0580357 0.910108 0.410288
    outer loop
      vertex 0.781449 18.3959 6.75
      vertex 1.51379 17.7857 8
      vertex 1.19144 18.211 7.10211
    endloop
  endfacet
  facet normal 0.0580353 0.910108 0.410288
    outer loop
      vertex 1.53673 18.0553 7.39867
      vertex 1.19144 18.211 7.10211
      vertex 1.51379 17.7857 8
    endloop
  endfacet
  facet normal 0.0966083 0.906825 0.410288
    outer loop
      vertex 1.53673 18.0553 7.39867
      vertex 1.51379 17.7857 8
      vertex 2.26727 17.7054 8
    endloop
  endfacet
  facet normal 0.135009 0.901907 0.410288
    outer loop
      vertex 2.38158 18.5981 6
      vertex 2.26727 17.7054 8
      vertex 2.66038 18.157 6.87798
    endloop
  endfacet
  facet normal 0.135009 0.901907 0.410288
    outer loop
      vertex 2.87155 17.8229 7.543
      vertex 2.26727 17.7054 8
      vertex 3.01666 17.5932 8
    endloop
  endfacet
  facet normal 0.135009 0.901907 0.410288
    outer loop
      vertex 3.0624 17.86 7.39867
      vertex 2.87155 17.8229 7.543
      vertex 3.01666 17.5932 8
    endloop
  endfacet
  facet normal 0.173165 0.895365 0.410288
    outer loop
      vertex 3.01666 17.5932 8
      vertex 3.76062 17.4494 8
      vertex 3.0624 17.86 7.39867
    endloop
  endfacet
  facet normal 0.173165 0.895365 0.410288
    outer loop
      vertex 3.0624 17.86 7.39867
      vertex 3.76062 17.4494 8
      vertex 3.48366 17.9318 7.06409
    endloop
  endfacet
  facet normal 0.173164 0.895365 0.410288
    outer loop
      vertex 3.87913 17.9992 6.75
      vertex 3.48366 17.9318 7.06409
      vertex 3.76062 17.4494 8
    endloop
  endfacet
  facet normal 0.211009 0.887209 0.410288
    outer loop
      vertex 3.76062 17.4494 8
      vertex 4.49781 17.274 8
      vertex 3.87913 17.9992 6.75
    endloop
  endfacet
  facet normal 0.211009 0.887209 0.410288
    outer loop
      vertex 3.87913 17.9992 6.75
      vertex 4.49781 17.274 8
      vertex 4.25198 17.7477 7.10211
    endloop
  endfacet
  facet normal 0.211009 0.887209 0.410288
    outer loop
      vertex 4.56599 17.5359 7.39867
      vertex 4.25198 17.7477 7.10211
      vertex 4.49781 17.274 8
    endloop
  endfacet
  facet normal 0.248473 0.877454 0.410288
    outer loop
      vertex 4.56599 17.5359 7.39867
      vertex 4.49781 17.274 8
      vertex 5.22689 17.0676 8
    endloop
  endfacet
  facet normal 0.28549 0.866118 0.410288
    outer loop
      vertex 5.49043 17.9281 6
      vertex 5.22689 17.0676 8
      vertex 5.69066 17.4462 6.87798
    endloop
  endfacet
  facet normal 0.28549 0.866118 0.410288
    outer loop
      vertex 5.84232 17.0812 7.543
      vertex 5.22689 17.0676 8
      vertex 5.94654 16.8304 8
    endloop
  endfacet
  facet normal 0.285489 0.866118 0.410288
    outer loop
      vertex 6.03669 17.0855 7.39867
      vertex 5.84232 17.0812 7.543
      vertex 5.94654 16.8304 8
    endloop
  endfacet
  facet normal 0.321991 0.853221 0.410288
    outer loop
      vertex 5.94654 16.8304 8
      vertex 6.65549 16.5628 8
      vertex 6.03669 17.0855 7.39867
    endloop
  endfacet
  facet normal 0.321991 0.853221 0.410288
    outer loop
      vertex 6.03669 17.0855 7.39867
      vertex 6.65549 16.5628 8
      vertex 6.46404 17.0851 7.06409
    endloop
  endfacet
  facet normal 0.321991 0.853221 0.410288
    outer loop
      vertex 6.46404 17.0851 7.06409
      vertex 6.65549 16.5628 8
      vertex 6.86522 17.0848 6.75
    endloop
  endfacet
  facet normal 0.357912 0.838786 0.410288
    outer loop
      vertex 6.65549 16.5628 8
      vertex 7.35244 16.2654 8
      vertex 6.86522 17.0848 6.75
    endloop
  endfacet
  facet normal 0.357912 0.838786 0.410288
    outer loop
      vertex 6.86522 17.0848 6.75
      vertex 7.35244 16.2654 8
      vertex 7.1902 16.7739 7.10211
    endloop
  endfacet
  facet normal 0.357913 0.838786 0.410288
    outer loop
      vertex 7.4639 16.512 7.39866
      vertex 7.1902 16.7739 7.10211
      vertex 7.35244 16.2654 8
    endloop
  endfacet
  facet normal 0.393189 0.82284 0.410288
    outer loop
      vertex 7.4639 16.512 7.39866
      vertex 7.35244 16.2654 8
      vertex 8.03614 15.9387 8
    endloop
  endfacet
  facet normal 0.427758 0.805411 0.410288
    outer loop
      vertex 8.44132 16.7424 6
      vertex 8.03614 15.9387 8
      vertex 8.55723 16.2335 6.87798
    endloop
  endfacet
  facet normal 0.427758 0.805411 0.410288
    outer loop
      vertex 8.64502 15.8481 7.543
      vertex 8.03614 15.9387 8
      vertex 8.70535 15.5833 8
    endloop
  endfacet
  facet normal 0.427757 0.805411 0.410288
    outer loop
      vertex 8.83733 15.8195 7.39867
      vertex 8.64502 15.8481 7.543
      vertex 8.70535 15.5833 8
    endloop
  endfacet
  facet normal 0.461555 0.786531 0.410288
    outer loop
      vertex 8.70535 15.5833 8
      vertex 9.35888 15.1998 8
      vertex 8.83733 15.8195 7.39867
    endloop
  endfacet
  facet normal 0.461555 0.786531 0.410288
    outer loop
      vertex 8.83733 15.8195 7.39867
      vertex 9.35888 15.1998 8
      vertex 9.25846 15.7469 7.06409
    endloop
  endfacet
  facet normal 0.461555 0.786531 0.410288
    outer loop
      vertex 9.25846 15.7469 7.06409
      vertex 9.35888 15.1998 8
      vertex 9.65381 15.6788 6.75
    endloop
  endfacet
  facet normal 0.49452 0.766233 0.410288
    outer loop
      vertex 9.35888 15.1998 8
      vertex 9.99555 14.7889 8
      vertex 9.65381 15.6788 6.75
    endloop
  endfacet
  facet normal 0.49452 0.766233 0.410288
    outer loop
      vertex 9.65381 15.6788 6.75
      vertex 9.99555 14.7889 8
      vertex 9.92157 15.3174 7.10211
    endloop
  endfacet
  facet normal 0.49452 0.766233 0.410288
    outer loop
      vertex 10.1471 15.0131 7.39867
      vertex 9.92157 15.3174 7.10211
      vertex 9.99555 14.7889 8
    endloop
  endfacet
  facet normal 0.526594 0.744555 0.410288
    outer loop
      vertex 10.1471 15.0131 7.39867
      vertex 9.99555 14.7889 8
      vertex 10.6142 14.3513 8
    endloop
  endfacet
  facet normal 0.55772 0.721535 0.410288
    outer loop
      vertex 11.1494 15.0749 6
      vertex 10.6142 14.3513 8
      vertex 11.1776 14.5539 6.87798
    endloop
  endfacet
  facet normal 0.55772 0.721535 0.410288
    outer loop
      vertex 11.199 14.1592 7.543
      vertex 10.6142 14.3513 8
      vertex 11.2137 13.8879 8
    endloop
  endfacet
  facet normal 0.55772 0.721535 0.410288
    outer loop
      vertex 11.3837 14.0985 7.39866
      vertex 11.199 14.1592 7.543
      vertex 11.2137 13.8879 8
    endloop
  endfacet
  facet normal 0.58784 0.697215 0.410288
    outer loop
      vertex 11.2137 13.8879 8
      vertex 11.793 13.3995 8
      vertex 11.3837 14.0985 7.39866
    endloop
  endfacet
  facet normal 0.58784 0.697215 0.410288
    outer loop
      vertex 11.3837 14.0985 7.39866
      vertex 11.793 13.3995 8
      vertex 11.7865 13.9557 7.06409
    endloop
  endfacet
  facet normal 0.58784 0.697215 0.410288
    outer loop
      vertex 12.1647 13.8218 6.75
      vertex 11.7865 13.9557 7.06409
      vertex 11.793 13.3995 8
    endloop
  endfacet
  facet normal 0.616902 0.671637 0.410288
    outer loop
      vertex 11.793 13.3995 8
      vertex 12.3511 12.8869 8
      vertex 12.1647 13.8218 6.75
    endloop
  endfacet
  facet normal 0.616902 0.671637 0.410288
    outer loop
      vertex 12.1647 13.8218 6.75
      vertex 12.3511 12.8869 8
      vertex 12.3675 13.4203 7.10211
    endloop
  endfacet
  facet normal 0.616901 0.671638 0.410288
    outer loop
      vertex 12.3675 13.4203 7.10211
      vertex 12.3511 12.8869 8
      vertex 12.5383 13.0823 7.39867
    endloop
  endfacet
  facet normal 0.64485 0.64485 0.410288
    outer loop
      vertex 12.5383 13.0823 7.39867
      vertex 12.3511 12.8869 8
      vertex 12.8869 12.3511 8
    endloop
  endfacet
  facet normal 0.671637 0.616901 0.410288
    outer loop
      vertex 13.5367 12.9739 6
      vertex 12.8869 12.3511 8
      vertex 13.4765 12.4555 6.87798
    endloop
  endfacet
  facet normal 0.671637 0.616901 0.410288
    outer loop
      vertex 13.4308 12.0629 7.543
      vertex 12.8869 12.3511 8
      vertex 13.3995 11.793 8
    endloop
  endfacet
  facet normal 0.671638 0.616901 0.410288
    outer loop
      vertex 13.4308 12.0629 7.543
      vertex 13.3995 11.793 8
      vertex 13.6026 11.9718 7.39867
    endloop
  endfacet
  facet normal 0.697215 0.58784 0.410288
    outer loop
      vertex 13.6026 11.9718 7.39867
      vertex 13.3995 11.793 8
      vertex 13.8879 11.2137 8
    endloop
  endfacet
  facet normal 0.697215 0.58784 0.410288
    outer loop
      vertex 13.9755 11.7631 7.06409
      vertex 13.6026 11.9718 7.39867
      vertex 13.8879 11.2137 8
    endloop
  endfacet
  facet normal 0.697215 0.58784 0.410288
    outer loop
      vertex 13.9755 11.7631 7.06409
      vertex 13.8879 11.2137 8
      vertex 14.3256 11.5671 6.75
    endloop
  endfacet
  facet normal 0.721535 0.55772 0.410288
    outer loop
      vertex 14.3256 11.5671 6.75
      vertex 13.8879 11.2137 8
      vertex 14.3513 10.6142 8
    endloop
  endfacet
  facet normal 0.721535 0.55772 0.410288
    outer loop
      vertex 14.4577 11.1372 7.10211
      vertex 14.3256 11.5671 6.75
      vertex 14.3513 10.6142 8
    endloop
  endfacet
  facet normal 0.721535 0.55772 0.410288
    outer loop
      vertex 14.4577 11.1372 7.10211
      vertex 14.3513 10.6142 8
      vertex 14.5689 10.7751 7.39867
    endloop
  endfacet
  facet normal 0.744555 0.526594 0.410288
    outer loop
      vertex 14.5689 10.7751 7.39867
      vertex 14.3513 10.6142 8
      vertex 14.7889 9.99555 8
    endloop
  endfacet
  facet normal 0.766233 0.49452 0.410288
    outer loop
      vertex 15.5346 10.4995 6
      vertex 14.7889 9.99555 8
      vertex 15.3876 9.9988 6.87798
    endloop
  endfacet
  facet normal 0.766233 0.49452 0.410288
    outer loop
      vertex 15.2763 9.61952 7.543
      vertex 14.7889 9.99555 8
      vertex 15.1998 9.35888 8
    endloop
  endfacet
  facet normal 0.766233 0.49452 0.410288
    outer loop
      vertex 15.2763 9.61952 7.543
      vertex 15.1998 9.35888 8
      vertex 15.4302 9.50076 7.39867
    endloop
  endfacet
  facet normal 0.786531 0.461555 0.410288
    outer loop
      vertex 15.4302 9.50076 7.39867
      vertex 15.1998 9.35888 8
      vertex 15.5833 8.70535 8
    endloop
  endfacet
  facet normal 0.786531 0.461555 0.410288
    outer loop
      vertex 15.7625 9.23199 7.06409
      vertex 15.4302 9.50076 7.39867
      vertex 15.5833 8.70535 8
    endloop
  endfacet
  facet normal 0.786531 0.461555 0.410288
    outer loop
      vertex 15.7625 9.23199 7.06409
      vertex 15.5833 8.70535 8
      vertex 16.0744 8.97968 6.75
    endloop
  endfacet
  facet normal 0.805411 0.427758 0.410288
    outer loop
      vertex 16.0744 8.97968 6.75
      vertex 15.5833 8.70535 8
      vertex 15.9387 8.03614 8
    endloop
  endfacet
  facet normal 0.805411 0.427758 0.410288
    outer loop
      vertex 16.1319 8.53363 7.10211
      vertex 16.0744 8.97968 6.75
      vertex 15.9387 8.03614 8
    endloop
  endfacet
  facet normal 0.805411 0.427757 0.410288
    outer loop
      vertex 16.1319 8.53363 7.10211
      vertex 15.9387 8.03614 8
      vertex 16.1804 8.15796 7.39867
    endloop
  endfacet
  facet normal 0.82284 0.393189 0.410288
    outer loop
      vertex 16.1804 8.15796 7.39867
      vertex 15.9387 8.03614 8
      vertex 16.2654 7.35244 8
    endloop
  endfacet
  facet normal 0.838787 0.357912 0.410288
    outer loop
      vertex 17.0855 7.72315 6
      vertex 16.2654 7.35244 8
      vertex 16.8561 7.25446 6.87798
    endloop
  endfacet
  facet normal 0.838787 0.357912 0.410288
    outer loop
      vertex 16.6823 6.89945 7.543
      vertex 16.2654 7.35244 8
      vertex 16.5628 6.65549 8
    endloop
  endfacet
  facet normal 0.838786 0.357913 0.410288
    outer loop
      vertex 16.6823 6.89945 7.543
      vertex 16.5628 6.65549 8
      vertex 16.8139 6.75638 7.39867
    endloop
  endfacet
  facet normal 0.853221 0.321991 0.410288
    outer loop
      vertex 16.8139 6.75638 7.39867
      vertex 16.5628 6.65549 8
      vertex 16.8304 5.94654 8
    endloop
  endfacet
  facet normal 0.853221 0.321991 0.410288
    outer loop
      vertex 17.096 6.43533 7.06409
      vertex 16.8139 6.75638 7.39867
      vertex 16.8304 5.94654 8
    endloop
  endfacet
  facet normal 0.853221 0.321991 0.410288
    outer loop
      vertex 17.096 6.43533 7.06409
      vertex 16.8304 5.94654 8
      vertex 17.3607 6.13394 6.75
    endloop
  endfacet
  facet normal 0.866117 0.28549 0.410288
    outer loop
      vertex 17.3607 6.13394 6.75
      vertex 16.8304 5.94654 8
      vertex 17.0676 5.22689 8
    endloop
  endfacet
  facet normal 0.866117 0.28549 0.410288
    outer loop
      vertex 17.342 5.68458 7.10211
      vertex 17.3607 6.13394 6.75
      vertex 17.0676 5.22689 8
    endloop
  endfacet
  facet normal 0.866118 0.285489 0.410288
    outer loop
      vertex 17.342 5.68458 7.10211
      vertex 17.0676 5.22689 8
      vertex 17.3263 5.30612 7.39867
    endloop
  endfacet
  facet normal 0.877454 0.248473 0.410288
    outer loop
      vertex 17.3263 5.30612 7.39867
      vertex 17.0676 5.22689 8
      vertex 17.274 4.49781 8
    endloop
  endfacet
  facet normal 0.887208 0.211009 0.410288
    outer loop
      vertex 18.145 4.72459 6
      vertex 17.274 4.49781 8
      vertex 17.8396 4.30142 6.87798
    endloop
  endfacet
  facet normal 0.887208 0.211009 0.410288
    outer loop
      vertex 17.6083 3.98089 7.543
      vertex 17.274 4.49781 8
      vertex 17.4494 3.76062 8
    endloop
  endfacet
  facet normal 0.887209 0.211009 0.410288
    outer loop
      vertex 17.6083 3.98089 7.543
      vertex 17.4494 3.76062 8
      vertex 17.7139 3.81763 7.39867
    endloop
  endfacet
  facet normal 0.895365 0.173165 0.410288
    outer loop
      vertex 17.7139 3.81763 7.39867
      vertex 17.4494 3.76062 8
      vertex 17.5932 3.01666 8
    endloop
  endfacet
  facet normal 0.895365 0.173165 0.410288
    outer loop
      vertex 17.9376 3.45353 7.06409
      vertex 17.7139 3.81763 7.39867
      vertex 17.5932 3.01666 8
    endloop
  endfacet
  facet normal 0.895365 0.173164 0.410288
    outer loop
      vertex 17.9376 3.45353 7.06409
      vertex 17.5932 3.01666 8
      vertex 18.1477 3.11173 6.75
    endloop
  endfacet
  facet normal 0.901907 0.135009 0.410288
    outer loop
      vertex 18.1477 3.11173 6.75
      vertex 17.5932 3.01666 8
      vertex 17.7054 2.26727 8
    endloop
  endfacet
  facet normal 0.901907 0.135009 0.410288
    outer loop
      vertex 18.0533 2.67199 7.10211
      vertex 18.1477 3.11173 6.75
      vertex 17.7054 2.26727 8
    endloop
  endfacet
  facet normal 0.901907 0.135009 0.410288
    outer loop
      vertex 18.0533 2.67199 7.10211
      vertex 17.7054 2.26727 8
      vertex 17.9738 2.30164 7.39867
    endloop
  endfacet
  facet normal 0.906825 0.0966083 0.410288
    outer loop
      vertex 17.9738 2.30164 7.39867
      vertex 17.7054 2.26727 8
      vertex 17.7857 1.51379 8
    endloop
  endfacet
  facet normal 0.910108 0.0580357 0.410288
    outer loop
      vertex 18.6825 1.59011 6
      vertex 17.7857 1.51379 8
      vertex 18.31 1.22464 6.87798
    endloop
  endfacet
  facet normal 0.910108 0.0580357 0.410288
    outer loop
      vertex 18.0278 0.94781 7.543
      vertex 17.7857 1.51379 8
      vertex 17.8339 0.757575 8
    endloop
  endfacet
  facet normal 0.910108 0.0580353 0.410288
    outer loop
      vertex 18.0278 0.94781 7.543
      vertex 17.8339 0.757575 8
      vertex 18.1043 0.76906 7.39867
    endloop
  endfacet
  facet normal 0.911751 0.0193561 0.410288
    outer loop
      vertex 18.1043 0.76906 7.39867
      vertex 17.8339 0.757575 8
      vertex 17.85 0 8
    endloop
  endfacet
  facet normal 0.911751 0.0193561 0.410288
    outer loop
      vertex 18.2633 0.372386 7.06409
      vertex 18.1043 0.76906 7.39867
      vertex 17.85 0 8
    endloop
  endfacet
  facet normal 0.911751 0.0193562 0.410288
    outer loop
      vertex 18.2633 0.372386 7.06409
      vertex 17.85 0 8
      vertex 18.4125 0 6.75
    endloop
  endfacet
  facet normal 0.911751 -0.0193561 0.410288
    outer loop
      vertex 17.85 0 8
      vertex 17.8339 -0.757575 8
      vertex 18.2452 -0.417467 7.10211
    endloop
  endfacet
  facet normal 0.911751 -0.0193561 0.410288
    outer loop
      vertex 18.4125 0 6.75
      vertex 17.85 0 8
      vertex 18.2452 -0.417467 7.10211
    endloop
  endfacet
  facet normal 0.911751 -0.0193562 0.410288
    outer loop
      vertex 18.2452 -0.417467 7.10211
      vertex 17.8339 -0.757575 8
      vertex 18.1043 -0.76906 7.39867
    endloop
  endfacet
  facet normal 0.910108 -0.0580357 0.410288
    outer loop
      vertex 17.8339 -0.757575 8
      vertex 17.7857 -1.51379 8
      vertex 18.1043 -0.76906 7.39867
    endloop
  endfacet
  facet normal 0.906825 -0.0966083 0.410288
    outer loop
      vertex 18.6825 -1.59011 6
      vertex 17.7857 -1.51379 8
      vertex 18.2535 -1.88738 6.87798
    endloop
  endfacet
  facet normal 0.906825 -0.0966083 0.410288
    outer loop
      vertex 17.7857 -1.51379 8
      vertex 17.7054 -2.26727 8
      vertex 17.9287 -2.11254 7.543
    endloop
  endfacet
  facet normal 0.906825 -0.096609 0.410288
    outer loop
      vertex 17.9287 -2.11254 7.543
      vertex 17.7054 -2.26727 8
      vertex 17.9738 -2.30164 7.39867
    endloop
  endfacet
  facet normal 0.901907 -0.135009 0.410288
    outer loop
      vertex 17.7054 -2.26727 8
      vertex 17.5932 -3.01666 8
      vertex 18.0635 -2.71948 7.06409
    endloop
  endfacet
  facet normal 0.901907 -0.135009 0.410288
    outer loop
      vertex 17.9738 -2.30164 7.39867
      vertex 17.7054 -2.26727 8
      vertex 18.0635 -2.71948 7.06409
    endloop
  endfacet
  facet normal 0.901907 -0.135009 0.410288
    outer loop
      vertex 18.0635 -2.71948 7.06409
      vertex 17.5932 -3.01666 8
      vertex 18.1477 -3.11173 6.75
    endloop
  endfacet
  facet normal 0.895365 -0.173165 0.410288
    outer loop
      vertex 17.5932 -3.01666 8
      vertex 17.4494 -3.76062 8
      vertex 17.9122 -3.49491 7.10211
    endloop
  endfacet
  facet normal 0.895365 -0.173165 0.410288
    outer loop
      vertex 18.1477 -3.11173 6.75
      vertex 17.5932 -3.01666 8
      vertex 17.9122 -3.49491 7.10211
    endloop
  endfacet
  facet normal 0.895365 -0.173164 0.410288
    outer loop
      vertex 17.9122 -3.49491 7.10211
      vertex 17.4494 -3.76062 8
      vertex 17.7139 -3.81763 7.39867
    endloop
  endfacet
  facet normal 0.887209 -0.211009 0.410288
    outer loop
      vertex 17.4494 -3.76062 8
      vertex 17.274 -4.49781 8
      vertex 17.7139 -3.81763 7.39867
    endloop
  endfacet
  facet normal 0.877454 -0.248473 0.410288
    outer loop
      vertex 18.145 -4.72459 6
      vertex 17.274 -4.49781 8
      vertex 17.672 -4.94509 6.87798
    endloop
  endfacet
  facet normal 0.877454 -0.248473 0.410288
    outer loop
      vertex 17.274 -4.49781 8
      vertex 17.0676 -5.22689 8
      vertex 17.3138 -5.11211 7.543
    endloop
  endfacet
  facet normal 0.877454 -0.248474 0.410288
    outer loop
      vertex 17.3138 -5.11211 7.543
      vertex 17.0676 -5.22689 8
      vertex 17.3263 -5.30612 7.39867
    endloop
  endfacet
  facet normal 0.866118 -0.28549 0.410288
    outer loop
      vertex 17.0676 -5.22689 8
      vertex 16.8304 -5.94654 8
      vertex 17.3441 -5.7331 7.06409
    endloop
  endfacet
  facet normal 0.866118 -0.28549 0.410288
    outer loop
      vertex 17.3263 -5.30612 7.39867
      vertex 17.0676 -5.22689 8
      vertex 17.3441 -5.7331 7.06409
    endloop
  endfacet
  facet normal 0.866118 -0.285489 0.410288
    outer loop
      vertex 17.3441 -5.7331 7.06409
      vertex 16.8304 -5.94654 8
      vertex 17.3607 -6.13394 6.75
    endloop
  endfacet
  facet normal 0.853221 -0.321991 0.410288
    outer loop
      vertex 16.8304 -5.94654 8
      vertex 16.5628 -6.65549 8
      vertex 17.0639 -6.47182 7.10211
    endloop
  endfacet
  facet normal 0.853221 -0.321991 0.410288
    outer loop
      vertex 17.3607 -6.13394 6.75
      vertex 16.8304 -5.94654 8
      vertex 17.0639 -6.47182 7.10211
    endloop
  endfacet
  facet normal 0.853221 -0.321991 0.410288
    outer loop
      vertex 17.0639 -6.47182 7.10211
      vertex 16.5628 -6.65549 8
      vertex 16.8139 -6.75638 7.39867
    endloop
  endfacet
  facet normal 0.838786 -0.357912 0.410288
    outer loop
      vertex 16.5628 -6.65549 8
      vertex 16.2654 -7.35244 8
      vertex 16.8139 -6.75638 7.39867
    endloop
  endfacet
  facet normal 0.82284 -0.393189 0.410288
    outer loop
      vertex 17.0855 -7.72315 6
      vertex 16.2654 -7.35244 8
      vertex 16.5821 -7.86055 6.87798
    endloop
  endfacet
  facet normal 0.82284 -0.393189 0.410288
    outer loop
      vertex 16.2654 -7.35244 8
      vertex 15.9387 -8.03614 8
      vertex 16.2008 -7.96462 7.543
    endloop
  endfacet
  facet normal 0.82284 -0.393189 0.410288
    outer loop
      vertex 16.2008 -7.96462 7.543
      vertex 15.9387 -8.03614 8
      vertex 16.1804 -8.15796 7.39867
    endloop
  endfacet
  facet normal 0.805411 -0.427758 0.410288
    outer loop
      vertex 15.9387 -8.03614 8
      vertex 15.5833 -8.70535 8
      vertex 16.1257 -8.5818 7.06409
    endloop
  endfacet
  facet normal 0.805411 -0.427758 0.410288
    outer loop
      vertex 16.1804 -8.15796 7.39867
      vertex 15.9387 -8.03614 8
      vertex 16.1257 -8.5818 7.06409
    endloop
  endfacet
  facet normal 0.805411 -0.427757 0.410288
    outer loop
      vertex 16.1257 -8.5818 7.06409
      vertex 15.5833 -8.70535 8
      vertex 16.0744 -8.97968 6.75
    endloop
  endfacet
  facet normal 0.786531 -0.461555 0.410288
    outer loop
      vertex 15.5833 -8.70535 8
      vertex 15.1998 -9.35888 8
      vertex 15.7247 -9.26254 7.10211
    endloop
  endfacet
  facet normal 0.786531 -0.461555 0.410288
    outer loop
      vertex 16.0744 -8.97968 6.75
      vertex 15.5833 -8.70535 8
      vertex 15.7247 -9.26254 7.10211
    endloop
  endfacet
  facet normal 0.786531 -0.461555 0.410288
    outer loop
      vertex 15.7247 -9.26254 7.10211
      vertex 15.1998 -9.35888 8
      vertex 15.4302 -9.50076 7.39867
    endloop
  endfacet
  facet normal 0.766233 -0.49452 0.410288
    outer loop
      vertex 15.1998 -9.35888 8
      vertex 14.7889 -9.99555 8
      vertex 15.4302 -9.50076 7.39867
    endloop
  endfacet
  facet normal 0.744555 -0.526594 0.410288
    outer loop
      vertex 15.5346 -10.4995 6
      vertex 14.7889 -9.99555 8
      vertex 15.0151 -10.5499 6.87798
    endloop
  endfacet
  facet normal 0.744555 -0.526594 0.410288
    outer loop
      vertex 14.7889 -9.99555 8
      vertex 14.3513 -10.6142 8
      vertex 14.6217 -10.588 7.543
    endloop
  endfacet
  facet normal 0.744555 -0.526595 0.410288
    outer loop
      vertex 14.6217 -10.588 7.543
      vertex 14.3513 -10.6142 8
      vertex 14.5689 -10.7751 7.39867
    endloop
  endfacet
  facet normal 0.721535 -0.55772 0.410288
    outer loop
      vertex 14.3513 -10.6142 8
      vertex 13.8879 -11.2137 8
      vertex 14.4434 -11.1836 7.06409
    endloop
  endfacet
  facet normal 0.721535 -0.55772 0.410288
    outer loop
      vertex 14.5689 -10.7751 7.39867
      vertex 14.3513 -10.6142 8
      vertex 14.4434 -11.1836 7.06409
    endloop
  endfacet
  facet normal 0.721535 -0.55772 0.410288
    outer loop
      vertex 14.4434 -11.1836 7.06409
      vertex 13.8879 -11.2137 8
      vertex 14.3256 -11.5671 6.75
    endloop
  endfacet
  facet normal 0.697215 -0.58784 0.410288
    outer loop
      vertex 13.8879 -11.2137 8
      vertex 13.3995 -11.793 8
      vertex 13.9331 -11.7868 7.10211
    endloop
  endfacet
  facet normal 0.697215 -0.58784 0.410288
    outer loop
      vertex 14.3256 -11.5671 6.75
      vertex 13.8879 -11.2137 8
      vertex 13.9331 -11.7868 7.10211
    endloop
  endfacet
  facet normal 0.697215 -0.58784 0.410288
    outer loop
      vertex 13.9331 -11.7868 7.10211
      vertex 13.3995 -11.793 8
      vertex 13.6026 -11.9718 7.39867
    endloop
  endfacet
  facet normal 0.671637 -0.616902 0.410288
    outer loop
      vertex 13.3995 -11.793 8
      vertex 12.8869 -12.3511 8
      vertex 13.6026 -11.9718 7.39867
    endloop
  endfacet
  facet normal 0.64485 -0.64485 0.410288
    outer loop
      vertex 12.8869 -12.3511 8
      vertex 12.3511 -12.8869 8
      vertex 12.5383 -13.0823 7.39867
    endloop
  endfacet
  facet normal 0.616901 -0.671637 0.410288
    outer loop
      vertex 12.3511 -12.8869 8
      vertex 11.793 -13.3995 8
      vertex 12.3456 -13.4637 7.06409
    endloop
  endfacet
  facet normal 0.616901 -0.671637 0.410288
    outer loop
      vertex 12.5383 -13.0823 7.39867
      vertex 12.3511 -12.8869 8
      vertex 12.3456 -13.4637 7.06409
    endloop
  endfacet
  facet normal 0.616901 -0.671638 0.410288
    outer loop
      vertex 12.3456 -13.4637 7.06409
      vertex 11.793 -13.3995 8
      vertex 12.1647 -13.8218 6.75
    endloop
  endfacet
  facet normal 0.58784 -0.697215 0.410288
    outer loop
      vertex 11.793 -13.3995 8
      vertex 11.2137 -13.8879 8
      vertex 11.7408 -13.972 7.10211
    endloop
  endfacet
  facet normal 0.58784 -0.697215 0.410288
    outer loop
      vertex 12.1647 -13.8218 6.75
      vertex 11.793 -13.3995 8
      vertex 11.7408 -13.972 7.10211
    endloop
  endfacet
  facet normal 0.58784 -0.697215 0.410288
    outer loop
      vertex 11.7408 -13.972 7.10211
      vertex 11.2137 -13.8879 8
      vertex 11.3837 -14.0985 7.39866
    endloop
  endfacet
  facet normal 0.55772 -0.721535 0.410288
    outer loop
      vertex 11.2137 -13.8879 8
      vertex 10.6142 -14.3513 8
      vertex 11.3837 -14.0985 7.39866
    endloop
  endfacet
  facet normal 0.526594 -0.744555 0.410288
    outer loop
      vertex 11.1494 -15.0749 6
      vertex 10.6142 -14.3513 8
      vertex 10.6429 -14.9494 6.87798
    endloop
  endfacet
  facet normal 0.526594 -0.744555 0.410288
    outer loop
      vertex 10.6142 -14.3513 8
      vertex 9.99555 -14.7889 8
      vertex 10.2592 -14.8543 7.543
    endloop
  endfacet
  facet normal 0.526595 -0.744555 0.410288
    outer loop
      vertex 10.2592 -14.8543 7.543
      vertex 9.99555 -14.7889 8
      vertex 10.1471 -15.0131 7.39867
    endloop
  endfacet
  facet normal 0.49452 -0.766233 0.410288
    outer loop
      vertex 9.99555 -14.7889 8
      vertex 9.35888 -15.1998 8
      vertex 9.89265 -15.3564 7.06409
    endloop
  endfacet
  facet normal 0.49452 -0.766233 0.410288
    outer loop
      vertex 10.1471 -15.0131 7.39867
      vertex 9.99555 -14.7889 8
      vertex 9.89265 -15.3564 7.06409
    endloop
  endfacet
  facet normal 0.49452 -0.766233 0.410288
    outer loop
      vertex 9.89265 -15.3564 7.06409
      vertex 9.35888 -15.1998 8
      vertex 9.65381 -15.6788 6.75
    endloop
  endfacet
  facet normal 0.461555 -0.786531 0.410288
    outer loop
      vertex 9.35888 -15.1998 8
      vertex 8.70535 -15.5833 8
      vertex 9.2106 -15.7552 7.10211
    endloop
  endfacet
  facet normal 0.461555 -0.786531 0.410288
    outer loop
      vertex 9.65381 -15.6788 6.75
      vertex 9.35888 -15.1998 8
      vertex 9.2106 -15.7552 7.10211
    endloop
  endfacet
  facet normal 0.461555 -0.786531 0.410288
    outer loop
      vertex 9.2106 -15.7552 7.10211
      vertex 8.70535 -15.5833 8
      vertex 8.83733 -15.8195 7.39867
    endloop
  endfacet
  facet normal 0.427758 -0.805411 0.410288
    outer loop
      vertex 8.70535 -15.5833 8
      vertex 8.03614 -15.9387 8
      vertex 8.83733 -15.8195 7.39867
    endloop
  endfacet
  facet normal 0.393189 -0.82284 0.410288
    outer loop
      vertex 8.03614 -15.9387 8
      vertex 7.96331 -16.533 6.87798
      vertex 8.44132 -16.7424 6
    endloop
  endfacet
  facet normal 0.393189 -0.82284 0.410288
    outer loop
      vertex 8.03614 -15.9387 8
      vertex 7.35244 -16.2654 8
      vertex 7.60125 -16.3744 7.543
    endloop
  endfacet
  facet normal 0.393189 -0.82284 0.410288
    outer loop
      vertex 7.60125 -16.3744 7.543
      vertex 7.35244 -16.2654 8
      vertex 7.4639 -16.512 7.39866
    endloop
  endfacet
  facet normal 0.357912 -0.838787 0.410288
    outer loop
      vertex 7.35244 -16.2654 8
      vertex 6.65549 -16.5628 8
      vertex 7.15511 -16.8074 7.06409
    endloop
  endfacet
  facet normal 0.357912 -0.838787 0.410288
    outer loop
      vertex 7.4639 -16.512 7.39866
      vertex 7.35244 -16.2654 8
      vertex 7.15511 -16.8074 7.06409
    endloop
  endfacet
  facet normal 0.357913 -0.838786 0.410288
    outer loop
      vertex 7.15511 -16.8074 7.06409
      vertex 6.65549 -16.5628 8
      vertex 6.86522 -17.0848 6.75
    endloop
  endfacet
  facet normal 0.321991 -0.853221 0.410288
    outer loop
      vertex 6.65549 -16.5628 8
      vertex 5.94654 -16.8304 8
      vertex 6.41547 -17.0852 7.10211
    endloop
  endfacet
  facet normal 0.321991 -0.853221 0.410288
    outer loop
      vertex 6.86522 -17.0848 6.75
      vertex 6.65549 -16.5628 8
      vertex 6.41547 -17.0852 7.10211
    endloop
  endfacet
  facet normal 0.321991 -0.853221 0.410288
    outer loop
      vertex 6.41547 -17.0852 7.10211
      vertex 5.94654 -16.8304 8
      vertex 6.03669 -17.0855 7.39867
    endloop
  endfacet
  facet normal 0.28549 -0.866117 0.410288
    outer loop
      vertex 5.94654 -16.8304 8
      vertex 5.22689 -17.0676 8
      vertex 6.03669 -17.0855 7.39867
    endloop
  endfacet
  facet normal 0.248473 -0.877454 0.410288
    outer loop
      vertex 5.22689 -17.0676 8
      vertex 5.05468 -17.641 6.87798
      vertex 5.49043 -17.9281 6
    endloop
  endfacet
  facet normal 0.248473 -0.877454 0.410288
    outer loop
      vertex 5.22689 -17.0676 8
      vertex 4.49781 -17.274 8
      vertex 4.72462 -17.4235 7.543
    endloop
  endfacet
  facet normal 0.248474 -0.877453 0.410288
    outer loop
      vertex 4.72462 -17.4235 7.543
      vertex 4.49781 -17.274 8
      vertex 4.56599 -17.5359 7.39867
    endloop
  endfacet
  facet normal 0.211009 -0.887208 0.410288
    outer loop
      vertex 4.49781 -17.274 8
      vertex 3.76062 -17.4494 8
      vertex 4.21172 -17.7749 7.06409
    endloop
  endfacet
  facet normal 0.211009 -0.887208 0.410288
    outer loop
      vertex 4.56599 -17.5359 7.39867
      vertex 4.49781 -17.274 8
      vertex 4.21172 -17.7749 7.06409
    endloop
  endfacet
  facet normal 0.211009 -0.887209 0.410288
    outer loop
      vertex 4.21172 -17.7749 7.06409
      vertex 3.76062 -17.4494 8
      vertex 3.87913 -17.9992 6.75
    endloop
  endfacet
  facet normal 0.173165 -0.895365 0.410288
    outer loop
      vertex 3.76062 -17.4494 8
      vertex 3.01666 -17.5932 8
      vertex 3.43579 -17.9236 7.10211
    endloop
  endfacet
  facet normal 0.173165 -0.895365 0.410288
    outer loop
      vertex 3.87913 -17.9992 6.75
      vertex 3.76062 -17.4494 8
      vertex 3.43579 -17.9236 7.10211
    endloop
  endfacet
  facet normal 0.173164 -0.895365 0.410288
    outer loop
      vertex 3.43579 -17.9236 7.10211
      vertex 3.01666 -17.5932 8
      vertex 3.0624 -17.86 7.39867
    endloop
  endfacet
  facet normal 0.135009 -0.901907 0.410288
    outer loop
      vertex 3.01666 -17.5932 8
      vertex 2.26727 -17.7054 8
      vertex 3.0624 -17.86 7.39867
    endloop
  endfacet
  facet normal 0.0966083 -0.906825 0.410288
    outer loop
      vertex 2.26727 -17.7054 8
      vertex 2.00063 -18.2415 6.87798
      vertex 2.38158 -18.5981 6
    endloop
  endfacet
  facet normal 0.0966083 -0.906825 0.410288
    outer loop
      vertex 2.26727 -17.7054 8
      vertex 1.51379 -17.7857 8
      vertex 1.71208 -17.9713 7.543
    endloop
  endfacet
  facet normal 0.096609 -0.906824 0.410288
    outer loop
      vertex 1.71208 -17.9713 7.543
      vertex 1.51379 -17.7857 8
      vertex 1.53673 -18.0553 7.39867
    endloop
  endfacet
  facet normal 0.0580357 -0.910108 0.410288
    outer loop
      vertex 1.51379 -17.7857 8
      vertex 0.757575 -17.8339 8
      vertex 1.14716 -18.231 7.06409
    endloop
  endfacet
  facet normal 0.0580357 -0.910108 0.410288
    outer loop
      vertex 1.53673 -18.0553 7.39867
      vertex 1.51379 -17.7857 8
      vertex 1.14716 -18.231 7.06409
    endloop
  endfacet
  facet normal 0.0580353 -0.910108 0.410288
    outer loop
      vertex 1.14716 -18.231 7.06409
      vertex 0.757575 -17.8339 8
      vertex 0.781449 -18.3959 6.75
    endloop
  endfacet
  facet normal 0.0193561 -0.911751 0.410288
    outer loop
      vertex 0.757575 -17.8339 8
      vertex 0 -17.85 8
      vertex 0.357257 -18.2465 7.10211
    endloop
  endfacet
  facet normal 0.0193561 -0.911751 0.410288
    outer loop
      vertex 0.781449 -18.3959 6.75
      vertex 0.757575 -17.8339 8
      vertex 0.781448 -18.3959 6.75
    endloop
  endfacet
  facet normal 0.0193561 -0.911751 0.410288
    outer loop
      vertex 0.781448 -18.3959 6.75
      vertex 0.757575 -17.8339 8
      vertex 0.357257 -18.2465 7.10211
    endloop
  endfacet
  facet normal 0.0193562 -0.911751 0.410288
    outer loop
      vertex 0 -17.85 8
      vertex 0 -18.1206 7.39867
      vertex 0.357257 -18.2465 7.10211
    endloop
  endfacet
  facet normal -0.0193561 -0.911751 0.410288
    outer loop
      vertex 0 -17.85 8
      vertex -0.757575 -17.8339 8
      vertex 0 -18.1206 7.39867
    endloop
  endfacet
  facet normal -0.0580357 -0.910108 0.410288
    outer loop
      vertex -0.757575 -17.8339 8
      vertex -1.11097 -18.3172 6.87798
      vertex -0.795773 -18.7331 6
    endloop
  endfacet
  facet normal -0.0580357 -0.910108 0.410288
    outer loop
      vertex -0.757575 -17.8339 8
      vertex -1.51379 -17.7857 8
      vertex -1.34972 -18.0022 7.543
    endloop
  endfacet
  facet normal -0.0580353 -0.910108 0.410288
    outer loop
      vertex -1.51379 -17.7857 8
      vertex -1.53673 -18.0553 7.39866
      vertex -1.34972 -18.0022 7.543
    endloop
  endfacet
  facet normal -0.0966083 -0.906825 0.410288
    outer loop
      vertex -1.51379 -17.7857 8
      vertex -2.26727 -17.7054 8
      vertex -1.95039 -18.1626 7.06409
    endloop
  endfacet
  facet normal -0.0966083 -0.906825 0.410288
    outer loop
      vertex -1.53673 -18.0553 7.39866
      vertex -1.51379 -17.7857 8
      vertex -1.95039 -18.1626 7.06409
    endloop
  endfacet
  facet normal -0.096609 -0.906825 0.410288
    outer loop
      vertex -2.26727 -17.7054 8
      vertex -2.33872 -18.2634 6.75
      vertex -1.95039 -18.1626 7.06409
    endloop
  endfacet
  facet normal -0.135009 -0.901907 0.410288
    outer loop
      vertex -2.26727 -17.7054 8
      vertex -3.01666 -17.5932 8
      vertex -2.73155 -18.0444 7.10211
    endloop
  endfacet
  facet normal -0.135009 -0.901907 0.410288
    outer loop
      vertex -2.33872 -18.2634 6.75
      vertex -2.26727 -17.7054 8
      vertex -2.73155 -18.0444 7.10211
    endloop
  endfacet
  facet normal -0.135009 -0.901907 0.410288
    outer loop
      vertex -3.01666 -17.5932 8
      vertex -3.0624 -17.86 7.39867
      vertex -2.73155 -18.0444 7.10211
    endloop
  endfacet
  facet normal -0.173165 -0.895365 0.410288
    outer loop
      vertex -3.01666 -17.5932 8
      vertex -3.76062 -17.4494 8
      vertex -3.0624 -17.86 7.39867
    endloop
  endfacet
  facet normal -0.211009 -0.887209 0.410288
    outer loop
      vertex -3.76062 -17.4494 8
      vertex -4.19061 -17.866 6.87798
      vertex -3.95024 -18.3292 6
    endloop
  endfacet
  facet normal -0.211009 -0.887209 0.410288
    outer loop
      vertex -3.76062 -17.4494 8
      vertex -4.49781 -17.274 8
      vertex -4.37269 -17.5151 7.543
    endloop
  endfacet
  facet normal -0.211009 -0.887209 0.410288
    outer loop
      vertex -4.49781 -17.274 8
      vertex -4.56599 -17.5359 7.39867
      vertex -4.37269 -17.5151 7.543
    endloop
  endfacet
  facet normal -0.248473 -0.877454 0.410288
    outer loop
      vertex -4.49781 -17.274 8
      vertex -5.22689 -17.0676 8
      vertex -4.99183 -17.5718 7.06409
    endloop
  endfacet
  facet normal -0.248473 -0.877454 0.410288
    outer loop
      vertex -4.56599 -17.5359 7.39867
      vertex -4.49781 -17.274 8
      vertex -4.99183 -17.5718 7.06409
    endloop
  endfacet
  facet normal -0.248474 -0.877454 0.410288
    outer loop
      vertex -5.22689 -17.0676 8
      vertex -5.3916 -17.6054 6.75
      vertex -4.99183 -17.5718 7.06409
    endloop
  endfacet
  facet normal -0.28549 -0.866118 0.410288
    outer loop
      vertex -5.22689 -17.0676 8
      vertex -5.94654 -16.8304 8
      vertex -5.74177 -17.3232 7.10211
    endloop
  endfacet
  facet normal -0.28549 -0.866118 0.410288
    outer loop
      vertex -5.3916 -17.6054 6.75
      vertex -5.22689 -17.0676 8
      vertex -5.74177 -17.3232 7.10211
    endloop
  endfacet
  facet normal -0.285489 -0.866118 0.410288
    outer loop
      vertex -5.94654 -16.8304 8
      vertex -6.03669 -17.0855 7.39867
      vertex -5.74177 -17.3232 7.10211
    endloop
  endfacet
  facet normal -0.321991 -0.853221 0.410288
    outer loop
      vertex -5.94654 -16.8304 8
      vertex -6.65549 -16.5628 8
      vertex -6.03669 -17.0855 7.39867
    endloop
  endfacet
  facet normal -0.357912 -0.838786 0.410288
    outer loop
      vertex -6.65549 -16.5628 8
      vertex -7.1497 -16.9008 6.87798
      vertex -6.99106 -17.3979 6
    endloop
  endfacet
  facet normal -0.357912 -0.838786 0.410288
    outer loop
      vertex -6.65549 -16.5628 8
      vertex -7.35244 -16.2654 8
      vertex -7.26986 -16.5242 7.543
    endloop
  endfacet
  facet normal -0.357913 -0.838786 0.410288
    outer loop
      vertex -7.35244 -16.2654 8
      vertex -7.4639 -16.512 7.39867
      vertex -7.26986 -16.5242 7.543
    endloop
  endfacet
  facet normal -0.393189 -0.82284 0.410288
    outer loop
      vertex -7.35244 -16.2654 8
      vertex -8.03614 -15.9387 8
      vertex -7.88967 -16.4754 7.06409
    endloop
  endfacet
  facet normal -0.393189 -0.82284 0.410288
    outer loop
      vertex -7.4639 -16.512 7.39867
      vertex -7.35244 -16.2654 8
      vertex -7.88967 -16.4754 7.06409
    endloop
  endfacet
  facet normal -0.393189 -0.82284 0.410288
    outer loop
      vertex -8.03614 -15.9387 8
      vertex -8.28938 -16.441 6.75
      vertex -7.88967 -16.4754 7.06409
    endloop
  endfacet
  facet normal -0.427758 -0.805411 0.410288
    outer loop
      vertex -8.03614 -15.9387 8
      vertex -8.70535 -15.5833 8
      vertex -8.58682 -16.1037 7.10211
    endloop
  endfacet
  facet normal -0.427758 -0.805411 0.410288
    outer loop
      vertex -8.28938 -16.441 6.75
      vertex -8.03614 -15.9387 8
      vertex -8.58682 -16.1037 7.10211
    endloop
  endfacet
  facet normal -0.427757 -0.805411 0.410288
    outer loop
      vertex -8.70535 -15.5833 8
      vertex -8.83733 -15.8195 7.39867
      vertex -8.58682 -16.1037 7.10211
    endloop
  endfacet
  facet normal -0.461555 -0.786531 0.410288
    outer loop
      vertex -8.70535 -15.5833 8
      vertex -9.35888 -15.1998 8
      vertex -8.83733 -15.8195 7.39867
    endloop
  endfacet
  facet normal -0.49452 -0.766233 0.410288
    outer loop
      vertex -9.35888 -15.1998 8
      vertex -9.9031 -15.4494 6.87798
      vertex -9.83076 -15.9662 6
    endloop
  endfacet
  facet normal -0.49452 -0.766233 0.410288
    outer loop
      vertex -9.35888 -15.1998 8
      vertex -9.99555 -14.7889 8
      vertex -9.9579 -15.0579 7.543
    endloop
  endfacet
  facet normal -0.49452 -0.766233 0.410288
    outer loop
      vertex -9.99555 -14.7889 8
      vertex -10.1471 -15.0131 7.39867
      vertex -9.9579 -15.0579 7.543
    endloop
  endfacet
  facet normal -0.526594 -0.744555 0.410288
    outer loop
      vertex -9.99555 -14.7889 8
      vertex -10.6142 -14.3513 8
      vertex -10.5605 -14.905 7.06409
    endloop
  endfacet
  facet normal -0.526594 -0.744555 0.410288
    outer loop
      vertex -10.1471 -15.0131 7.39867
      vertex -9.99555 -14.7889 8
      vertex -10.5605 -14.905 7.06409
    endloop
  endfacet
  facet normal -0.526595 -0.744555 0.410288
    outer loop
      vertex -10.6142 -14.3513 8
      vertex -10.9487 -14.8036 6.75
      vertex -10.5605 -14.905 7.06409
    endloop
  endfacet
  facet normal -0.55772 -0.721535 0.410288
    outer loop
      vertex -10.6142 -14.3513 8
      vertex -11.2137 -13.8879 8
      vertex -11.1848 -14.4208 7.10211
    endloop
  endfacet
  facet normal -0.55772 -0.721535 0.410288
    outer loop
      vertex -10.9487 -14.8036 6.75
      vertex -10.6142 -14.3513 8
      vertex -11.1848 -14.4208 7.10211
    endloop
  endfacet
  facet normal -0.55772 -0.721535 0.410288
    outer loop
      vertex -11.2137 -13.8879 8
      vertex -11.3837 -14.0985 7.39867
      vertex -11.1848 -14.4208 7.10211
    endloop
  endfacet
  facet normal -0.58784 -0.697215 0.410288
    outer loop
      vertex -11.2137 -13.8879 8
      vertex -11.793 -13.3995 8
      vertex -11.3837 -14.0985 7.39867
    endloop
  endfacet
  facet normal -0.616902 -0.671637 0.410288
    outer loop
      vertex -12.3716 -13.5535 6.87798
      vertex -12.3877 -14.0751 6
      vertex -11.793 -13.3995 8
    endloop
  endfacet
  facet normal -0.616902 -0.671637 0.410288
    outer loop
      vertex -12.3511 -12.8869 8
      vertex -12.3595 -13.1584 7.543
      vertex -11.793 -13.3995 8
    endloop
  endfacet
  facet normal -0.616901 -0.671638 0.410288
    outer loop
      vertex -12.3511 -12.8869 8
      vertex -12.5383 -13.0823 7.39866
      vertex -12.3595 -13.1584 7.543
    endloop
  endfacet
  facet normal -0.64485 -0.64485 0.410288
    outer loop
      vertex -12.3511 -12.8869 8
      vertex -12.8869 -12.3511 8
      vertex -12.5383 -13.0823 7.39866
    endloop
  endfacet
  facet normal -0.64485 -0.64485 0.410288
    outer loop
      vertex -12.5383 -13.0823 7.39866
      vertex -12.8869 -12.3511 8
      vertex -13.293 -12.7403 6.75
    endloop
  endfacet
  facet normal -0.671637 -0.616901 0.410288
    outer loop
      vertex -13.4611 -12.3232 7.10211
      vertex -13.293 -12.7403 6.75
      vertex -13.3995 -11.793 8
    endloop
  endfacet
  facet normal -0.671637 -0.616901 0.410288
    outer loop
      vertex -13.3995 -11.793 8
      vertex -13.293 -12.7403 6.75
      vertex -12.8869 -12.3511 8
    endloop
  endfacet
  facet normal -0.671638 -0.616901 0.410288
    outer loop
      vertex -13.3995 -11.793 8
      vertex -13.6026 -11.9718 7.39867
      vertex -13.4611 -12.3232 7.10211
    endloop
  endfacet
  facet normal -0.697215 -0.58784 0.410288
    outer loop
      vertex -13.3995 -11.793 8
      vertex -13.8879 -11.2137 8
      vertex -13.6026 -11.9718 7.39867
    endloop
  endfacet
  facet normal -0.721535 -0.55772 0.410288
    outer loop
      vertex -14.4842 -11.2677 6.87798
      vertex -14.5882 -11.7791 6
      vertex -13.8879 -11.2137 8
    endloop
  endfacet
  facet normal -0.721535 -0.55772 0.410288
    outer loop
      vertex -14.3513 -10.6142 8
      vertex -14.4055 -10.8804 7.543
      vertex -13.8879 -11.2137 8
    endloop
  endfacet
  facet normal -0.721535 -0.55772 0.410288
    outer loop
      vertex -14.3513 -10.6142 8
      vertex -14.5689 -10.7751 7.39867
      vertex -14.4055 -10.8804 7.543
    endloop
  endfacet
  facet normal -0.744555 -0.526594 0.410288
    outer loop
      vertex -14.9228 -10.5355 7.06409
      vertex -14.5689 -10.7751 7.39867
      vertex -14.7889 -9.99555 8
    endloop
  endfacet
  facet normal -0.744555 -0.526594 0.410288
    outer loop
      vertex -14.7889 -9.99555 8
      vertex -14.5689 -10.7751 7.39867
      vertex -14.3513 -10.6142 8
    endloop
  endfacet
  facet normal -0.744555 -0.526595 0.410288
    outer loop
      vertex -14.7889 -9.99555 8
      vertex -15.2549 -10.3105 6.75
      vertex -14.9228 -10.5355 7.06409
    endloop
  endfacet
  facet normal -0.766233 -0.49452 0.410288
    outer loop
      vertex -15.3501 -9.87097 7.10211
      vertex -15.2549 -10.3105 6.75
      vertex -15.1998 -9.35888 8
    endloop
  endfacet
  facet normal -0.766233 -0.49452 0.410288
    outer loop
      vertex -15.1998 -9.35888 8
      vertex -15.2549 -10.3105 6.75
      vertex -14.7889 -9.99555 8
    endloop
  endfacet
  facet normal -0.766233 -0.49452 0.410288
    outer loop
      vertex -15.1998 -9.35888 8
      vertex -15.4302 -9.50076 7.39867
      vertex -15.3501 -9.87097 7.10211
    endloop
  endfacet
  facet normal -0.786531 -0.461555 0.410288
    outer loop
      vertex -15.1998 -9.35888 8
      vertex -15.5833 -8.70535 8
      vertex -15.4302 -9.50076 7.39867
    endloop
  endfacet
  facet normal -0.805411 -0.427758 0.410288
    outer loop
      vertex -16.1801 -8.65782 6.87798
      vertex -16.369 -9.14428 6
      vertex -15.5833 -8.70535 8
    endloop
  endfacet
  facet normal -0.805411 -0.427758 0.410288
    outer loop
      vertex -15.9387 -8.03614 8
      vertex -16.037 -8.28935 7.543
      vertex -15.5833 -8.70535 8
    endloop
  endfacet
  facet normal -0.805411 -0.427757 0.410288
    outer loop
      vertex -15.9387 -8.03614 8
      vertex -16.1804 -8.15796 7.39867
      vertex -16.037 -8.28935 7.543
    endloop
  endfacet
  facet normal -0.82284 -0.393189 0.410288
    outer loop
      vertex -16.4886 -7.86199 7.06409
      vertex -16.1804 -8.15796 7.39867
      vertex -16.2654 -7.35244 8
    endloop
  endfacet
  facet normal -0.82284 -0.393189 0.410288
    outer loop
      vertex -16.2654 -7.35244 8
      vertex -16.1804 -8.15796 7.39867
      vertex -15.9387 -8.03614 8
    endloop
  endfacet
  facet normal -0.82284 -0.393189 0.410288
    outer loop
      vertex -16.2654 -7.35244 8
      vertex -16.778 -7.58413 6.75
      vertex -16.4886 -7.86199 7.06409
    endloop
  endfacet
  facet normal -0.838787 -0.357912 0.410288
    outer loop
      vertex -16.7975 -7.13481 7.10211
      vertex -16.778 -7.58413 6.75
      vertex -16.5628 -6.65549 8
    endloop
  endfacet
  facet normal -0.838787 -0.357912 0.410288
    outer loop
      vertex -16.5628 -6.65549 8
      vertex -16.778 -7.58413 6.75
      vertex -16.2654 -7.35244 8
    endloop
  endfacet
  facet normal -0.838786 -0.357913 0.410288
    outer loop
      vertex -16.5628 -6.65549 8
      vertex -16.8139 -6.75638 7.39867
      vertex -16.7975 -7.13481 7.10211
    endloop
  endfacet
  facet normal 0.406365 0.0427106 0.912712
    outer loop
      vertex -14.7823 -1.19718 8
      vertex -12.7772 -0.770979 7.08732
      vertex -14.8996 -0.0813728 8
    endloop
  endfacet
  facet normal 0.406365 0.0427106 0.912712
    outer loop
      vertex -14.8996 -0.0813728 8
      vertex -12.7772 -0.770979 7.08732
      vertex -12.8582 0 7.08732
    endloop
  endfacet
  facet normal 0.406365 0.0427106 0.912712
    outer loop
      vertex -14.9081 0 8
      vertex -14.8996 -0.0813728 8
      vertex -12.8582 0 7.08732
    endloop
  endfacet
  facet normal 0.388605 0.126266 0.912712
    outer loop
      vertex -14.757 -1.275 8
      vertex -12.5376 -1.50826 7.08732
      vertex -12.7772 -0.770979 7.08732
    endloop
  endfacet
  facet normal 0.388605 0.126266 0.912712
    outer loop
      vertex -14.7823 -1.19718 8
      vertex -14.757 -1.275 8
      vertex -12.7772 -0.770979 7.08732
    endloop
  endfacet
  facet normal 0.388605 0.126266 0.912712
    outer loop
      vertex -14.4103 -2.34204 8
      vertex -12.5376 -1.50826 7.08732
      vertex -14.757 -1.275 8
    endloop
  endfacet
  facet normal 0.353861 0.204302 0.912712
    outer loop
      vertex -14.3694 -2.41289 8
      vertex -12.15 -2.17963 7.08732
      vertex -12.5376 -1.50826 7.08732
    endloop
  endfacet
  facet normal 0.353861 0.204302 0.912712
    outer loop
      vertex -14.4103 -2.34204 8
      vertex -14.3694 -2.41289 8
      vertex -12.5376 -1.50826 7.08732
    endloop
  endfacet
  facet normal 0.353861 0.204302 0.912712
    outer loop
      vertex -13.8084 -3.38453 8
      vertex -12.15 -2.17963 7.08732
      vertex -14.3694 -2.41289 8
    endloop
  endfacet
  facet normal 0.303652 0.273409 0.912712
    outer loop
      vertex -13.7537 -3.44534 8
      vertex -11.6313 -2.75573 7.08732
      vertex -12.15 -2.17963 7.08732
    endloop
  endfacet
  facet normal 0.303652 0.273409 0.912712
    outer loop
      vertex -13.8084 -3.38453 8
      vertex -13.7537 -3.44534 8
      vertex -12.15 -2.17963 7.08732
    endloop
  endfacet
  facet normal 0.303652 0.273409 0.912712
    outer loop
      vertex -13.0029 -4.27911 8
      vertex -11.6313 -2.75573 7.08732
      vertex -13.7537 -3.44534 8
    endloop
  endfacet
  facet normal 0.240171 0.330568 0.912712
    outer loop
      vertex -12.9367 -4.32721 8
      vertex -11.0041 -3.2114 7.08732
      vertex -11.6313 -2.75573 7.08732
    endloop
  endfacet
  facet normal 0.240171 0.330568 0.912712
    outer loop
      vertex -13.0029 -4.27911 8
      vertex -12.9367 -4.32721 8
      vertex -11.6313 -2.75573 7.08732
    endloop
  endfacet
  facet normal 0.240171 0.330568 0.912712
    outer loop
      vertex -12.0291 -4.98667 8
      vertex -11.0041 -3.2114 7.08732
      vertex -12.9367 -4.32721 8
    endloop
  endfacet
  facet normal 0.166194 0.373278 0.912712
    outer loop
      vertex -11.9543 -5.01995 8
      vertex -10.2959 -3.52671 7.08732
      vertex -11.0041 -3.2114 7.08732
    endloop
  endfacet
  facet normal 0.166194 0.373278 0.912712
    outer loop
      vertex -12.0291 -4.98667 8
      vertex -11.9543 -5.01995 8
      vertex -11.0041 -3.2114 7.08732
    endloop
  endfacet
  facet normal 0.166194 0.373278 0.912712
    outer loop
      vertex -10.9294 -5.47629 8
      vertex -10.2959 -3.52671 7.08732
      vertex -11.9543 -5.01995 8
    endloop
  endfacet
  facet normal 0.0849533 0.399675 0.912712
    outer loop
      vertex -10.8493 -5.4933 8
      vertex -9.53761 -3.68789 7.08732
      vertex -10.2959 -3.52671 7.08732
    endloop
  endfacet
  facet normal 0.0849533 0.399675 0.912712
    outer loop
      vertex -10.9294 -5.47629 8
      vertex -10.8493 -5.4933 8
      vertex -10.2959 -3.52671 7.08732
    endloop
  endfacet
  facet normal 0.0849534 0.399675 0.912712
    outer loop
      vertex -9.75189 -5.72657 8
      vertex -9.53761 -3.68789 7.08732
      vertex -10.8493 -5.4933 8
    endloop
  endfacet
  facet normal 0 0.408604 0.912712
    outer loop
      vertex -8.54811 -5.72657 8
      vertex -8.76239 -3.68789 7.08732
      vertex -9.53761 -3.68789 7.08732
    endloop
  endfacet
  facet normal 0 0.408604 0.912712
    outer loop
      vertex -9.75189 -5.72657 8
      vertex -8.54811 -5.72657 8
      vertex -9.53761 -3.68789 7.08732
    endloop
  endfacet
  facet normal -0.0849533 0.399675 0.912712
    outer loop
      vertex -8.54811 -5.72657 8
      vertex -8.46808 -5.70956 8
      vertex -8.0041 -3.52671 7.08732
    endloop
  endfacet
  facet normal -0.0849533 0.399675 0.912712
    outer loop
      vertex -8.76239 -3.68789 7.08732
      vertex -8.54811 -5.72657 8
      vertex -8.0041 -3.52671 7.08732
    endloop
  endfacet
  facet normal -0.0849534 0.399675 0.912712
    outer loop
      vertex -7.37065 -5.47629 8
      vertex -8.0041 -3.52671 7.08732
      vertex -8.46808 -5.70956 8
    endloop
  endfacet
  facet normal -0.166194 0.373278 0.912712
    outer loop
      vertex -7.37065 -5.47629 8
      vertex -7.2959 -5.44301 8
      vertex -7.2959 -3.2114 7.08732
    endloop
  endfacet
  facet normal -0.166194 0.373278 0.912712
    outer loop
      vertex -8.0041 -3.52671 7.08732
      vertex -7.37065 -5.47629 8
      vertex -7.2959 -3.2114 7.08732
    endloop
  endfacet
  facet normal -0.166194 0.373278 0.912712
    outer loop
      vertex -6.27094 -4.98667 8
      vertex -7.2959 -3.2114 7.08732
      vertex -7.2959 -5.44301 8
    endloop
  endfacet
  facet normal -0.240171 0.330568 0.912712
    outer loop
      vertex -6.27094 -4.98667 8
      vertex -6.20475 -4.93858 8
      vertex -6.66873 -2.75573 7.08732
    endloop
  endfacet
  facet normal -0.240171 0.330568 0.912712
    outer loop
      vertex -7.2959 -3.2114 7.08732
      vertex -6.27094 -4.98667 8
      vertex -6.66873 -2.75573 7.08732
    endloop
  endfacet
  facet normal -0.240171 0.330568 0.912712
    outer loop
      vertex -6.20475 -4.93858 8
      vertex -5.29707 -4.27911 8
      vertex -6.66873 -2.75573 7.08732
    endloop
  endfacet
  facet normal -0.303652 0.273409 0.912712
    outer loop
      vertex -5.29707 -4.27911 8
      vertex -5.24232 -4.21831 8
      vertex -6.15 -2.17963 7.08732
    endloop
  endfacet
  facet normal -0.303652 0.273409 0.912712
    outer loop
      vertex -6.66873 -2.75573 7.08732
      vertex -5.29707 -4.27911 8
      vertex -6.15 -2.17963 7.08732
    endloop
  endfacet
  facet normal -0.303652 0.273409 0.912712
    outer loop
      vertex -5.24232 -4.21831 8
      vertex -4.49159 -3.38453 8
      vertex -6.15 -2.17963 7.08732
    endloop
  endfacet
  facet normal -0.353861 0.204302 0.912712
    outer loop
      vertex -4.49159 -3.38453 8
      vertex -4.45068 -3.31368 8
      vertex -5.76239 -1.50826 7.08732
    endloop
  endfacet
  facet normal -0.353861 0.204302 0.912712
    outer loop
      vertex -6.15 -2.17963 7.08732
      vertex -4.49159 -3.38453 8
      vertex -5.76239 -1.50826 7.08732
    endloop
  endfacet
  facet normal -0.353861 0.204302 0.912712
    outer loop
      vertex -4.45068 -3.31368 8
      vertex -3.8897 -2.34204 8
      vertex -5.76239 -1.50826 7.08732
    endloop
  endfacet
  facet normal -0.388605 0.126266 0.912712
    outer loop
      vertex -3.8897 -2.34204 8
      vertex -3.86442 -2.26422 8
      vertex -5.52283 -0.770979 7.08732
    endloop
  endfacet
  facet normal -0.388605 0.126266 0.912712
    outer loop
      vertex -5.76239 -1.50826 7.08732
      vertex -3.8897 -2.34204 8
      vertex -5.52283 -0.770979 7.08732
    endloop
  endfacet
  facet normal -0.388605 0.126266 0.912712
    outer loop
      vertex -3.86442 -2.26422 8
      vertex -3.51772 -1.19718 8
      vertex -5.52283 -0.770979 7.08732
    endloop
  endfacet
  facet normal -0.406365 0.0427106 0.912712
    outer loop
      vertex -3.51772 -1.19718 8
      vertex -3.50916 -1.11581 8
      vertex -5.4418 0 7.08732
    endloop
  endfacet
  facet normal -0.406365 0.0427106 0.912712
    outer loop
      vertex -5.52283 -0.770979 7.08732
      vertex -3.51772 -1.19718 8
      vertex -5.4418 0 7.08732
    endloop
  endfacet
  facet normal -0.406365 0.0427106 0.912712
    outer loop
      vertex -3.50916 -1.11581 8
      vertex -3.39189 0 8
      vertex -5.4418 0 7.08732
    endloop
  endfacet
  facet normal -0.406365 -0.0427106 0.912712
    outer loop
      vertex -5.4418 0 7.08732
      vertex -3.39189 0 8
      vertex -3.40044 0.0813728 8
    endloop
  endfacet
  facet normal -0.406365 -0.0427106 0.912712
    outer loop
      vertex -5.52283 0.770979 7.08732
      vertex -5.4418 0 7.08732
      vertex -3.40044 0.0813728 8
    endloop
  endfacet
  facet normal -0.406365 -0.0427106 0.912712
    outer loop
      vertex -3.40044 0.0813728 8
      vertex -3.51772 1.19718 8
      vertex -5.52283 0.770979 7.08732
    endloop
  endfacet
  facet normal -0.388605 -0.126266 0.912712
    outer loop
      vertex -5.52283 0.770979 7.08732
      vertex -3.51772 1.19718 8
      vertex -3.543 1.275 8
    endloop
  endfacet
  facet normal -0.388605 -0.126266 0.912712
    outer loop
      vertex -5.76239 1.50826 7.08732
      vertex -5.52283 0.770979 7.08732
      vertex -3.543 1.275 8
    endloop
  endfacet
  facet normal -0.388605 -0.126266 0.912712
    outer loop
      vertex -3.543 1.275 8
      vertex -3.8897 2.34204 8
      vertex -5.76239 1.50826 7.08732
    endloop
  endfacet
  facet normal -0.353861 -0.204302 0.912712
    outer loop
      vertex -5.76239 1.50826 7.08732
      vertex -3.8897 2.34204 8
      vertex -3.93061 2.41289 8
    endloop
  endfacet
  facet normal -0.353861 -0.204302 0.912712
    outer loop
      vertex -6.15 2.17963 7.08732
      vertex -5.76239 1.50826 7.08732
      vertex -3.93061 2.41289 8
    endloop
  endfacet
  facet normal -0.353861 -0.204302 0.912712
    outer loop
      vertex -3.93061 2.41289 8
      vertex -4.49159 3.38453 8
      vertex -6.15 2.17963 7.08732
    endloop
  endfacet
  facet normal -0.303652 -0.273409 0.912712
    outer loop
      vertex -6.15 2.17963 7.08732
      vertex -4.49159 3.38453 8
      vertex -4.54634 3.44534 8
    endloop
  endfacet
  facet normal -0.303652 -0.273409 0.912712
    outer loop
      vertex -6.66873 2.75573 7.08732
      vertex -6.15 2.17963 7.08732
      vertex -4.54634 3.44534 8
    endloop
  endfacet
  facet normal -0.303652 -0.273409 0.912712
    outer loop
      vertex -4.54634 3.44534 8
      vertex -5.29707 4.27911 8
      vertex -6.66873 2.75573 7.08732
    endloop
  endfacet
  facet normal -0.240171 -0.330568 0.912712
    outer loop
      vertex -6.66873 2.75573 7.08732
      vertex -5.29707 4.27911 8
      vertex -5.36326 4.32721 8
    endloop
  endfacet
  facet normal -0.240171 -0.330568 0.912712
    outer loop
      vertex -7.2959 3.2114 7.08732
      vertex -6.66873 2.75573 7.08732
      vertex -5.36326 4.32721 8
    endloop
  endfacet
  facet normal -0.240171 -0.330568 0.912712
    outer loop
      vertex -5.36326 4.32721 8
      vertex -6.27094 4.98667 8
      vertex -7.2959 3.2114 7.08732
    endloop
  endfacet
  facet normal -0.166194 -0.373278 0.912712
    outer loop
      vertex -7.2959 3.2114 7.08732
      vertex -6.27094 4.98667 8
      vertex -6.34569 5.01995 8
    endloop
  endfacet
  facet normal -0.166194 -0.373278 0.912712
    outer loop
      vertex -8.0041 3.52671 7.08732
      vertex -7.2959 3.2114 7.08732
      vertex -6.34569 5.01995 8
    endloop
  endfacet
  facet normal -0.166194 -0.373278 0.912712
    outer loop
      vertex -6.34569 5.01995 8
      vertex -7.37065 5.47629 8
      vertex -8.0041 3.52671 7.08732
    endloop
  endfacet
  facet normal -0.0849533 -0.399675 0.912712
    outer loop
      vertex -8.0041 3.52671 7.08732
      vertex -7.37065 5.47629 8
      vertex -7.45068 5.4933 8
    endloop
  endfacet
  facet normal -0.0849533 -0.399675 0.912712
    outer loop
      vertex -8.76239 3.68789 7.08732
      vertex -8.0041 3.52671 7.08732
      vertex -7.45068 5.4933 8
    endloop
  endfacet
  facet normal -0.0849534 -0.399675 0.912712
    outer loop
      vertex -7.45068 5.4933 8
      vertex -8.54811 5.72657 8
      vertex -8.76239 3.68789 7.08732
    endloop
  endfacet
  facet normal 0 -0.408604 0.912712
    outer loop
      vertex -9.53761 3.68789 7.08732
      vertex -8.76239 3.68789 7.08732
      vertex -8.54811 5.72657 8
    endloop
  endfacet
  facet normal 0 -0.408604 0.912712
    outer loop
      vertex -9.75189 5.72657 8
      vertex -9.53761 3.68789 7.08732
      vertex -8.54811 5.72657 8
    endloop
  endfacet
  facet normal 0.0849533 -0.399675 0.912712
    outer loop
      vertex -9.53761 3.68789 7.08732
      vertex -9.75189 5.72657 8
      vertex -9.83192 5.70956 8
    endloop
  endfacet
  facet normal 0.0849533 -0.399675 0.912712
    outer loop
      vertex -10.2959 3.52671 7.08732
      vertex -9.53761 3.68789 7.08732
      vertex -9.83192 5.70956 8
    endloop
  endfacet
  facet normal 0.0849534 -0.399675 0.912712
    outer loop
      vertex -10.2959 3.52671 7.08732
      vertex -9.83192 5.70956 8
      vertex -10.9294 5.47629 8
    endloop
  endfacet
  facet normal 0.166194 -0.373278 0.912712
    outer loop
      vertex -10.2959 3.52671 7.08732
      vertex -10.9294 5.47629 8
      vertex -11.0041 5.44301 8
    endloop
  endfacet
  facet normal 0.166194 -0.373278 0.912712
    outer loop
      vertex -11.0041 3.2114 7.08732
      vertex -10.2959 3.52671 7.08732
      vertex -11.0041 5.44301 8
    endloop
  endfacet
  facet normal 0.166194 -0.373278 0.912712
    outer loop
      vertex -11.0041 3.2114 7.08732
      vertex -11.0041 5.44301 8
      vertex -12.0291 4.98667 8
    endloop
  endfacet
  facet normal 0.240171 -0.330568 0.912712
    outer loop
      vertex -11.6313 2.75573 7.08732
      vertex -11.0041 3.2114 7.08732
      vertex -12.0291 4.98667 8
    endloop
  endfacet
  facet normal 0.240171 -0.330568 0.912712
    outer loop
      vertex -12.0953 4.93858 8
      vertex -11.6313 2.75573 7.08732
      vertex -12.0291 4.98667 8
    endloop
  endfacet
  facet normal 0.240171 -0.330568 0.912712
    outer loop
      vertex -11.6313 2.75573 7.08732
      vertex -12.0953 4.93858 8
      vertex -13.0029 4.27911 8
    endloop
  endfacet
  facet normal 0.303652 -0.273409 0.912712
    outer loop
      vertex -12.15 2.17963 7.08732
      vertex -11.6313 2.75573 7.08732
      vertex -13.0029 4.27911 8
    endloop
  endfacet
  facet normal 0.303652 -0.273409 0.912712
    outer loop
      vertex -13.0577 4.21831 8
      vertex -12.15 2.17963 7.08732
      vertex -13.0029 4.27911 8
    endloop
  endfacet
  facet normal 0.303652 -0.273409 0.912712
    outer loop
      vertex -12.15 2.17963 7.08732
      vertex -13.0577 4.21831 8
      vertex -13.8084 3.38453 8
    endloop
  endfacet
  facet normal 0.353861 -0.204302 0.912712
    outer loop
      vertex -12.5376 1.50826 7.08732
      vertex -12.15 2.17963 7.08732
      vertex -13.8084 3.38453 8
    endloop
  endfacet
  facet normal 0.353861 -0.204302 0.912712
    outer loop
      vertex -13.8493 3.31368 8
      vertex -12.5376 1.50826 7.08732
      vertex -13.8084 3.38453 8
    endloop
  endfacet
  facet normal 0.353861 -0.204302 0.912712
    outer loop
      vertex -12.5376 1.50826 7.08732
      vertex -13.8493 3.31368 8
      vertex -14.4103 2.34204 8
    endloop
  endfacet
  facet normal 0.388605 -0.126266 0.912712
    outer loop
      vertex -12.7772 0.770979 7.08732
      vertex -12.5376 1.50826 7.08732
      vertex -14.4103 2.34204 8
    endloop
  endfacet
  facet normal 0.388605 -0.126266 0.912712
    outer loop
      vertex -14.4356 2.26422 8
      vertex -12.7772 0.770979 7.08732
      vertex -14.4103 2.34204 8
    endloop
  endfacet
  facet normal 0.388605 -0.126266 0.912712
    outer loop
      vertex -12.7772 0.770979 7.08732
      vertex -14.4356 2.26422 8
      vertex -14.7823 1.19718 8
    endloop
  endfacet
  facet normal 0.406365 -0.0427106 0.912712
    outer loop
      vertex -12.8582 0 7.08732
      vertex -12.7772 0.770979 7.08732
      vertex -14.7823 1.19718 8
    endloop
  endfacet
  facet normal 0.406365 -0.0427106 0.912712
    outer loop
      vertex -14.7908 1.11581 8
      vertex -12.8582 0 7.08732
      vertex -14.7823 1.19718 8
    endloop
  endfacet
  facet normal 0.406365 -0.0427106 0.912712
    outer loop
      vertex -12.8582 0 7.08732
      vertex -14.7908 1.11581 8
      vertex -14.9081 0 8
    endloop
  endfacet
  facet normal 0.198778 0.0645868 0.977914
    outer loop
      vertex -12.5376 -1.50826 7.08732
      vertex -10.2959 -0.510187 6.56574
      vertex -12.7772 -0.770979 7.08732
    endloop
  endfacet
  facet normal 0.207862 0.0218472 0.977914
    outer loop
      vertex -12.7772 -0.770979 7.08732
      vertex -10.3769 -0.260792 6.56574
      vertex -12.8582 0 7.08732
    endloop
  endfacet
  facet normal 0.198778 0.0645865 0.977914
    outer loop
      vertex -10.2959 -0.510187 6.56574
      vertex -10.3769 -0.260792 6.56574
      vertex -12.7772 -0.770979 7.08732
    endloop
  endfacet
  facet normal 0.207862 -0.0218472 0.977914
    outer loop
      vertex -10.4043 0 6.56574
      vertex -12.7772 0.770979 7.08732
      vertex -12.8582 0 7.08732
    endloop
  endfacet
  facet normal 0.207862 0.0218477 0.977914
    outer loop
      vertex -10.3769 -0.260792 6.56574
      vertex -10.4043 0 6.56574
      vertex -12.8582 0 7.08732
    endloop
  endfacet
  facet normal 0.181006 0.104504 0.977914
    outer loop
      vertex -12.15 -2.17963 7.08732
      vertex -10.1648 -0.737283 6.56574
      vertex -12.5376 -1.50826 7.08732
    endloop
  endfacet
  facet normal 0.181006 0.104504 0.977914
    outer loop
      vertex -10.1648 -0.737283 6.56574
      vertex -10.2959 -0.510187 6.56574
      vertex -12.5376 -1.50826 7.08732
    endloop
  endfacet
  facet normal 0.155323 0.139853 0.977914
    outer loop
      vertex -11.6313 -2.75573 7.08732
      vertex -9.98932 -0.932157 6.56574
      vertex -12.15 -2.17963 7.08732
    endloop
  endfacet
  facet normal 0.155322 0.139853 0.977914
    outer loop
      vertex -9.98932 -0.932157 6.56574
      vertex -10.1648 -0.737283 6.56574
      vertex -12.15 -2.17963 7.08732
    endloop
  endfacet
  facet normal 0.122851 0.16909 0.977914
    outer loop
      vertex -11.0041 -3.2114 7.08732
      vertex -9.77717 -1.08629 6.56574
      vertex -11.6313 -2.75573 7.08732
    endloop
  endfacet
  facet normal 0.122852 0.16909 0.977914
    outer loop
      vertex -9.77717 -1.08629 6.56574
      vertex -9.98932 -0.932157 6.56574
      vertex -11.6313 -2.75573 7.08732
    endloop
  endfacet
  facet normal 0.0850109 0.190938 0.977914
    outer loop
      vertex -10.2959 -3.52671 7.08732
      vertex -9.53761 -1.19295 6.56574
      vertex -11.0041 -3.2114 7.08732
    endloop
  endfacet
  facet normal 0.0850108 0.190938 0.977914
    outer loop
      vertex -9.53761 -1.19295 6.56574
      vertex -9.77717 -1.08629 6.56574
      vertex -11.0041 -3.2114 7.08732
    endloop
  endfacet
  facet normal 0.0434549 0.20444 0.977914
    outer loop
      vertex -9.53761 -3.68789 7.08732
      vertex -9.28111 -1.24747 6.56574
      vertex -10.2959 -3.52671 7.08732
    endloop
  endfacet
  facet normal 0.0434546 0.20444 0.977914
    outer loop
      vertex -9.28111 -1.24747 6.56574
      vertex -9.53761 -1.19295 6.56574
      vertex -10.2959 -3.52671 7.08732
    endloop
  endfacet
  facet normal 0 0.209007 0.977914
    outer loop
      vertex -8.76239 -3.68789 7.08732
      vertex -9.01889 -1.24747 6.56574
      vertex -9.28111 -1.24747 6.56574
    endloop
  endfacet
  facet normal 0 0.209007 0.977914
    outer loop
      vertex -9.53761 -3.68789 7.08732
      vertex -8.76239 -3.68789 7.08732
      vertex -9.28111 -1.24747 6.56574
    endloop
  endfacet
  facet normal -0.0434549 0.20444 0.977914
    outer loop
      vertex -8.0041 -3.52671 7.08732
      vertex -8.76239 -1.19295 6.56574
      vertex -8.76239 -3.68789 7.08732
    endloop
  endfacet
  facet normal -0.0434546 0.20444 0.977914
    outer loop
      vertex -8.76239 -3.68789 7.08732
      vertex -8.76239 -1.19295 6.56574
      vertex -9.01889 -1.24747 6.56574
    endloop
  endfacet
  facet normal -0.085011 0.190938 0.977914
    outer loop
      vertex -8.0041 -3.52671 7.08732
      vertex -7.2959 -3.2114 7.08732
      vertex -8.52283 -1.08629 6.56574
    endloop
  endfacet
  facet normal -0.0850108 0.190938 0.977914
    outer loop
      vertex -8.0041 -3.52671 7.08732
      vertex -8.52283 -1.08629 6.56574
      vertex -8.76239 -1.19295 6.56574
    endloop
  endfacet
  facet normal -0.122851 0.16909 0.977914
    outer loop
      vertex -7.2959 -3.2114 7.08732
      vertex -6.66873 -2.75573 7.08732
      vertex -8.31068 -0.932157 6.56574
    endloop
  endfacet
  facet normal -0.122852 0.16909 0.977914
    outer loop
      vertex -7.2959 -3.2114 7.08732
      vertex -8.31068 -0.932157 6.56574
      vertex -8.52283 -1.08629 6.56574
    endloop
  endfacet
  facet normal -0.155323 0.139853 0.977914
    outer loop
      vertex -6.66873 -2.75573 7.08732
      vertex -6.15 -2.17963 7.08732
      vertex -8.13522 -0.737283 6.56574
    endloop
  endfacet
  facet normal -0.155322 0.139853 0.977914
    outer loop
      vertex -6.66873 -2.75573 7.08732
      vertex -8.13522 -0.737283 6.56574
      vertex -8.31068 -0.932157 6.56574
    endloop
  endfacet
  facet normal -0.181006 0.104504 0.977914
    outer loop
      vertex -6.15 -2.17963 7.08732
      vertex -5.76239 -1.50826 7.08732
      vertex -8.0041 -0.510187 6.56574
    endloop
  endfacet
  facet normal -0.181006 0.104504 0.977914
    outer loop
      vertex -6.15 -2.17963 7.08732
      vertex -8.0041 -0.510187 6.56574
      vertex -8.13522 -0.737283 6.56574
    endloop
  endfacet
  facet normal -0.198778 0.0645868 0.977914
    outer loop
      vertex -5.76239 -1.50826 7.08732
      vertex -5.52283 -0.770979 7.08732
      vertex -7.92307 -0.260792 6.56574
    endloop
  endfacet
  facet normal -0.198778 0.0645865 0.977914
    outer loop
      vertex -5.76239 -1.50826 7.08732
      vertex -7.92307 -0.260792 6.56574
      vertex -8.0041 -0.510187 6.56574
    endloop
  endfacet
  facet normal -0.207862 0.0218472 0.977914
    outer loop
      vertex -5.52283 -0.770979 7.08732
      vertex -5.4418 0 7.08732
      vertex -7.89566 0 6.56574
    endloop
  endfacet
  facet normal -0.207862 0.0218477 0.977914
    outer loop
      vertex -5.52283 -0.770979 7.08732
      vertex -7.89566 0 6.56574
      vertex -7.92307 -0.260792 6.56574
    endloop
  endfacet
  facet normal -0.207862 -0.0218477 0.977914
    outer loop
      vertex -7.89566 0 6.56574
      vertex -5.4418 0 7.08732
      vertex -7.92307 0.260792 6.56574
    endloop
  endfacet
  facet normal -0.207862 -0.0218472 0.977914
    outer loop
      vertex -5.4418 0 7.08732
      vertex -5.52283 0.770979 7.08732
      vertex -7.92307 0.260792 6.56574
    endloop
  endfacet
  facet normal -0.198778 -0.0645868 0.977914
    outer loop
      vertex -5.52283 0.770979 7.08732
      vertex -5.76239 1.50826 7.08732
      vertex -8.0041 0.510187 6.56574
    endloop
  endfacet
  facet normal -0.198778 -0.0645865 0.977914
    outer loop
      vertex -7.92307 0.260792 6.56574
      vertex -5.52283 0.770979 7.08732
      vertex -8.0041 0.510187 6.56574
    endloop
  endfacet
  facet normal -0.181006 -0.104504 0.977914
    outer loop
      vertex -5.76239 1.50826 7.08732
      vertex -6.15 2.17963 7.08732
      vertex -8.13522 0.737283 6.56574
    endloop
  endfacet
  facet normal -0.181006 -0.104504 0.977914
    outer loop
      vertex -8.0041 0.510187 6.56574
      vertex -5.76239 1.50826 7.08732
      vertex -8.13522 0.737283 6.56574
    endloop
  endfacet
  facet normal -0.155323 -0.139853 0.977914
    outer loop
      vertex -6.15 2.17963 7.08732
      vertex -6.66873 2.75573 7.08732
      vertex -8.31068 0.932157 6.56574
    endloop
  endfacet
  facet normal -0.155322 -0.139853 0.977914
    outer loop
      vertex -8.13522 0.737283 6.56574
      vertex -6.15 2.17963 7.08732
      vertex -8.31068 0.932157 6.56574
    endloop
  endfacet
  facet normal -0.122851 -0.16909 0.977914
    outer loop
      vertex -6.66873 2.75573 7.08732
      vertex -7.2959 3.2114 7.08732
      vertex -8.52283 1.08629 6.56574
    endloop
  endfacet
  facet normal -0.122852 -0.16909 0.977914
    outer loop
      vertex -8.31068 0.932157 6.56574
      vertex -6.66873 2.75573 7.08732
      vertex -8.52283 1.08629 6.56574
    endloop
  endfacet
  facet normal -0.0850109 -0.190938 0.977914
    outer loop
      vertex -7.2959 3.2114 7.08732
      vertex -8.0041 3.52671 7.08732
      vertex -8.76239 1.19295 6.56574
    endloop
  endfacet
  facet normal -0.0850108 -0.190938 0.977914
    outer loop
      vertex -8.52283 1.08629 6.56574
      vertex -7.2959 3.2114 7.08732
      vertex -8.76239 1.19295 6.56574
    endloop
  endfacet
  facet normal -0.0434549 -0.20444 0.977914
    outer loop
      vertex -8.0041 3.52671 7.08732
      vertex -8.76239 3.68789 7.08732
      vertex -9.01889 1.24747 6.56574
    endloop
  endfacet
  facet normal -0.0434546 -0.20444 0.977914
    outer loop
      vertex -8.76239 1.19295 6.56574
      vertex -8.0041 3.52671 7.08732
      vertex -9.01889 1.24747 6.56574
    endloop
  endfacet
  facet normal 0 -0.209007 0.977914
    outer loop
      vertex -9.28111 1.24747 6.56574
      vertex -9.01889 1.24747 6.56574
      vertex -8.76239 3.68789 7.08732
    endloop
  endfacet
  facet normal 0 -0.209007 0.977914
    outer loop
      vertex -9.53761 3.68789 7.08732
      vertex -9.28111 1.24747 6.56574
      vertex -8.76239 3.68789 7.08732
    endloop
  endfacet
  facet normal 0.0434549 -0.20444 0.977914
    outer loop
      vertex -9.53761 1.19295 6.56574
      vertex -9.53761 3.68789 7.08732
      vertex -10.2959 3.52671 7.08732
    endloop
  endfacet
  facet normal 0.0434546 -0.20444 0.977914
    outer loop
      vertex -9.28111 1.24747 6.56574
      vertex -9.53761 3.68789 7.08732
      vertex -9.53761 1.19295 6.56574
    endloop
  endfacet
  facet normal 0.085011 -0.190938 0.977914
    outer loop
      vertex -9.77717 1.08629 6.56574
      vertex -10.2959 3.52671 7.08732
      vertex -11.0041 3.2114 7.08732
    endloop
  endfacet
  facet normal 0.0850108 -0.190938 0.977914
    outer loop
      vertex -9.77717 1.08629 6.56574
      vertex -9.53761 1.19295 6.56574
      vertex -10.2959 3.52671 7.08732
    endloop
  endfacet
  facet normal 0.122851 -0.16909 0.977914
    outer loop
      vertex -9.98932 0.932157 6.56574
      vertex -11.0041 3.2114 7.08732
      vertex -11.6313 2.75573 7.08732
    endloop
  endfacet
  facet normal 0.122852 -0.16909 0.977914
    outer loop
      vertex -9.98932 0.932157 6.56574
      vertex -9.77717 1.08629 6.56574
      vertex -11.0041 3.2114 7.08732
    endloop
  endfacet
  facet normal 0.155323 -0.139853 0.977914
    outer loop
      vertex -10.1648 0.737283 6.56574
      vertex -11.6313 2.75573 7.08732
      vertex -12.15 2.17963 7.08732
    endloop
  endfacet
  facet normal 0.155322 -0.139853 0.977914
    outer loop
      vertex -10.1648 0.737283 6.56574
      vertex -9.98932 0.932157 6.56574
      vertex -11.6313 2.75573 7.08732
    endloop
  endfacet
  facet normal 0.181006 -0.104504 0.977914
    outer loop
      vertex -10.2959 0.510187 6.56574
      vertex -12.15 2.17963 7.08732
      vertex -12.5376 1.50826 7.08732
    endloop
  endfacet
  facet normal 0.181006 -0.104504 0.977914
    outer loop
      vertex -10.2959 0.510187 6.56574
      vertex -10.1648 0.737283 6.56574
      vertex -12.15 2.17963 7.08732
    endloop
  endfacet
  facet normal 0.198778 -0.0645868 0.977914
    outer loop
      vertex -10.3769 0.260792 6.56574
      vertex -12.5376 1.50826 7.08732
      vertex -12.7772 0.770979 7.08732
    endloop
  endfacet
  facet normal 0.198778 -0.0645865 0.977914
    outer loop
      vertex -10.3769 0.260792 6.56574
      vertex -10.2959 0.510187 6.56574
      vertex -12.5376 1.50826 7.08732
    endloop
  endfacet
  facet normal 0.207862 -0.0218477 0.977914
    outer loop
      vertex -10.4043 0 6.56574
      vertex -10.3769 0.260792 6.56574
      vertex -12.7772 0.770979 7.08732
    endloop
  endfacet
  facet normal 0 0 1
    outer loop
      vertex -10.3769 -0.260792 6.56574
      vertex -10.2959 -0.510187 6.56574
      vertex -10.1648 -0.737283 6.56574
    endloop
  endfacet
  facet normal 0 0 1
    outer loop
      vertex -9.77717 -1.08629 6.56574
      vertex -10.3769 -0.260792 6.56574
      vertex -9.98932 -0.932157 6.56574
    endloop
  endfacet
  facet normal 0 0 1
    outer loop
      vertex -9.98932 -0.932157 6.56574
      vertex -10.3769 -0.260792 6.56574
      vertex -10.1648 -0.737283 6.56574
    endloop
  endfacet
  facet normal 0 0 1
    outer loop
      vertex -9.53761 -1.19295 6.56574
      vertex -10.3769 -0.260792 6.56574
      vertex -9.77717 -1.08629 6.56574
    endloop
  endfacet
  facet normal 0 0 1
    outer loop
      vertex -9.28111 -1.24747 6.56574
      vertex -10.3769 -0.260792 6.56574
      vertex -9.53761 -1.19295 6.56574
    endloop
  endfacet
  facet normal 0 0 1
    outer loop
      vertex -9.01889 -1.24747 6.56574
      vertex -10.3769 -0.260792 6.56574
      vertex -9.28111 -1.24747 6.56574
    endloop
  endfacet
  facet normal 0 0 1
    outer loop
      vertex -8.76239 -1.19295 6.56574
      vertex -10.3769 -0.260792 6.56574
      vertex -9.01889 -1.24747 6.56574
    endloop
  endfacet
  facet normal 0 0 1
    outer loop
      vertex -8.52283 -1.08629 6.56574
      vertex -10.3769 -0.260792 6.56574
      vertex -8.76239 -1.19295 6.56574
    endloop
  endfacet
  facet normal 0 0 1
    outer loop
      vertex -8.31068 -0.932157 6.56574
      vertex -10.3769 -0.260792 6.56574
      vertex -8.52283 -1.08629 6.56574
    endloop
  endfacet
  facet normal 0 0 1
    outer loop
      vertex -8.13522 -0.737283 6.56574
      vertex -10.3769 -0.260792 6.56574
      vertex -8.31068 -0.932157 6.56574
    endloop
  endfacet
  facet normal 0 0 1
    outer loop
      vertex -8.0041 -0.510187 6.56574
      vertex -10.3769 -0.260792 6.56574
      vertex -8.13522 -0.737283 6.56574
    endloop
  endfacet
  facet normal 0 0 1
    outer loop
      vertex -7.92307 -0.260792 6.56574
      vertex -10.3769 -0.260792 6.56574
      vertex -8.0041 -0.510187 6.56574
    endloop
  endfacet
  facet normal 0 0 1
    outer loop
      vertex -7.89566 0 6.56574
      vertex -10.3769 -0.260792 6.56574
      vertex -7.92307 -0.260792 6.56574
    endloop
  endfacet
  facet normal 0 0 1
    outer loop
      vertex -7.92307 0.260792 6.56574
      vertex -10.3769 -0.260792 6.56574
      vertex -7.89566 0 6.56574
    endloop
  endfacet
  facet normal 0 0 1
    outer loop
      vertex -8.0041 0.510187 6.56574
      vertex -10.3769 -0.260792 6.56574
      vertex -7.92307 0.260792 6.56574
    endloop
  endfacet
  facet normal 0 0 1
    outer loop
      vertex -8.13522 0.737283 6.56574
      vertex -10.3769 -0.260792 6.56574
      vertex -8.0041 0.510187 6.56574
    endloop
  endfacet
  facet normal 0 0 1
    outer loop
      vertex -8.31068 0.932157 6.56574
      vertex -10.3769 -0.260792 6.56574
      vertex -8.13522 0.737283 6.56574
    endloop
  endfacet
  facet normal 0 0 1
    outer loop
      vertex -8.52283 1.08629 6.56574
      vertex -10.3769 -0.260792 6.56574
      vertex -8.31068 0.932157 6.56574
    endloop
  endfacet
  facet normal 0 0 1
    outer loop
      vertex -8.76239 1.19295 6.56574
      vertex -10.3769 -0.260792 6.56574
      vertex -8.52283 1.08629 6.56574
    endloop
  endfacet
  facet normal 0 0 1
    outer loop
      vertex -9.01889 1.24747 6.56574
      vertex -10.3769 -0.260792 6.56574
      vertex -8.76239 1.19295 6.56574
    endloop
  endfacet
  facet normal 0 0 1
    outer loop
      vertex -9.28111 1.24747 6.56574
      vertex -10.3769 -0.260792 6.56574
      vertex -9.01889 1.24747 6.56574
    endloop
  endfacet
  facet normal 0 0 1
    outer loop
      vertex -9.53761 1.19295 6.56574
      vertex -10.3769 -0.260792 6.56574
      vertex -9.28111 1.24747 6.56574
    endloop
  endfacet
  facet normal 0 0 1
    outer loop
      vertex -9.77717 1.08629 6.56574
      vertex -10.3769 -0.260792 6.56574
      vertex -9.53761 1.19295 6.56574
    endloop
  endfacet
  facet normal 0 0 1
    outer loop
      vertex -9.98932 0.932157 6.56574
      vertex -10.3769 -0.260792 6.56574
      vertex -9.77717 1.08629 6.56574
    endloop
  endfacet
  facet normal 0 0 1
    outer loop
      vertex -10.1648 0.737283 6.56574
      vertex -10.3769 -0.260792 6.56574
      vertex -9.98932 0.932157 6.56574
    endloop
  endfacet
  facet normal 0 0 1
    outer loop
      vertex -10.2959 0.510187 6.56574
      vertex -10.3769 -0.260792 6.56574
      vertex -10.1648 0.737283 6.56574
    endloop
  endfacet
  facet normal 0 0 1
    outer loop
      vertex -10.3769 0.260792 6.56574
      vertex -10.3769 -0.260792 6.56574
      vertex -10.2959 0.510187 6.56574
    endloop
  endfacet
  facet normal 0 0 1
    outer loop
      vertex -10.4043 0 6.56574
      vertex -10.3769 -0.260792 6.56574
      vertex -10.3769 0.260792 6.56574
    endloop
  endfacet
endsolid OpenSCAD_Model
